cycle,setting_1,setting_2,setting_3,sensor_1,sensor_2,sensor_3,sensor_4,sensor_5,sensor_6,sensor_7,sensor_8,sensor_9,sensor_10,sensor_11,sensor_12,sensor_13,sensor_14,sensor_15,sensor_16,sensor_17,sensor_18,sensor_19,sensor_20,sensor_21
127,-0.0019,0.0,100.0,518.67,642.61,1593.17,1414.05,14.62,21.61,552.66,2388.17,9038.78,1.3,47.67,520.51,2388.17,8122.34,8.4422,0.03,395,2388,100.0,38.9,23.1179
119,0.0023,-0.0001,100.0,518.67,642.35,1582.34,1402.35,14.62,21.61,553.79,2388.04,9058.95,1.3,47.49,522.06,2387.99,8140.54,8.4309,0.03,392,2388,100.0,39.12,23.4008
112,0.003,-0.0004,100.0,518.67,642.92,1589.1,1407.88,14.62,21.61,553.49,2388.08,9066.29,1.3,47.54,521.55,2388.11,8150.92,8.4388,0.03,395,2388,100.0,38.68,23.2873
28,0.0017,-0.0003,100.0,518.67,642.21,1581.71,1401.31,14.62,21.61,554.1,2388.05,9039.75,1.3,47.48,521.9,2388.1,8127.02,8.4521,0.03,392,2388,100.0,38.84,23.2769
36,0.0007,0.0005,100.0,518.67,642.04,1586.15,1392.32,14.62,21.61,554.08,2388.02,9070.39,1.3,47.32,522.49,2388.05,8150.78,8.4117,0.03,394,2388,100.0,38.89,23.4742
102,-0.0019,-0.0003,100.0,518.67,642.39,1582.43,1414.12,14.62,21.61,553.38,2388.12,9071.01,1.3,47.6,522.0,2388.12,8148.9,8.4199,0.03,393,2388,100.0,38.79,23.2869
148,0.0002,-0.0002,100.0,518.67,641.91,1589.12,1404.57,14.62,21.61,554.06,2388.01,9102.28,1.3,47.38,521.35,2388.1,8174.8,8.4605,0.03,393,2388,100.0,38.96,23.2572
95,0.0023,-0.0001,100.0,518.67,642.9,1594.15,1411.2,14.62,21.61,552.59,2388.15,9048.54,1.3,47.58,521.23,2388.12,8135.74,8.4576,0.03,393,2388,100.0,38.8,23.3051
211,-0.0027,0.0001,100.0,518.67,644.3,1601.47,1430.45,14.62,21.61,550.93,2388.31,9046.45,1.3,48.15,519.43,2388.33,8112.61,8.5185,0.03,396,2388,100.0,38.34,23.0511
40,0.001,-0.0002,100.0,518.67,641.68,1579.67,1405.19,14.62,21.61,553.48,2388.08,9047.11,1.3,47.43,521.81,2388.07,8130.77,8.4074,0.03,393,2388,100.0,38.9,23.4048
140,0.0003,0.0001,100.0,518.67,642.77,1593.08,1410.25,14.62,21.61,552.75,2388.17,9047.45,1.3,47.99,520.77,2388.21,8134.25,8.4807,0.03,395,2388,100.0,38.69,23.2421
122,-0.0027,-0.0003,100.0,518.67,643.37,1593.25,1422.75,14.62,21.61,551.66,2388.23,9045.52,1.3,48.04,520.64,2388.19,8123.3,8.499,0.03,394,2388,100.0,38.77,23.0424
164,0.0006,-0.0001,100.0,518.67,642.88,1599.02,1414.31,14.62,21.61,552.27,2388.15,9076.42,1.3,47.54,521.16,2388.16,8149.12,8.4744,0.03,396,2388,100.0,38.79,23.3309
81,0.0006,-0.0,100.0,518.67,642.4,1587.41,1397.92,14.62,21.61,553.76,2388.01,9057.15,1.3,47.24,522.5,2388.01,8136.81,8.3637,0.03,392,2388,100.0,39.13,23.3202
173,0.0011,-0.0005,100.0,518.67,642.9,1592.72,1413.52,14.62,21.61,553.1,2388.15,9072.47,1.3,47.8,520.79,2388.17,8139.47,8.4873,0.03,395,2388,100.0,38.54,23.2269
127,-0.0005,-0.0002,100.0,518.67,642.93,1587.23,1409.22,14.62,21.61,553.31,2388.14,9049.68,1.3,47.63,521.03,2388.17,8130.77,8.462,0.03,392,2388,100.0,38.75,23.1908
52,0.0047,-0.0004,100.0,518.67,642.55,1581.69,1395.74,14.62,21.61,554.45,2387.99,9068.46,1.3,47.38,522.11,2387.99,8145.66,8.3764,0.03,391,2388,100.0,38.95,23.4285
116,-0.0018,-0.0003,100.0,518.67,641.77,1585.28,1405.81,14.62,21.61,553.52,2388.09,9065.04,1.3,47.21,521.98,2388.05,8140.7,8.4002,0.03,394,2388,100.0,38.82,23.3915
38,-0.0,0.0003,100.0,518.67,642.85,1590.06,1410.74,14.62,21.61,553.3,2388.11,9047.23,1.3,47.44,521.35,2388.16,8125.61,8.4386,0.03,393,2388,100.0,38.79,23.2437
52,-0.0003,0.0003,100.0,518.67,642.87,1588.13,1406.8,14.62,21.61,553.53,2388.11,9057.31,1.3,47.54,521.72,2388.1,8141.28,8.4538,0.03,394,2388,100.0,38.84,23.3937
158,0.0048,0.0003,100.0,518.67,643.63,1600.27,1415.64,14.62,21.61,551.99,2388.21,9049.01,1.3,47.91,520.13,2388.21,8126.21,8.4946,0.03,394,2388,100.0,38.56,23.2017
136,-0.0007,-0.0001,100.0,518.67,641.96,1593.44,1411.99,14.62,21.61,553.61,2388.05,9074.17,1.3,47.46,521.9,2388.05,8146.82,8.4437,0.03,393,2388,100.0,38.84,23.2707
29,0.0028,0.0004,100.0,518.67,642.29,1592.54,1409.44,14.62,21.61,553.22,2388.1,9057.23,1.3,47.48,521.35,2388.08,8132.79,8.4622,0.03,393,2388,100.0,38.75,23.2615
164,-0.0019,-0.0001,100.0,518.67,642.56,1591.76,1397.82,14.62,21.61,554.5,2388.05,9081.97,1.3,47.55,521.95,2388.06,8154.55,8.431,0.03,392,2388,100.0,38.9,23.3994
99,-0.0039,-0.0001,100.0,518.67,642.75,1590.26,1405.13,14.62,21.61,553.15,2388.17,9047.66,1.3,47.56,521.7,2388.15,8125.26,8.4651,0.03,392,2388,100.0,39.0,23.2346
173,0.0029,-0.0004,100.0,518.67,642.22,1591.75,1404.02,14.62,21.61,554.15,2388.06,9077.61,1.3,47.55,521.61,2388.08,8154.79,8.4108,0.03,392,2388,100.0,38.66,23.3108
228,0.0016,-0.0001,100.0,518.67,642.75,1588.39,1413.37,14.62,21.61,552.45,2388.2,9056.58,1.3,47.76,520.56,2388.18,8134.53,8.488,0.03,396,2388,100.0,38.63,23.0398
178,0.0011,-0.0003,100.0,518.67,643.31,1595.94,1421.72,14.62,21.61,552.46,2388.16,9090.79,1.3,47.68,520.36,2388.11,8158.11,8.4617,0.03,394,2388,100.0,38.62,23.1246
73,0.0029,-0.0004,100.0,518.67,641.84,1583.63,1396.76,14.62,21.61,554.28,2388.01,9062.43,1.3,47.2,522.38,2388.03,8153.11,8.416,0.03,393,2388,100.0,38.9,23.3652
57,0.0005,-0.0002,100.0,518.67,642.22,1586.82,1402.28,14.62,21.61,553.2,2388.07,9069.0,1.3,47.22,521.75,2388.04,8147.13,8.4153,0.03,392,2388,100.0,38.91,23.2453
43,-0.0013,-0.0005,100.0,518.67,642.91,1594.7,1414.93,14.62,21.61,553.25,2388.15,9048.21,1.3,47.74,521.57,2388.11,8129.49,8.4202,0.03,394,2388,100.0,38.81,23.3326
120,-0.0019,0.0002,100.0,518.67,643.69,1596.67,1412.09,14.62,21.61,552.52,2388.16,9070.72,1.3,47.66,521.19,2388.17,8144.69,8.4549,0.03,394,2388,100.0,38.72,23.3413
42,-0.0009,0.0002,100.0,518.67,643.1,1595.98,1408.09,14.62,21.61,553.46,2388.14,9049.36,1.3,47.45,521.43,2388.09,8127.29,8.4744,0.03,392,2388,100.0,38.84,23.3908
71,0.0005,0.0005,100.0,518.67,642.71,1590.43,1404.46,14.62,21.61,554.25,2388.04,9065.41,1.3,47.25,521.98,2388.05,8151.44,8.4377,0.03,392,2388,100.0,38.84,23.2443
138,0.0018,-0.0001,100.0,518.67,642.84,1596.23,1409.83,14.62,21.61,552.69,2388.19,9054.72,1.3,47.92,520.45,2388.19,8135.41,8.4553,0.03,395,2388,100.0,38.46,23.0984
67,0.0011,-0.0,100.0,518.67,641.7,1583.79,1393.19,14.62,21.61,554.03,2388.06,9059.25,1.3,47.23,522.16,2388.04,8135.64,8.3752,0.03,391,2388,100.0,39.05,23.4128
177,-0.0047,0.0003,100.0,518.67,642.83,1595.84,1408.22,14.62,21.61,553.54,2388.07,9147.59,1.3,47.43,521.46,2388.08,8212.23,8.4358,0.03,396,2388,100.0,38.89,23.186
161,0.0017,0.0,100.0,518.67,643.29,1603.18,1414.32,14.62,21.61,552.06,2388.19,9084.16,1.3,47.78,520.61,2388.18,8155.26,8.5063,0.03,394,2388,100.0,38.61,23.2349
11,0.0032,0.0,100.0,518.67,641.99,1585.7,1393.19,14.62,21.61,553.77,2387.97,9068.79,1.3,47.34,522.38,2388.02,8150.89,8.4186,0.03,392,2388,100.0,38.92,23.4027
206,0.0008,0.0003,100.0,518.67,643.38,1602.32,1427.63,14.62,21.61,551.2,2388.3,9038.97,1.3,47.98,520.06,2388.32,8113.42,8.5299,0.03,395,2388,100.0,38.45,22.9684
167,-0.0004,-0.0004,100.0,518.67,642.51,1594.18,1413.16,14.62,21.61,553.33,2388.15,9047.54,1.3,47.82,521.22,2388.12,8129.03,8.4583,0.03,393,2388,100.0,38.8,23.2131
129,0.0017,0.0002,100.0,518.67,642.76,1594.6,1407.09,14.62,21.61,554.07,2388.16,9075.13,1.3,47.58,521.52,2388.1,8153.58,8.4436,0.03,393,2388,100.0,38.78,23.224
147,-0.0005,-0.0001,100.0,518.67,642.5,1596.01,1413.98,14.62,21.61,553.18,2388.11,9089.73,1.3,47.71,520.64,2388.19,8169.58,8.4693,0.03,394,2388,100.0,38.69,23.1364
121,0.0003,-0.0001,100.0,518.67,642.49,1586.86,1405.8,14.62,21.61,553.97,2388.04,9061.73,1.3,47.49,521.67,2388.06,8136.69,8.4424,0.03,393,2388,100.0,39.08,23.3898
127,0.0009,0.0004,100.0,518.67,642.8,1587.91,1405.41,14.62,21.61,553.21,2388.12,9058.88,1.3,47.28,521.4,2388.14,8134.68,8.4353,0.03,394,2388,100.0,38.88,23.2303
135,0.0025,0.0,100.0,518.67,643.13,1598.99,1425.2,14.62,21.61,552.94,2388.25,9042.27,1.3,47.88,519.73,2388.24,8120.63,8.4988,0.03,396,2388,100.0,38.49,23.2025
89,0.0036,0.0004,100.0,518.67,641.9,1583.74,1408.61,14.62,21.61,553.24,2388.0,9072.02,1.3,47.24,521.69,2388.03,8150.95,8.3915,0.03,393,2388,100.0,39.1,23.4192
91,-0.0002,-0.0,100.0,518.67,642.47,1589.57,1407.24,14.62,21.61,552.62,2388.11,9054.59,1.3,47.51,521.41,2388.11,8140.43,8.4123,0.03,395,2388,100.0,38.76,23.2504
201,0.0011,0.0003,100.0,518.67,643.12,1589.61,1410.95,14.62,21.61,552.45,2388.11,9081.99,1.3,47.68,520.93,2388.11,8150.91,8.4511,0.03,394,2388,100.0,38.79,23.2072
132,-0.0,-0.0001,100.0,518.67,642.67,1591.88,1420.67,14.62,21.61,552.88,2388.16,9079.68,1.3,47.72,521.15,2388.16,8154.86,8.4676,0.03,394,2388,100.0,38.77,23.2358
205,0.0018,0.0002,100.0,518.67,643.68,1604.14,1422.42,14.62,21.61,552.21,2388.31,9037.35,1.3,48.04,520.52,2388.21,8111.45,8.5177,0.03,396,2388,100.0,38.35,23.1404
62,0.0025,0.0005,100.0,518.67,642.93,1588.92,1406.65,14.62,21.61,552.12,2388.11,9048.93,1.3,47.55,520.66,2388.17,8122.81,8.4369,0.03,393,2388,100.0,38.74,23.1837
46,0.0005,-0.0005,100.0,518.67,642.3,1588.39,1404.44,14.62,21.61,553.59,2388.08,9051.27,1.3,47.4,521.79,2388.12,8129.26,8.4243,0.03,392,2388,100.0,38.87,23.2873
89,0.0008,-0.0001,100.0,518.67,642.24,1584.73,1402.22,14.62,21.61,553.91,2388.05,9055.24,1.3,47.46,521.55,2388.08,8135.15,8.4489,0.03,392,2388,100.0,38.95,23.3288
51,0.0015,-0.0,100.0,518.67,642.46,1585.51,1403.97,14.62,21.61,553.5,2388.03,9061.72,1.3,47.26,521.98,2388.02,8144.26,8.4146,0.03,392,2388,100.0,39.06,23.3559
26,-0.0049,-0.0004,100.0,518.67,642.53,1588.38,1403.23,14.62,21.61,553.76,2388.14,9046.36,1.3,47.22,521.51,2388.11,8123.58,8.4541,0.03,394,2388,100.0,38.76,23.3465
16,0.0039,0.0001,100.0,518.67,642.12,1585.54,1396.67,14.62,21.61,553.85,2388.08,9054.29,1.3,47.59,521.86,2388.08,8135.14,8.3955,0.03,392,2388,100.0,38.92,23.409
119,0.0002,0.0,100.0,518.67,642.8,1597.84,1423.39,14.62,21.61,553.25,2388.13,9057.04,1.3,47.62,520.5,2388.12,8139.12,8.4728,0.03,393,2388,100.0,38.64,23.2475
48,0.0001,-0.0004,100.0,518.67,642.57,1595.62,1402.47,14.62,21.61,553.98,2388.04,9053.25,1.3,47.27,522.08,2388.07,8129.58,8.4369,0.03,392,2388,100.0,38.82,23.4053
193,-0.0007,0.0001,100.0,518.67,643.1,1599.46,1426.24,14.62,21.61,551.57,2388.28,9054.04,1.3,47.94,519.45,2388.32,8133.32,8.4697,0.03,395,2388,100.0,38.46,23.0865
86,-0.0017,0.0,100.0,518.67,643.0,1590.6,1409.38,14.62,21.61,553.97,2388.06,9062.41,1.3,47.48,521.7,2388.08,8147.5,8.432,0.03,392,2388,100.0,38.77,23.2928
74,-0.0049,-0.0001,100.0,518.67,642.74,1598.76,1403.81,14.62,21.61,553.61,2388.1,9060.95,1.3,47.5,521.59,2388.1,8148.09,8.4559,0.03,394,2388,100.0,38.81,23.4572
2,0.0015,0.0001,100.0,518.67,642.91,1585.97,1414.86,14.62,21.61,553.02,2388.13,9058.39,1.3,47.55,521.29,2388.14,8137.99,8.4227,0.03,392,2388,100.0,38.63,23.3334
4,0.0007,0.0,100.0,518.67,642.35,1582.79,1401.87,14.62,21.61,554.45,2388.11,9049.48,1.3,47.13,522.86,2388.08,8133.83,8.3682,0.03,392,2388,100.0,38.88,23.3739
148,0.0038,0.0002,100.0,518.67,642.3,1587.05,1403.75,14.62,21.61,554.27,2388.04,9057.08,1.3,47.47,521.65,2388.04,8142.45,8.4229,0.03,393,2388,100.0,39.08,23.3833
210,0.0013,0.0004,100.0,518.67,643.15,1599.74,1422.91,14.62,21.61,551.93,2388.18,9080.53,1.3,48.04,520.95,2388.07,8155.62,8.4341,0.03,394,2388,100.0,38.48,23.1272
6,0.0023,-0.0,100.0,518.67,642.46,1585.34,1402.43,14.62,21.61,553.63,2388.01,9056.24,1.3,47.48,521.56,2387.97,8143.26,8.4073,0.03,391,2388,100.0,38.87,23.2987
105,-0.0024,0.0001,100.0,518.67,642.8,1593.44,1417.15,14.62,21.61,553.08,2388.15,9039.67,1.3,47.57,521.15,2388.19,8126.44,8.4692,0.03,394,2388,100.0,38.72,23.1672
5,0.0064,-0.0002,100.0,518.67,642.81,1584.77,1410.35,14.62,21.61,553.07,2388.06,9045.8,1.3,47.68,521.47,2388.11,8126.65,8.4478,0.03,393,2388,100.0,39.04,23.3366
96,-0.0011,-0.0001,100.0,518.67,642.54,1587.07,1404.55,14.62,21.61,553.94,2388.14,9037.76,1.3,47.52,521.18,2388.18,8131.23,8.4481,0.03,392,2388,100.0,38.7,23.355
219,0.0004,0.0001,100.0,518.67,643.37,1594.68,1423.53,14.62,21.61,551.57,2388.22,9051.27,1.3,48.15,520.34,2388.27,8126.04,8.4898,0.03,395,2388,100.0,38.63,23.1122
45,0.0001,0.0003,100.0,518.67,642.91,1593.34,1414.97,14.62,21.61,553.38,2388.08,9060.31,1.3,47.83,521.22,2388.15,8134.65,8.4486,0.03,393,2388,100.0,38.77,23.2148
128,0.001,-0.0004,100.0,518.67,643.27,1597.19,1418.92,14.62,21.61,552.56,2388.15,9081.87,1.3,47.77,520.88,2388.15,8161.47,8.448,0.03,395,2388,100.0,38.87,23.2494
35,0.0016,0.0001,100.0,518.67,642.73,1590.73,1401.12,14.62,21.61,553.35,2388.09,9049.13,1.3,47.47,521.84,2388.13,8126.07,8.4416,0.03,393,2388,100.0,38.88,23.3107
34,-0.0,-0.0002,100.0,518.67,642.06,1583.92,1402.45,14.62,21.61,554.57,2387.98,9062.56,1.3,47.52,522.71,2388.03,8144.14,8.4162,0.03,390,2388,100.0,39.04,23.3417
7,-0.0022,-0.0,100.0,518.67,642.67,1588.0,1402.33,14.62,21.61,554.02,2388.09,9053.91,1.3,47.42,522.39,2388.03,8134.71,8.4504,0.03,393,2388,100.0,38.68,23.3219
99,0.0004,-0.0001,100.0,518.67,641.79,1583.97,1399.98,14.62,21.61,555.34,2388.02,9063.92,1.3,47.11,522.05,2388.02,8142.63,8.4057,0.03,392,2388,100.0,38.94,23.4756
56,0.0004,-0.0005,100.0,518.67,642.49,1583.25,1400.81,14.62,21.61,554.53,2388.02,9059.72,1.3,47.07,522.57,2387.98,8140.18,8.3857,0.03,391,2388,100.0,38.97,23.4216
113,-0.003,0.0,100.0,518.67,641.95,1584.21,1404.74,14.62,21.61,554.07,2388.01,9049.1,1.3,47.23,522.1,2387.99,8141.12,8.3994,0.03,391,2388,100.0,39.12,23.5029
109,-0.0014,-0.0003,100.0,518.67,642.63,1585.81,1395.54,14.62,21.61,554.13,2388.09,9075.54,1.3,47.56,522.13,2388.07,8149.43,8.4272,0.03,393,2388,100.0,38.89,23.4292
129,0.0015,-0.0005,100.0,518.67,642.25,1594.04,1421.01,14.62,21.61,553.44,2388.11,9055.94,1.3,47.79,521.6,2388.13,8137.32,8.4173,0.03,393,2388,100.0,38.82,23.242
186,0.0036,0.0003,100.0,518.67,642.74,1595.82,1418.46,14.62,21.61,553.31,2388.08,9107.87,1.3,47.65,521.17,2388.11,8181.8,8.4536,0.03,395,2388,100.0,38.66,23.2067
42,-0.0005,0.0001,100.0,518.67,642.19,1592.9,1406.41,14.62,21.61,553.84,2388.09,9045.86,1.3,47.58,522.03,2388.15,8129.88,8.4398,0.03,393,2388,100.0,38.77,23.2234
120,-0.0014,-0.0003,100.0,518.67,642.44,1588.55,1401.07,14.62,21.61,554.27,2388.02,9068.99,1.3,47.31,522.27,2388.0,8161.43,8.4052,0.03,392,2388,100.0,38.88,23.4132
13,-0.0024,0.0004,100.0,518.67,642.46,1588.36,1407.31,14.62,21.61,553.57,2388.1,9042.18,1.3,47.35,521.36,2388.1,8118.26,8.4268,0.03,395,2388,100.0,38.67,23.357
106,0.0001,-0.0003,100.0,518.67,642.17,1587.18,1401.05,14.62,21.61,554.75,2388.05,9056.12,1.3,47.2,522.07,2388.07,8143.08,8.3646,0.03,392,2388,100.0,38.92,23.3532
119,0.0029,0.0001,100.0,518.67,642.8,1589.61,1406.24,14.62,21.61,553.78,2388.07,9070.58,1.3,47.54,521.15,2388.09,8149.37,8.4605,0.03,394,2388,100.0,38.63,23.2639
134,0.0045,0.0002,100.0,518.67,643.07,1595.55,1409.25,14.62,21.61,553.89,2388.12,9066.03,1.3,47.54,521.2,2388.12,8138.46,8.479,0.03,396,2388,100.0,38.91,23.2728
5,-0.0022,-0.0001,100.0,518.67,642.14,1590.78,1403.11,14.62,21.61,553.69,2387.98,9063.56,1.3,47.34,521.59,2388.05,8137.8,8.3895,0.03,393,2388,100.0,38.81,23.3922
103,-0.0013,0.0001,100.0,518.67,642.21,1581.27,1403.21,14.62,21.61,553.64,2388.09,9053.28,1.3,47.57,521.41,2388.1,8124.4,8.4263,0.03,392,2388,100.0,38.69,23.4289
144,0.0024,0.0,100.0,518.67,642.46,1587.71,1408.9,14.62,21.61,553.28,2388.08,9069.98,1.3,47.85,521.36,2388.11,8145.25,8.4678,0.03,394,2388,100.0,38.9,23.3478
97,-0.0028,0.0001,100.0,518.67,642.24,1590.06,1406.45,14.62,21.61,553.88,2388.13,9054.91,1.3,47.33,522.13,2388.14,8140.81,8.425,0.03,393,2388,100.0,38.97,23.3445
71,-0.0021,-0.0,100.0,518.67,642.1,1583.49,1397.47,14.62,21.61,554.73,2387.99,9060.24,1.3,47.2,522.17,2387.99,8145.6,8.4295,0.03,391,2388,100.0,38.92,23.4197
21,-0.0013,0.0001,100.0,518.67,642.54,1592.01,1401.75,14.62,21.61,554.32,2388.04,9067.65,1.3,47.38,522.09,2388.01,8146.07,8.4377,0.03,392,2388,100.0,39.05,23.4713
20,-0.0037,0.0001,100.0,518.67,643.04,1581.11,1405.23,14.62,21.61,554.81,2388.05,9045.9,1.3,47.22,522.07,2388.02,8129.71,8.421,0.03,392,2388,100.0,39.03,23.422
35,0.0021,0.0004,100.0,518.67,642.42,1589.81,1407.29,14.62,21.61,553.29,2388.06,9050.06,1.3,47.47,521.72,2388.11,8127.01,8.4638,0.03,394,2388,100.0,38.82,23.375
120,0.001,-0.0,100.0,518.67,642.27,1589.65,1407.1,14.62,21.61,553.01,2388.09,9065.29,1.3,47.7,521.35,2388.07,8138.79,8.4432,0.03,393,2388,100.0,38.74,23.357
44,0.0011,0.0002,100.0,518.67,642.07,1590.7,1403.72,14.62,21.61,553.84,2388.04,9059.48,1.3,47.43,521.9,2388.08,8145.86,8.4063,0.03,393,2388,100.0,38.89,23.3815
131,-0.0013,0.0,100.0,518.67,643.07,1597.57,1418.82,14.62,21.61,552.14,2388.08,9090.13,1.3,47.82,521.22,2388.11,8164.86,8.4116,0.03,395,2388,100.0,38.67,23.1022
160,0.0021,-0.0,100.0,518.67,642.92,1587.93,1411.88,14.62,21.61,552.35,2388.18,9036.48,1.3,47.9,520.23,2388.22,8117.24,8.4974,0.03,394,2388,100.0,38.72,23.1987
96,0.0009,0.0004,100.0,518.67,642.46,1585.39,1402.07,14.62,21.61,554.26,2388.03,9067.52,1.3,47.31,522.2,2388.02,8153.6,8.4238,0.03,394,2388,100.0,38.89,23.3677
105,0.0002,0.0003,100.0,518.67,642.3,1586.0,1412.53,14.62,21.61,553.99,2388.02,9067.48,1.3,47.34,522.06,2388.06,8151.72,8.4046,0.03,392,2388,100.0,38.87,23.2925
39,-0.0012,-0.0003,100.0,518.67,642.27,1578.65,1399.7,14.62,21.61,554.13,2388.01,9060.11,1.3,47.12,522.61,2388.02,8143.77,8.4055,0.03,391,2388,100.0,38.94,23.4417
256,0.0006,0.0001,100.0,518.67,643.47,1592.48,1418.48,14.62,21.61,552.05,2388.18,9088.62,1.3,47.96,520.84,2388.15,8164.1,8.498,0.03,397,2388,100.0,38.64,23.1167
119,-0.0003,0.0003,100.0,518.67,642.56,1593.45,1418.44,14.62,21.61,552.95,2388.12,9056.77,1.3,47.7,521.01,2388.14,8136.4,8.4628,0.03,393,2388,100.0,38.78,23.2446
145,-0.0018,-0.0003,100.0,518.67,643.81,1605.52,1429.77,14.62,21.61,551.44,2388.3,9046.07,1.3,48.21,520.0,2388.3,8119.31,8.4883,0.03,397,2388,100.0,38.53,23.0049
39,-0.0049,-0.0003,100.0,518.67,642.56,1590.93,1398.15,14.62,21.61,552.88,2388.11,9055.27,1.3,47.41,521.35,2388.12,8132.76,8.4503,0.03,393,2388,100.0,38.74,23.3291
38,-0.0036,0.0,100.0,518.67,642.58,1598.22,1413.7,14.62,21.61,552.57,2388.16,9042.23,1.3,47.4,521.07,2388.14,8120.11,8.4316,0.03,393,2388,100.0,38.73,23.2314
132,-0.0011,-0.0004,100.0,518.67,642.36,1593.0,1399.16,14.62,21.61,554.46,2388.09,9058.48,1.3,47.26,521.69,2388.06,8134.18,8.3925,0.03,393,2388,100.0,38.81,23.3511
124,0.0025,0.0002,100.0,518.67,642.48,1587.14,1402.28,14.62,21.61,552.26,2388.13,9053.03,1.3,47.55,521.4,2388.13,8133.82,8.4416,0.03,393,2388,100.0,38.8,23.2341
138,0.0018,0.0005,100.0,518.67,643.14,1592.0,1405.07,14.62,21.61,553.75,2388.05,9063.69,1.3,47.46,521.81,2388.06,8144.55,8.4543,0.03,393,2388,100.0,38.7,23.3461
121,0.0012,0.0004,100.0,518.67,642.77,1593.2,1413.96,14.62,21.61,552.32,2388.16,9038.64,1.3,47.71,521.22,2388.16,8120.31,8.4833,0.03,394,2388,100.0,38.61,23.3283
94,-0.0036,0.0004,100.0,518.67,642.5,1588.54,1406.69,14.62,21.61,553.76,2388.16,9056.18,1.3,47.34,521.82,2388.07,8138.34,8.4313,0.03,392,2388,100.0,38.85,23.3703
29,-0.0013,0.0003,100.0,518.67,642.53,1589.68,1408.66,14.62,21.61,553.37,2388.07,9051.26,1.3,47.42,521.43,2388.06,8133.28,8.4321,0.03,392,2388,100.0,38.73,23.2784
61,-0.0015,0.0005,100.0,518.67,642.15,1582.39,1401.4,14.62,21.61,553.97,2387.99,9045.61,1.3,47.16,522.15,2387.98,8140.4,8.3743,0.03,392,2388,100.0,39.06,23.3362
24,-0.0012,0.0,100.0,518.67,642.12,1589.55,1408.37,14.62,21.61,553.21,2388.11,9045.53,1.3,47.28,521.38,2388.06,8123.64,8.4316,0.03,393,2388,100.0,38.84,23.3507
5,0.0021,-0.0001,100.0,518.67,642.38,1588.13,1399.72,14.62,21.61,553.64,2388.07,9049.37,1.3,47.29,520.93,2388.05,8129.83,8.4501,0.03,391,2388,100.0,38.8,23.297
61,-0.0024,0.0001,100.0,518.67,642.36,1586.95,1396.92,14.62,21.61,554.64,2388.01,9074.25,1.3,47.12,522.82,2388.03,8148.27,8.3844,0.03,391,2388,100.0,38.97,23.3773
79,-0.0007,-0.0004,100.0,518.67,642.64,1592.64,1402.89,14.62,21.61,553.41,2388.06,9071.46,1.3,47.47,521.52,2388.14,8141.85,8.4397,0.03,392,2388,100.0,38.91,23.4019
112,-0.0023,-0.0,100.0,518.67,643.1,1588.23,1396.6,14.62,21.61,553.98,2388.12,9058.46,1.3,47.54,521.48,2388.12,8139.87,8.4242,0.03,393,2388,100.0,38.84,23.2527
72,0.0028,0.0004,100.0,518.67,642.13,1589.23,1403.38,14.62,21.61,553.67,2388.04,9047.88,1.3,47.45,522.01,2388.11,8128.38,8.4149,0.03,394,2388,100.0,38.88,23.352
79,0.0017,0.0003,100.0,518.67,642.59,1588.06,1403.75,14.62,21.61,553.92,2388.06,9056.61,1.3,47.48,522.01,2388.04,8141.07,8.4301,0.03,391,2388,100.0,38.93,23.3814
23,0.0004,0.0002,100.0,518.67,641.98,1576.94,1396.29,14.62,21.61,554.09,2388.01,9063.67,1.3,47.11,521.93,2388.0,8145.87,8.3671,0.03,392,2388,100.0,39.1,23.4241
55,0.0011,-0.0,100.0,518.67,642.55,1587.69,1409.0,14.62,21.61,552.31,2388.14,9045.33,1.3,47.61,521.12,2388.13,8121.94,8.4465,0.03,393,2388,100.0,38.76,23.3119
47,0.0016,0.0002,100.0,518.67,642.78,1594.91,1404.75,14.62,21.61,553.26,2388.0,9061.25,1.3,47.48,522.25,2388.05,8142.54,8.438,0.03,391,2388,100.0,38.94,23.253
1,-0.0006,0.0005,100.0,518.67,641.89,1582.05,1399.41,14.62,21.61,554.88,2387.98,9063.7,1.3,47.15,522.36,2388.01,8140.09,8.3703,0.03,391,2388,100.0,39.27,23.4459
144,0.0004,0.0003,100.0,518.67,643.16,1594.72,1415.77,14.62,21.61,552.66,2388.15,9036.39,1.3,47.96,521.09,2388.26,8124.97,8.4619,0.03,393,2388,100.0,38.64,23.1958
196,0.0003,0.0004,100.0,518.67,642.64,1591.39,1408.59,14.62,21.61,554.31,2388.15,9054.2,1.3,47.43,522.02,2388.06,8139.28,8.4614,0.03,393,2388,100.0,39.04,23.3682
85,-0.0001,-0.0002,100.0,518.67,642.12,1578.89,1394.12,14.62,21.61,554.02,2388.01,9053.48,1.3,47.26,522.16,2388.01,8142.01,8.4396,0.03,391,2388,100.0,39.17,23.4975
28,-0.0018,-0.0,100.0,518.67,641.84,1584.15,1396.64,14.62,21.61,554.19,2387.99,9061.94,1.3,47.31,522.22,2388.01,8149.77,8.3955,0.03,392,2388,100.0,38.9,23.3685
135,-0.0015,0.0001,100.0,518.67,642.63,1589.76,1403.08,14.62,21.61,554.57,2388.06,9064.12,1.3,47.36,521.77,2388.06,8141.01,8.4094,0.03,393,2388,100.0,38.91,23.2903
131,-0.0002,0.0004,100.0,518.67,642.24,1588.51,1398.91,14.62,21.61,553.87,2387.96,9051.26,1.3,47.35,522.24,2388.05,8151.74,8.4148,0.03,392,2388,100.0,39.08,23.4255
201,0.0003,-0.0001,100.0,518.67,642.93,1599.22,1413.82,14.62,21.61,553.48,2388.04,9088.67,1.3,47.64,521.23,2388.13,8168.81,8.4575,0.03,394,2388,100.0,38.69,23.2093
31,0.0003,0.0,100.0,518.67,642.63,1584.36,1410.45,14.62,21.61,553.64,2388.09,9044.91,1.3,47.59,521.59,2388.12,8120.89,8.4893,0.03,393,2388,100.0,38.8,23.3203
175,-0.0006,0.0002,100.0,518.67,643.21,1596.61,1416.79,14.62,21.61,552.86,2388.05,9133.02,1.3,47.91,521.05,2388.12,8198.99,8.4566,0.03,395,2388,100.0,38.62,23.1741
90,-0.0015,-0.0003,100.0,518.67,641.75,1586.76,1401.33,14.62,21.61,554.14,2388.03,9062.75,1.3,47.3,521.86,2387.96,8145.51,8.429,0.03,393,2388,100.0,38.87,23.3823
50,-0.0013,0.0,100.0,518.67,642.89,1592.76,1409.34,14.62,21.61,553.74,2388.11,9053.83,1.3,47.61,521.04,2388.09,8134.3,8.436,0.03,394,2388,100.0,38.67,23.2642
87,0.0009,0.0004,100.0,518.67,642.27,1592.24,1410.28,14.62,21.61,553.21,2387.99,9070.24,1.3,47.51,521.54,2388.11,8146.31,8.3997,0.03,393,2388,100.0,38.79,23.3492
70,-0.0011,0.0005,100.0,518.67,642.53,1580.69,1405.25,14.62,21.61,554.11,2388.07,9045.98,1.3,47.29,521.4,2388.11,8130.79,8.438,0.03,392,2388,100.0,38.83,23.3551
43,0.0048,-0.0004,100.0,518.67,642.88,1583.12,1400.31,14.62,21.61,553.37,2388.08,9053.02,1.3,47.36,521.47,2388.09,8139.84,8.4191,0.03,393,2388,100.0,39.1,23.3145
231,0.0001,-0.0005,100.0,518.67,643.35,1595.99,1416.09,14.62,21.61,552.7,2388.1,9121.47,1.3,47.65,521.07,2388.16,8195.8,8.4704,0.03,395,2388,100.0,38.61,23.1995
62,0.0014,-0.0005,100.0,518.67,641.99,1585.13,1398.9,14.62,21.61,554.6,2387.97,9068.86,1.3,47.21,522.19,2388.01,8152.3,8.4505,0.03,392,2388,100.0,38.86,23.3696
12,-0.0045,0.0,100.0,518.67,643.03,1595.92,1408.37,14.62,21.61,553.59,2388.1,9047.06,1.3,47.35,521.44,2388.1,8128.02,8.4237,0.03,392,2388,100.0,38.97,23.4243
160,0.0021,0.0002,100.0,518.67,642.93,1597.49,1416.64,14.62,21.61,553.61,2388.14,9060.17,1.3,47.48,520.71,2388.13,8137.93,8.5068,0.03,394,2388,100.0,38.89,23.2727
125,-0.002,-0.0004,100.0,518.67,642.84,1588.86,1404.73,14.62,21.61,553.02,2388.03,9057.14,1.3,47.35,521.95,2388.12,8134.18,8.4329,0.03,393,2388,100.0,38.97,23.4524
17,-0.0019,0.0001,100.0,518.67,642.08,1588.75,1397.63,14.62,21.61,554.94,2387.94,9071.39,1.3,47.34,522.02,2387.99,8151.04,8.419,0.03,390,2388,100.0,38.93,23.404
12,-0.0001,-0.0001,100.0,518.67,642.52,1585.93,1397.69,14.62,21.61,553.24,2388.09,9042.41,1.3,47.28,521.51,2388.16,8127.79,8.4332,0.03,395,2388,100.0,38.99,23.1449
200,-0.0041,-0.0004,100.0,518.67,643.13,1592.04,1415.89,14.62,21.61,553.14,2388.1,9087.53,1.3,47.76,521.19,2388.12,8152.14,8.476,0.03,393,2388,100.0,38.78,23.2743
48,0.0027,0.0004,100.0,518.67,642.64,1586.67,1405.29,14.62,21.61,552.99,2388.11,9043.89,1.3,47.54,521.21,2388.13,8124.11,8.4406,0.03,392,2388,100.0,38.87,23.3222
88,-0.0006,-0.0002,100.0,518.67,642.55,1587.09,1406.99,14.62,21.61,553.72,2388.1,9065.76,1.3,47.57,520.8,2388.05,8152.01,8.4173,0.03,394,2388,100.0,38.76,23.2136
130,-0.0017,0.0001,100.0,518.67,642.87,1594.46,1416.55,14.62,21.61,552.83,2388.18,9067.21,1.3,47.75,520.6,2388.13,8143.2,8.4583,0.03,394,2388,100.0,38.64,23.2408
80,-0.0063,0.0001,100.0,518.67,642.28,1584.89,1396.54,14.62,21.6,554.02,2388.06,9057.38,1.3,47.25,522.26,2387.98,8139.3,8.4097,0.03,392,2388,100.0,39.02,23.4484
39,-0.0023,-0.0002,100.0,518.67,642.39,1582.69,1404.45,14.62,21.61,553.25,2388.1,9041.99,1.3,47.55,521.35,2388.11,8126.35,8.4512,0.03,393,2388,100.0,38.77,23.3319
126,-0.0008,0.0003,100.0,518.67,642.37,1590.08,1396.3,14.62,21.61,554.87,2388.04,9092.3,1.3,47.37,522.07,2388.09,8155.81,8.4042,0.03,392,2388,100.0,38.99,23.3313
117,-0.0007,0.0002,100.0,518.67,642.57,1588.76,1408.82,14.62,21.61,552.55,2388.2,9049.92,1.3,47.86,520.9,2388.2,8115.21,8.4469,0.03,393,2388,100.0,38.54,23.2127
113,-0.0023,0.0003,100.0,518.67,643.11,1591.08,1409.14,14.62,21.61,552.85,2388.1,9055.06,1.3,47.77,521.68,2388.12,8137.09,8.4547,0.03,394,2388,100.0,38.71,23.2357
187,-0.0022,-0.0003,100.0,518.67,642.9,1595.84,1423.67,14.62,21.61,552.53,2388.19,9067.04,1.3,47.91,520.64,2388.23,8135.22,8.5249,0.03,395,2388,100.0,38.4,23.1017
93,0.0018,0.0001,100.0,518.67,642.2,1592.8,1413.35,14.62,21.61,553.52,2388.12,9050.43,1.3,47.78,521.36,2388.16,8131.49,8.4491,0.03,394,2388,100.0,38.79,23.3678
188,0.0006,0.0001,100.0,518.67,643.19,1602.38,1412.07,14.62,21.61,553.98,2388.11,9081.55,1.3,47.52,521.42,2388.09,8164.4,8.4663,0.03,393,2388,100.0,38.83,23.3734
202,-0.0009,0.0005,100.0,518.67,643.44,1600.22,1425.72,14.62,21.61,552.05,2388.13,9139.95,1.3,47.86,520.39,2388.15,8207.53,8.5349,0.03,397,2388,100.0,38.38,23.0195
44,-0.002,0.0002,100.0,518.67,642.35,1579.96,1401.64,14.62,21.6,554.09,2388.02,9073.44,1.3,47.13,522.38,2388.01,8151.05,8.4022,0.03,392,2388,100.0,39.1,23.3925
70,0.0027,-0.0003,100.0,518.67,643.09,1598.38,1409.85,14.62,21.61,553.02,2388.14,9038.74,1.3,47.59,520.88,2388.12,8122.58,8.4531,0.03,394,2388,100.0,38.68,23.2438
147,-0.0037,-0.0002,100.0,518.67,643.06,1583.77,1413.08,14.62,21.61,552.65,2388.11,9047.69,1.3,47.68,521.1,2388.12,8131.24,8.4503,0.03,394,2388,100.0,38.8,23.2493
151,-0.0012,-0.0,100.0,518.67,642.44,1592.17,1406.76,14.62,21.61,554.0,2388.05,9070.44,1.3,47.57,521.88,2388.06,8145.27,8.3997,0.03,393,2388,100.0,38.99,23.2688
83,-0.0018,0.0001,100.0,518.67,642.02,1594.89,1408.9,14.62,21.61,552.5,2388.19,9035.95,1.3,47.69,520.65,2388.11,8122.64,8.4449,0.03,392,2388,100.0,38.98,23.2296
58,0.0006,-0.0003,100.0,518.67,642.74,1592.6,1408.77,14.62,21.61,553.11,2388.12,9041.99,1.3,47.69,520.88,2388.19,8121.49,8.4629,0.03,395,2388,100.0,38.87,23.2729
313,0.0003,-0.0004,100.0,518.67,643.07,1602.16,1415.37,14.62,21.61,552.28,2388.16,9056.99,1.3,47.89,520.82,2388.19,8134.18,8.5059,0.03,397,2388,100.0,38.74,23.0978
127,-0.0008,-0.0001,100.0,518.67,642.66,1591.56,1406.38,14.62,21.61,553.74,2388.07,9062.61,1.3,47.63,521.94,2388.02,8141.13,8.4554,0.03,394,2388,100.0,38.96,23.3477
79,-0.0011,0.0004,100.0,518.67,642.36,1582.83,1396.23,14.62,21.61,553.95,2388.02,9054.08,1.3,47.14,521.93,2388.07,8138.6,8.425,0.03,392,2388,100.0,38.98,23.3147
33,0.0008,0.0004,100.0,518.67,642.43,1591.08,1409.14,14.62,21.61,552.9,2388.17,9042.82,1.3,47.53,522.0,2388.14,8127.86,8.4072,0.03,392,2388,100.0,38.76,23.3509
154,-0.0011,0.0004,100.0,518.67,642.8,1590.54,1417.1,14.62,21.61,552.43,2388.16,9095.69,1.3,47.69,520.4,2388.1,8164.2,8.4657,0.03,394,2388,100.0,38.7,23.1475
148,0.0002,-0.0001,100.0,518.67,642.93,1590.95,1412.77,14.62,21.61,553.18,2388.13,9058.9,1.3,47.68,521.48,2388.12,8136.15,8.4496,0.03,394,2388,100.0,38.75,23.2748
194,-0.0023,-0.0003,100.0,518.67,643.97,1605.24,1429.29,14.62,21.61,552.28,2388.18,9167.7,1.3,48.15,520.5,2388.12,8234.23,8.5116,0.03,396,2388,100.0,38.36,23.0233
170,0.001,0.0,100.0,518.67,643.36,1593.53,1414.34,14.62,21.61,552.37,2388.14,9100.01,1.3,47.92,520.15,2388.17,8182.63,8.467,0.03,394,2388,100.0,38.68,23.1021
17,-0.0034,-0.0002,100.0,518.67,641.87,1578.41,1405.99,14.62,21.61,554.0,2387.98,9064.13,1.3,47.3,522.51,2388.0,8142.71,8.3841,0.03,391,2388,100.0,39.12,23.4297
70,-0.0001,0.0001,100.0,518.67,642.72,1589.98,1404.1,14.62,21.61,552.87,2388.13,9043.37,1.3,47.51,520.97,2388.09,8126.36,8.4139,0.03,393,2388,100.0,38.61,23.3068
38,-0.0034,0.0001,100.0,518.67,642.9,1593.58,1404.38,14.62,21.61,553.14,2388.08,9061.65,1.3,47.53,521.42,2388.11,8138.99,8.4333,0.03,392,2388,100.0,38.87,23.2588
23,-0.0006,0.0004,100.0,518.67,642.38,1597.07,1406.47,14.62,21.61,553.09,2388.12,9060.62,1.3,47.56,521.23,2388.11,8135.59,8.4524,0.03,395,2388,100.0,38.54,23.356
132,-0.0021,0.0002,100.0,518.67,642.87,1590.0,1406.78,14.62,21.61,553.06,2388.23,9037.44,1.3,47.76,520.99,2388.17,8124.03,8.4882,0.03,394,2388,100.0,38.76,23.1832
49,-0.0019,0.0001,100.0,518.67,642.19,1592.61,1407.11,14.62,21.6,553.72,2388.1,9051.07,1.3,47.43,521.13,2388.04,8138.07,8.4501,0.03,392,2388,100.0,38.89,23.4083
93,-0.0032,-0.0004,100.0,518.67,642.33,1591.24,1403.85,14.62,21.61,554.16,2388.03,9061.8,1.3,47.43,522.1,2388.01,8138.09,8.4346,0.03,391,2388,100.0,38.92,23.4048
102,-0.0009,0.0004,100.0,518.67,642.75,1591.72,1415.13,14.62,21.61,552.82,2388.05,9069.33,1.3,47.67,520.44,2388.11,8145.38,8.436,0.03,395,2388,100.0,38.76,23.1689
102,0.0017,0.0005,100.0,518.67,642.85,1589.11,1403.42,14.62,21.61,553.42,2388.15,9051.36,1.3,47.49,521.38,2388.05,8130.4,8.4561,0.03,393,2388,100.0,38.94,23.3653
10,0.0001,0.0003,100.0,518.67,643.01,1585.19,1407.4,14.62,21.61,552.65,2388.14,9053.19,1.3,47.65,521.45,2388.07,8142.31,8.4403,0.03,394,2388,100.0,38.95,23.3457
112,0.0038,-0.0,100.0,518.67,642.31,1584.42,1395.02,14.62,21.61,554.35,2388.06,9069.51,1.3,47.47,522.16,2388.04,8145.38,8.4453,0.03,391,2388,100.0,38.84,23.3309
231,0.0068,0.0003,100.0,518.67,643.03,1597.7,1415.67,14.62,21.61,553.04,2388.19,9065.62,1.3,47.8,520.54,2388.17,8150.61,8.477,0.03,395,2388,100.0,38.7,23.1564
100,0.0076,-0.0001,100.0,518.67,642.04,1586.01,1402.72,14.62,21.61,554.48,2388.0,9056.18,1.3,47.21,522.01,2388.05,8135.5,8.4107,0.03,390,2388,100.0,38.85,23.331
87,-0.0055,0.0,100.0,518.67,642.61,1595.36,1410.62,14.62,21.61,553.02,2388.11,9054.11,1.3,47.57,521.22,2388.15,8129.41,8.4559,0.03,395,2388,100.0,38.72,23.199
78,-0.0005,0.0001,100.0,518.67,643.25,1591.94,1413.68,14.62,21.61,553.33,2388.1,9044.5,1.3,47.65,521.46,2388.15,8127.91,8.4515,0.03,392,2388,100.0,38.86,23.3066
151,-0.0008,-0.0001,100.0,518.67,642.88,1595.61,1402.92,14.62,21.61,553.62,2388.15,9051.67,1.3,47.66,521.57,2388.11,8135.52,8.4295,0.03,393,2388,100.0,38.83,23.2362
125,0.0034,0.0003,100.0,518.67,642.91,1594.05,1407.09,14.62,21.61,553.17,2388.09,9072.09,1.3,47.57,521.27,2388.09,8146.63,8.4409,0.03,393,2388,100.0,38.85,23.1987
12,0.0005,0.0003,100.0,518.67,642.84,1596.1,1412.87,14.62,21.61,553.18,2388.15,9057.77,1.3,47.64,521.0,2388.1,8136.66,8.4553,0.03,393,2388,100.0,38.8,23.3143
146,0.0024,-0.0001,100.0,518.67,642.69,1596.92,1417.09,14.62,21.61,552.1,2388.26,9041.75,1.3,47.82,520.25,2388.24,8118.47,8.4998,0.03,394,2388,100.0,38.56,23.1448
74,-0.0029,0.0,100.0,518.67,642.5,1597.06,1403.97,14.62,21.61,553.73,2388.08,9058.67,1.3,47.56,522.16,2388.09,8144.6,8.4553,0.03,393,2388,100.0,38.85,23.3672
9,0.0039,0.0004,100.0,518.67,642.39,1584.35,1403.87,14.62,21.61,553.46,2388.1,9056.89,1.3,47.61,521.43,2388.09,8135.27,8.4559,0.03,392,2388,100.0,38.88,23.3822
123,0.0028,0.0004,100.0,518.67,642.86,1593.34,1404.13,14.62,21.61,553.83,2388.11,9069.99,1.3,47.55,521.49,2388.11,8149.89,8.4807,0.03,394,2388,100.0,38.62,23.1041
50,0.0,-0.0005,100.0,518.67,642.14,1587.79,1400.96,14.62,21.61,553.73,2388.16,9043.88,1.3,47.45,521.88,2388.07,8124.68,8.4407,0.03,393,2388,100.0,38.97,23.3188
94,-0.0002,-0.0004,100.0,518.67,642.28,1583.81,1400.99,14.62,21.61,553.7,2388.07,9072.58,1.3,47.29,521.61,2388.06,8153.3,8.4444,0.03,391,2388,100.0,38.93,23.3133
96,-0.0023,-0.0002,100.0,518.67,642.02,1581.98,1395.03,14.62,21.61,553.94,2387.99,9062.64,1.3,47.34,521.93,2388.07,8139.27,8.4086,0.03,393,2388,100.0,38.9,23.4472
23,0.0025,0.0001,100.0,518.67,641.58,1583.52,1397.37,14.62,21.61,554.06,2388.01,9062.02,1.3,46.98,522.5,2388.06,8141.32,8.3716,0.03,393,2388,100.0,39.07,23.5032
89,-0.0035,-0.0001,100.0,518.67,642.67,1591.93,1415.66,14.62,21.61,553.15,2388.12,9061.46,1.3,47.9,520.96,2388.09,8134.31,8.4524,0.03,393,2388,100.0,38.63,23.2547
165,-0.0011,0.0001,100.0,518.67,643.37,1601.42,1420.93,14.62,21.61,551.9,2388.16,9068.0,1.3,48.05,520.64,2388.21,8147.39,8.5018,0.03,395,2388,100.0,38.61,23.0816
42,0.0005,-0.0002,100.0,518.67,642.3,1581.61,1400.18,14.62,21.61,554.21,2388.06,9063.75,1.3,47.25,521.95,2387.99,8147.63,8.4141,0.03,394,2388,100.0,38.9,23.3654
93,0.0019,-0.0004,100.0,518.67,642.21,1591.68,1392.48,14.62,21.61,553.92,2388.05,9049.14,1.3,47.24,522.52,2388.0,8137.98,8.4005,0.03,391,2388,100.0,38.94,23.3075
103,0.0012,0.0002,100.0,518.67,642.5,1579.9,1406.52,14.62,21.61,553.79,2388.03,9056.15,1.3,47.27,522.05,2388.02,8143.93,8.4019,0.03,393,2388,100.0,38.8,23.377
235,0.0019,0.0002,100.0,518.67,642.63,1594.54,1406.42,14.62,21.61,552.42,2388.12,9073.86,1.3,47.85,521.66,2388.12,8149.47,8.4699,0.03,394,2388,100.0,38.82,23.2137
90,-0.0015,-0.0004,100.0,518.67,642.11,1591.59,1415.12,14.62,21.61,552.87,2388.1,9065.83,1.3,47.68,521.22,2388.1,8149.95,8.4453,0.03,392,2388,100.0,38.8,23.2449
48,-0.0031,0.0,100.0,518.67,642.43,1589.74,1400.98,14.62,21.61,554.35,2388.01,9056.68,1.3,47.32,521.97,2388.01,8138.82,8.3858,0.03,393,2388,100.0,39.12,23.426
2,0.0001,0.0001,100.0,518.67,641.91,1580.17,1394.7,14.62,21.61,554.85,2387.94,9063.39,1.3,47.12,523.03,2387.98,8148.23,8.4331,0.03,392,2388,100.0,38.97,23.4335
166,0.0003,-0.0005,100.0,518.67,642.91,1596.27,1420.58,14.62,21.61,552.5,2388.16,9050.45,1.3,47.71,520.46,2388.21,8130.96,8.4702,0.03,394,2388,100.0,38.56,23.2507
74,-0.0043,0.0002,100.0,518.67,642.54,1588.95,1399.17,14.62,21.61,553.51,2388.06,9064.95,1.3,47.15,521.56,2387.99,8147.43,8.4423,0.03,392,2388,100.0,39.01,23.4185
234,0.0023,-0.0001,100.0,518.67,643.5,1599.79,1425.76,14.62,21.61,550.86,2388.34,9042.46,1.3,48.32,519.88,2388.35,8116.96,8.4871,0.03,397,2388,100.0,38.46,23.0314
77,0.0019,-0.0002,100.0,518.67,642.5,1583.75,1393.92,14.62,21.61,554.86,2387.99,9062.99,1.3,47.19,522.18,2388.01,8143.06,8.3599,0.03,392,2388,100.0,39.0,23.3231
15,0.0023,-0.0004,100.0,518.67,642.82,1591.45,1407.76,14.62,21.61,554.06,2388.11,9042.43,1.3,47.25,521.71,2388.11,8124.11,8.4628,0.03,392,2388,100.0,38.83,23.3627
101,0.0051,0.0002,100.0,518.67,642.52,1588.52,1410.37,14.62,21.61,553.05,2388.08,9054.76,1.3,47.43,521.58,2388.11,8133.81,8.4338,0.03,392,2388,100.0,38.81,23.251
198,0.0006,0.0003,100.0,518.67,642.35,1587.84,1407.94,14.62,21.61,554.07,2388.07,9088.23,1.3,47.61,521.77,2388.07,8164.27,8.4606,0.03,392,2388,100.0,38.81,23.3737
136,0.0011,0.0003,100.0,518.67,643.55,1601.77,1418.93,14.62,21.61,551.63,2388.24,9044.98,1.3,47.98,519.88,2388.22,8120.39,8.5125,0.03,396,2388,100.0,38.68,23.0878
53,0.0062,0.0001,100.0,518.67,642.75,1598.02,1405.6,14.62,21.61,553.64,2388.07,9065.73,1.3,47.36,522.17,2388.06,8137.61,8.441,0.03,393,2388,100.0,38.82,23.3437
201,0.0002,0.0003,100.0,518.67,643.39,1590.35,1418.49,14.62,21.61,551.77,2388.17,9056.61,1.3,47.84,520.33,2388.19,8131.66,8.4808,0.03,394,2388,100.0,38.73,23.1204
13,0.0002,0.0005,100.0,518.67,641.58,1583.34,1397.28,14.62,21.61,554.82,2388.01,9066.09,1.3,47.08,522.08,2387.99,8149.44,8.3841,0.03,392,2388,100.0,38.97,23.4033
141,-0.0012,0.0001,100.0,518.67,643.2,1603.27,1414.31,14.62,21.61,551.95,2388.2,9055.86,1.3,47.77,520.5,2388.25,8132.49,8.4582,0.03,393,2388,100.0,38.56,23.2728
18,-0.0021,0.0002,100.0,518.67,642.66,1587.51,1406.41,14.62,21.61,554.08,2388.1,9048.91,1.3,47.47,521.56,2388.08,8139.42,8.4212,0.03,392,2388,100.0,38.77,23.3168
12,-0.0016,-0.0005,100.0,518.67,642.11,1582.54,1402.78,14.62,21.6,555.21,2388.01,9049.29,1.3,47.1,522.38,2387.95,8139.11,8.3678,0.03,392,2388,100.0,39.1,23.3218
27,-0.0006,-0.0002,100.0,518.67,642.29,1587.82,1401.12,14.62,21.61,552.92,2388.04,9049.75,1.3,47.34,522.11,2388.12,8127.71,8.4218,0.03,393,2388,100.0,38.97,23.4011
140,-0.003,-0.0003,100.0,518.67,642.47,1588.69,1403.44,14.62,21.61,554.84,2388.08,9056.63,1.3,47.51,521.52,2388.07,8129.43,8.4666,0.03,392,2388,100.0,39.01,23.2502
104,-0.0024,0.0004,100.0,518.67,642.44,1592.21,1404.26,14.62,21.61,553.32,2388.08,9057.87,1.3,47.28,521.6,2388.04,8143.09,8.4385,0.03,394,2388,100.0,39.08,23.4256
170,-0.0017,-0.0002,100.0,518.67,642.92,1592.71,1417.41,14.62,21.61,552.02,2388.21,9044.03,1.3,47.86,520.23,2388.26,8121.76,8.49,0.03,395,2388,100.0,38.66,23.1615
238,-0.0027,0.0001,100.0,518.67,642.75,1599.76,1415.64,14.62,21.61,552.54,2388.11,9070.42,1.3,47.71,520.72,2388.14,8147.67,8.4641,0.03,393,2388,100.0,38.81,23.2341
175,0.0029,0.0001,100.0,518.67,642.78,1593.26,1412.11,14.62,21.61,552.42,2388.13,9075.74,1.3,47.74,521.01,2388.1,8150.0,8.4548,0.03,393,2388,100.0,38.67,23.2985
40,-0.0002,0.0,100.0,518.67,642.4,1577.7,1405.7,14.62,21.61,553.16,2388.07,9060.04,1.3,47.28,521.57,2388.04,8145.9,8.3888,0.03,392,2388,100.0,38.93,23.2687
42,0.0009,-0.0005,100.0,518.67,642.94,1581.57,1407.92,14.62,21.61,553.41,2388.04,9068.4,1.3,47.37,521.29,2388.06,8145.28,8.4601,0.03,393,2388,100.0,38.94,23.3386
166,-0.0068,0.0002,100.0,518.67,641.79,1589.09,1394.26,14.62,21.61,553.71,2388.03,9060.46,1.3,47.43,521.96,2388.01,8142.11,8.4111,0.03,392,2388,100.0,38.87,23.4352
36,0.0004,-0.0004,100.0,518.67,642.38,1586.38,1403.16,14.62,21.61,554.13,2388.08,9064.08,1.3,47.42,522.38,2388.04,8142.4,8.4335,0.03,394,2388,100.0,38.95,23.4361
114,-0.0016,-0.0005,100.0,518.67,642.93,1595.94,1412.62,14.62,21.61,553.0,2388.16,9050.85,1.3,47.56,521.09,2388.17,8140.43,8.453,0.03,394,2388,100.0,38.91,23.1937
18,-0.0042,0.0005,100.0,518.67,641.86,1579.26,1390.03,14.62,21.61,554.27,2387.98,9060.55,1.3,47.14,522.77,2387.98,8137.89,8.3908,0.03,392,2388,100.0,39.11,23.4096
94,0.0006,-0.0002,100.0,518.67,642.55,1585.82,1403.16,14.62,21.61,553.13,2388.09,9060.93,1.3,47.48,521.99,2388.08,8137.7,8.4246,0.03,392,2388,100.0,38.86,23.4483
18,0.0026,-0.0005,100.0,518.67,642.56,1585.06,1400.7,14.62,21.61,554.32,2387.9,9064.85,1.3,47.05,522.78,2387.95,8149.09,8.4005,0.03,392,2388,100.0,39.02,23.495
56,-0.0022,0.0,100.0,518.67,642.8,1588.49,1411.06,14.62,21.61,553.29,2388.08,9058.53,1.3,47.59,521.25,2388.14,8128.06,8.4451,0.03,394,2388,100.0,38.87,23.3121
139,-0.001,0.0004,100.0,518.67,642.59,1593.43,1415.19,14.62,21.61,553.01,2388.1,9042.67,1.3,47.59,521.3,2388.1,8120.28,8.4203,0.03,394,2388,100.0,38.84,23.2388
133,-0.0024,-0.0002,100.0,518.67,643.47,1605.28,1423.89,14.62,21.61,551.23,2388.3,9038.97,1.3,48.12,519.77,2388.29,8110.3,8.4876,0.03,395,2388,100.0,38.47,23.0866
202,-0.0016,-0.0001,100.0,518.67,643.58,1603.94,1427.6,14.62,21.61,551.9,2388.24,9051.01,1.3,48.21,519.99,2388.26,8126.6,8.512,0.03,397,2388,100.0,38.3,23.0205
28,0.0038,-0.0005,100.0,518.67,642.43,1585.55,1401.98,14.62,21.61,553.22,2388.16,9047.27,1.3,47.23,521.8,2388.03,8130.51,8.456,0.03,393,2388,100.0,38.9,23.4147
104,0.0015,0.0002,100.0,518.67,642.27,1587.61,1406.64,14.62,21.61,553.7,2388.0,9069.94,1.3,47.27,522.06,2388.01,8154.66,8.4317,0.03,392,2388,100.0,38.79,23.4278
33,0.0,-0.0004,100.0,518.67,642.71,1593.05,1414.89,14.62,21.61,552.73,2388.09,9053.68,1.3,47.49,521.16,2388.1,8132.39,8.4181,0.03,394,2388,100.0,38.78,23.2514
168,0.0025,0.0004,100.0,518.67,643.36,1595.29,1417.67,14.62,21.61,552.83,2388.12,9048.3,1.3,47.55,520.49,2388.16,8130.93,8.4671,0.03,395,2388,100.0,38.74,23.2038
148,-0.0028,-0.0004,100.0,518.67,642.5,1588.13,1402.21,14.62,21.61,554.18,2388.0,9091.61,1.3,47.21,521.84,2388.0,8160.94,8.4309,0.03,392,2388,100.0,39.06,23.3924
20,-0.0007,-0.0005,100.0,518.67,641.97,1587.01,1391.93,14.62,21.61,555.09,2388.08,9057.3,1.3,47.2,522.19,2388.0,8141.07,8.4138,0.03,390,2388,100.0,39.08,23.3209
160,0.0022,0.0004,100.0,518.67,642.28,1589.77,1407.02,14.62,21.61,553.84,2388.02,9082.33,1.3,47.11,521.65,2388.01,8156.5,8.4285,0.03,394,2388,100.0,38.7,23.3987
83,-0.0005,-0.0005,100.0,518.67,642.12,1590.83,1391.58,14.62,21.61,554.0,2388.03,9058.02,1.3,47.23,522.2,2388.02,8138.88,8.425,0.03,391,2388,100.0,38.95,23.4818
102,-0.0011,0.0004,100.0,518.67,641.74,1584.86,1399.41,14.62,21.61,554.16,2388.1,9074.8,1.3,47.16,522.17,2388.01,8151.84,8.4421,0.03,393,2388,100.0,39.0,23.3604
114,0.0016,0.0002,100.0,518.67,642.45,1581.39,1410.59,14.62,21.61,553.53,2388.05,9063.18,1.3,47.62,521.1,2388.1,8147.27,8.4139,0.03,393,2388,100.0,38.84,23.2916
164,-0.0024,-0.0003,100.0,518.67,643.17,1610.14,1419.84,14.62,21.61,552.52,2388.09,9104.05,1.3,47.66,521.01,2388.08,8179.24,8.4818,0.03,394,2388,100.0,38.74,23.2412
182,0.0037,0.0004,100.0,518.67,642.76,1603.03,1422.16,14.62,21.61,552.85,2388.16,9069.1,1.3,47.82,520.54,2388.1,8145.94,8.4591,0.03,394,2388,100.0,38.76,23.1215
165,-0.0002,0.0002,100.0,518.67,643.03,1593.99,1414.63,14.62,21.61,553.33,2388.12,9102.33,1.3,47.7,520.95,2388.19,8177.82,8.4872,0.03,394,2388,100.0,38.61,23.2104
240,0.001,0.0001,100.0,518.67,643.41,1587.88,1420.74,14.62,21.61,552.8,2388.06,9125.04,1.3,47.84,521.47,2388.15,8187.08,8.4942,0.03,395,2388,100.0,38.67,23.1828
168,0.0013,0.0004,100.0,518.67,642.76,1585.85,1417.77,14.62,21.61,551.45,2388.13,9062.37,1.3,47.87,520.48,2388.16,8147.36,8.4402,0.03,391,2388,100.0,38.66,23.1594
91,0.0005,-0.0004,100.0,518.67,643.01,1588.81,1407.43,14.62,21.61,553.75,2388.02,9069.24,1.3,47.15,521.86,2387.98,8151.93,8.3903,0.03,392,2388,100.0,38.78,23.4528
172,-0.0005,0.0004,100.0,518.67,643.62,1605.19,1434.09,14.62,21.61,551.21,2388.18,9141.47,1.3,48.04,520.44,2388.22,8205.47,8.5322,0.03,396,2388,100.0,38.23,22.954
76,-0.0016,-0.0004,100.0,518.67,641.99,1584.28,1397.09,14.62,21.61,554.1,2388.03,9059.45,1.3,47.22,522.23,2388.02,8136.7,8.3948,0.03,392,2388,100.0,38.92,23.3491
285,-0.0007,0.0004,100.0,518.67,643.67,1596.84,1431.17,14.62,21.61,550.85,2388.2,9098.67,1.3,48.27,519.91,2388.22,8164.83,8.5242,0.03,396,2388,100.0,38.39,23.1155
67,0.0029,-0.0004,100.0,518.67,642.16,1588.45,1401.89,14.62,21.61,553.96,2387.99,9063.93,1.3,47.12,521.9,2388.07,8151.83,8.4307,0.03,391,2388,100.0,38.97,23.3735
69,0.0012,-0.0003,100.0,518.67,642.94,1590.66,1408.67,14.62,21.61,553.61,2388.09,9058.86,1.3,47.62,521.68,2388.09,8135.55,8.4165,0.03,393,2388,100.0,38.73,23.229
151,-0.0019,-0.0001,100.0,518.67,642.82,1592.39,1411.94,14.62,21.61,552.41,2388.14,9048.12,1.3,47.58,520.94,2388.22,8127.21,8.4612,0.03,394,2388,100.0,38.56,23.2277
124,0.0013,-0.0005,100.0,518.67,642.56,1596.01,1415.17,14.62,21.61,553.2,2388.1,9057.88,1.3,47.63,521.36,2388.11,8143.78,8.4437,0.03,394,2388,100.0,38.82,23.2722
220,-0.0008,0.0,100.0,518.67,643.35,1601.93,1425.47,14.62,21.61,551.49,2388.15,9125.1,1.3,47.98,519.78,2388.21,8191.87,8.5385,0.03,396,2388,100.0,38.53,23.0558
99,-0.0034,-0.0004,100.0,518.67,642.04,1585.48,1400.97,14.62,21.61,554.43,2388.05,9054.46,1.3,47.13,522.5,2388.0,8138.18,8.4179,0.03,393,2388,100.0,39.15,23.3414
118,0.0001,0.0003,100.0,518.67,642.89,1588.57,1416.41,14.62,21.61,553.03,2388.16,9047.61,1.3,47.62,521.16,2388.16,8123.12,8.4205,0.03,394,2388,100.0,38.63,23.2938
182,0.0017,-0.0003,100.0,518.67,643.18,1598.66,1411.34,14.62,21.61,552.36,2388.19,9051.03,1.3,47.91,520.65,2388.22,8128.03,8.4688,0.03,395,2388,100.0,38.63,23.2362
150,0.0018,0.0004,100.0,518.67,642.53,1586.93,1408.45,14.62,21.61,553.38,2388.1,9067.38,1.3,47.46,521.91,2388.05,8152.07,8.4593,0.03,393,2388,100.0,38.81,23.3603
124,0.0018,-0.0003,100.0,518.67,642.34,1586.69,1393.51,14.62,21.61,553.6,2388.0,9070.33,1.3,47.4,521.43,2388.11,8139.38,8.4087,0.03,393,2388,100.0,38.86,23.345
184,-0.0013,-0.0004,100.0,518.67,643.24,1604.23,1425.6,14.62,21.61,551.42,2388.16,9116.44,1.3,48.01,520.38,2388.14,8178.18,8.5295,0.03,396,2388,100.0,38.76,23.1558
27,0.0015,-0.0002,100.0,518.67,642.88,1594.42,1406.95,14.62,21.61,553.71,2388.06,9048.93,1.3,47.57,521.0,2388.09,8127.53,8.4412,0.03,392,2388,100.0,39.0,23.3321
75,0.0023,-0.0004,100.0,518.67,642.66,1584.61,1400.37,14.62,21.61,554.44,2388.03,9065.57,1.3,47.37,523.06,2388.0,8148.32,8.4389,0.03,394,2388,100.0,38.94,23.3573
172,0.0009,-0.0003,100.0,518.67,643.27,1588.64,1416.87,14.62,21.61,552.59,2388.19,9057.89,1.3,47.71,521.3,2388.2,8128.04,8.4821,0.03,394,2388,100.0,38.8,23.2791
35,-0.0034,-0.0003,100.0,518.67,642.5,1585.77,1404.51,14.62,21.61,553.89,2388.05,9050.01,1.3,47.37,521.84,2388.03,8133.62,8.4279,0.03,392,2388,100.0,38.91,23.3598
157,-0.0008,0.0003,100.0,518.67,642.18,1590.38,1406.88,14.62,21.61,553.44,2388.01,9109.01,1.3,47.54,522.09,2388.06,8185.27,8.4442,0.03,392,2388,100.0,38.96,23.3376
48,-0.0005,0.0005,100.0,518.67,641.72,1586.79,1396.17,14.62,21.61,554.18,2388.08,9058.78,1.3,47.24,522.43,2388.02,8140.86,8.4034,0.03,391,2388,100.0,39.08,23.505
9,0.0044,0.0005,100.0,518.67,641.96,1588.77,1401.73,14.62,21.61,554.35,2388.01,9060.59,1.3,47.19,522.31,2388.01,8138.58,8.4192,0.03,392,2388,100.0,38.98,23.4342
96,-0.0021,-0.0004,100.0,518.67,642.54,1584.94,1412.03,14.62,21.61,552.85,2388.14,9050.54,1.3,47.7,521.06,2388.18,8124.55,8.4466,0.03,392,2388,100.0,38.82,23.1321
167,0.0017,-0.0005,100.0,518.67,642.65,1583.62,1401.69,14.62,21.61,554.11,2388.11,9072.18,1.3,47.67,521.65,2388.08,8150.26,8.4419,0.03,393,2388,100.0,38.9,23.2703
13,-0.0025,0.0,100.0,518.67,642.6,1576.37,1398.64,14.62,21.61,553.14,2388.07,9065.62,1.3,47.4,521.87,2388.07,8142.15,8.4003,0.03,393,2388,100.0,38.85,23.3102
37,0.0017,-0.0001,100.0,518.67,641.99,1581.52,1392.3,14.62,21.61,554.22,2388.01,9061.59,1.3,47.26,522.38,2387.99,8144.41,8.3932,0.03,391,2388,100.0,39.04,23.3466
119,0.0002,0.0003,100.0,518.67,642.6,1586.61,1408.51,14.62,21.61,553.11,2388.08,9068.68,1.3,47.54,521.71,2388.07,8143.71,8.4103,0.03,393,2388,100.0,38.77,23.303
268,0.0022,0.0003,100.0,518.67,643.71,1593.67,1417.37,14.62,21.61,551.28,2388.17,9150.3,1.3,47.91,520.12,2388.22,8204.02,8.5005,0.03,397,2388,100.0,38.39,23.0396
122,-0.0013,-0.0,100.0,518.67,642.79,1587.47,1411.54,14.62,21.61,553.42,2388.1,9077.54,1.3,47.34,521.44,2388.12,8149.87,8.4399,0.03,394,2388,100.0,38.73,23.2042
214,-0.0021,-0.0002,100.0,518.67,643.4,1599.62,1427.82,14.62,21.61,552.02,2388.14,9109.36,1.3,47.89,519.95,2388.16,8179.78,8.4933,0.03,394,2388,100.0,38.41,22.9937
55,-0.0005,-0.0004,100.0,518.67,642.78,1580.51,1401.15,14.62,21.61,554.06,2388.04,9053.93,1.3,47.46,522.07,2388.05,8138.94,8.4382,0.03,391,2388,100.0,39.04,23.4277
123,-0.0003,0.0003,100.0,518.67,642.86,1596.2,1402.59,14.62,21.61,553.71,2388.11,9047.25,1.3,47.47,521.7,2388.13,8126.12,8.4255,0.03,394,2388,100.0,38.95,23.3206
15,-0.0045,-0.0003,100.0,518.67,642.06,1583.71,1395.08,14.62,21.61,554.7,2387.93,9059.47,1.3,47.12,523.06,2388.0,8136.23,8.4163,0.03,392,2388,100.0,39.08,23.4219
159,-0.0026,0.0004,100.0,518.67,643.62,1597.26,1430.31,14.62,21.61,551.67,2388.24,9050.31,1.3,48.01,520.13,2388.19,8133.82,8.4614,0.03,395,2388,100.0,38.47,23.1524
240,0.0011,-0.0002,100.0,518.67,643.0,1595.13,1424.97,14.62,21.61,551.31,2388.23,9054.2,1.3,47.98,520.42,2388.23,8128.39,8.5196,0.03,395,2388,100.0,38.5,23.1914
225,-0.001,0.0003,100.0,518.67,642.75,1589.34,1409.54,14.62,21.61,553.46,2388.11,9058.58,1.3,47.52,521.17,2388.1,8136.21,8.4323,0.03,392,2388,100.0,39.13,23.2948
164,-0.0025,-0.0002,100.0,518.67,642.22,1583.89,1412.84,14.62,21.61,553.92,2388.07,9071.27,1.3,47.08,522.64,2388.02,8155.84,8.3935,0.03,392,2388,100.0,38.98,23.3198
9,0.0023,-0.0003,100.0,518.67,642.27,1580.36,1414.7,14.62,21.61,553.21,2388.13,9049.19,1.3,47.75,521.39,2388.13,8130.14,8.4519,0.03,393,2388,100.0,38.76,23.3685
129,0.0013,0.0001,100.0,518.67,643.47,1590.66,1414.62,14.62,21.61,552.76,2388.21,9054.42,1.3,47.81,520.34,2388.19,8130.28,8.4734,0.03,395,2388,100.0,38.64,23.2383
104,-0.0027,0.0003,100.0,518.67,642.47,1592.11,1409.31,14.62,21.61,553.75,2388.09,9053.77,1.3,47.36,521.7,2388.1,8136.47,8.4166,0.03,392,2388,100.0,38.89,23.3102
72,0.0001,0.0005,100.0,518.67,642.66,1594.84,1410.64,14.62,21.61,552.79,2388.18,9056.19,1.3,47.61,520.98,2388.18,8133.29,8.3846,0.03,393,2388,100.0,38.96,23.2413
101,0.0033,0.0001,100.0,518.67,641.81,1583.0,1404.81,14.62,21.61,553.79,2388.03,9063.28,1.3,47.3,522.31,2387.98,8137.59,8.3892,0.03,392,2388,100.0,38.98,23.3485
140,0.0015,-0.0003,100.0,518.67,642.09,1590.22,1401.57,14.62,21.61,553.34,2388.06,9058.2,1.3,47.39,521.49,2388.06,8138.82,8.4153,0.03,392,2388,100.0,38.87,23.361
180,0.0033,-0.0002,100.0,518.67,643.66,1591.83,1412.99,14.62,21.61,552.72,2388.19,9057.07,1.3,47.81,520.4,2388.21,8132.12,8.4653,0.03,394,2388,100.0,38.6,23.2724
13,0.002,0.0002,100.0,518.67,642.69,1589.59,1405.64,14.62,21.61,553.86,2388.07,9060.0,1.3,47.5,521.87,2388.03,8142.57,8.4653,0.03,393,2388,100.0,38.99,23.4064
131,-0.0001,0.0001,100.0,518.67,641.96,1587.61,1394.26,14.62,21.61,554.88,2388.01,9055.73,1.3,47.36,522.37,2387.98,8141.5,8.4074,0.03,392,2388,100.0,39.02,23.4016
126,0.0036,0.0002,100.0,518.67,644.24,1605.85,1426.13,14.62,21.61,551.74,2388.34,9031.64,1.3,48.01,519.66,2388.28,8108.51,8.5338,0.03,396,2388,100.0,38.45,23.1504
112,-0.0025,-0.0001,100.0,518.67,642.63,1593.34,1415.28,14.62,21.61,553.36,2388.14,9062.68,1.3,47.74,521.02,2388.11,8145.92,8.4555,0.03,394,2388,100.0,38.86,23.1957
106,0.0006,-0.0002,100.0,518.67,642.01,1584.72,1404.63,14.62,21.61,554.34,2388.08,9070.63,1.3,47.29,522.42,2388.12,8142.57,8.4242,0.03,391,2388,100.0,38.99,23.4024
135,0.0008,0.0001,100.0,518.67,643.15,1588.12,1411.93,14.62,21.61,553.1,2388.21,9045.63,1.3,47.72,520.33,2388.16,8123.13,8.451,0.03,395,2388,100.0,38.76,23.189
90,0.0013,0.0003,100.0,518.67,642.14,1587.53,1401.74,14.62,21.61,553.81,2388.02,9078.87,1.3,47.53,521.94,2388.04,8146.89,8.425,0.03,393,2388,100.0,38.86,23.3481
73,0.001,0.0004,100.0,518.67,642.0,1582.83,1405.02,14.62,21.61,554.5,2388.01,9065.76,1.3,47.2,522.41,2388.03,8145.96,8.4301,0.03,392,2388,100.0,38.96,23.4232
95,-0.0017,-0.0003,100.0,518.67,642.38,1585.12,1395.08,14.62,21.61,553.67,2388.02,9074.81,1.3,47.18,522.39,2388.03,8155.83,8.4258,0.03,392,2388,100.0,39.13,23.3849
25,0.0025,0.0003,100.0,518.67,642.47,1582.39,1400.39,14.62,21.61,553.32,2388.06,9044.92,1.3,47.43,521.73,2388.16,8129.76,8.4098,0.03,393,2388,100.0,38.9,23.2733
180,0.001,-0.0,100.0,518.67,642.91,1587.71,1407.66,14.62,21.61,553.23,2388.07,9076.45,1.3,47.53,521.72,2388.08,8158.23,8.4323,0.03,393,2388,100.0,38.67,23.2629
203,-0.0012,-0.0005,100.0,518.67,643.23,1600.32,1419.41,14.62,21.61,552.28,2388.27,9029.81,1.3,48.05,520.32,2388.25,8111.06,8.4989,0.03,397,2388,100.0,38.51,23.1062
10,-0.0005,-0.0002,100.0,518.67,642.61,1588.05,1402.72,14.62,21.61,554.02,2388.06,9058.27,1.3,47.43,522.33,2388.08,8140.65,8.4242,0.03,394,2388,100.0,38.84,23.357
79,-0.0015,-0.0001,100.0,518.67,642.45,1586.88,1408.91,14.62,21.61,554.04,2388.12,9053.94,1.3,47.42,521.39,2388.13,8129.22,8.3995,0.03,393,2388,100.0,38.91,23.3821
125,0.0011,0.0003,100.0,518.67,642.67,1595.6,1411.5,14.62,21.61,554.15,2388.04,9045.64,1.3,47.55,521.93,2388.1,8141.66,8.4411,0.03,392,2388,100.0,38.8,23.446
6,0.0023,-0.0004,100.0,518.67,642.53,1591.51,1410.22,14.62,21.61,553.41,2388.06,9061.79,1.3,47.29,521.79,2388.1,8148.48,8.4168,0.03,393,2388,100.0,38.83,23.3648
88,-0.0012,-0.0003,100.0,518.67,642.84,1587.33,1404.17,14.62,21.61,553.71,2388.06,9053.9,1.3,47.38,521.86,2388.09,8139.85,8.3969,0.03,394,2388,100.0,39.03,23.3101
117,-0.0015,-0.0002,100.0,518.67,643.13,1594.45,1412.68,14.62,21.61,553.08,2388.09,9086.99,1.3,47.63,520.64,2388.11,8161.24,8.4794,0.03,394,2388,100.0,38.82,23.2818
44,0.001,-0.0,100.0,518.67,642.83,1594.48,1412.23,14.62,21.61,553.81,2388.13,9043.58,1.3,47.47,521.38,2388.17,8123.59,8.4808,0.03,393,2388,100.0,38.81,23.2559
75,-0.0011,-0.0003,100.0,518.67,642.47,1589.05,1405.36,14.62,21.61,553.0,2388.22,9047.54,1.3,47.43,521.66,2388.11,8123.21,8.452,0.03,393,2388,100.0,38.92,23.2962
83,-0.0003,0.0004,100.0,518.67,642.96,1588.97,1411.11,14.62,21.61,553.63,2388.13,9067.49,1.3,47.64,521.69,2388.12,8138.66,8.417,0.03,393,2388,100.0,38.97,23.4481
80,-0.0009,-0.0001,100.0,518.67,642.53,1584.9,1410.08,14.62,21.61,554.2,2388.09,9069.25,1.3,47.29,521.74,2388.09,8142.49,8.4569,0.03,393,2388,100.0,38.81,23.2529
26,-0.0026,0.0004,100.0,518.67,642.41,1586.09,1408.79,14.62,21.61,553.84,2388.14,9044.72,1.3,47.36,521.57,2388.09,8124.57,8.4451,0.03,393,2388,100.0,38.9,23.3277
3,0.0031,-0.0002,100.0,518.67,643.19,1593.68,1410.39,14.62,21.61,552.7,2388.16,9052.46,1.3,47.39,521.49,2388.11,8142.58,8.4526,0.03,394,2388,100.0,38.81,23.3308
91,-0.0008,0.0001,100.0,518.67,642.73,1595.35,1406.87,14.62,21.61,553.54,2388.1,9053.54,1.3,47.64,521.36,2388.14,8133.14,8.4245,0.03,394,2388,100.0,38.9,23.4059
128,-0.0007,-0.0003,100.0,518.67,642.59,1589.4,1409.77,14.62,21.61,553.6,2388.15,9058.4,1.3,47.43,521.78,2388.13,8137.94,8.4498,0.03,393,2388,100.0,38.72,23.3557
82,-0.0013,-0.0003,100.0,518.67,642.8,1591.78,1406.89,14.62,21.61,554.18,2388.03,9068.23,1.3,47.4,521.78,2388.03,8149.46,8.4268,0.03,393,2388,100.0,38.99,23.4044
132,-0.0032,0.0001,100.0,518.67,642.11,1583.51,1398.47,14.62,21.61,554.27,2388.04,9058.57,1.3,47.3,522.17,2388.05,8141.1,8.4236,0.03,392,2388,100.0,38.83,23.4041
184,0.0009,0.0003,100.0,518.67,642.61,1587.65,1408.27,14.62,21.61,553.72,2388.03,9077.89,1.3,47.64,521.76,2388.1,8160.18,8.4309,0.03,394,2388,100.0,38.85,23.3196
71,-0.0043,-0.0001,100.0,518.67,642.9,1585.93,1398.16,14.62,21.61,553.74,2388.06,9046.19,1.3,47.5,521.52,2388.1,8130.29,8.4671,0.03,393,2388,100.0,38.95,23.2984
85,-0.0016,0.0001,100.0,518.67,643.05,1592.83,1413.87,14.62,21.61,553.27,2388.12,9050.16,1.3,47.68,521.17,2388.15,8131.72,8.4211,0.03,392,2388,100.0,38.9,23.2718
55,-0.0028,-0.0001,100.0,518.67,642.24,1595.6,1404.91,14.62,21.61,552.65,2388.13,9048.35,1.3,47.59,521.39,2388.18,8129.0,8.4652,0.03,394,2388,100.0,38.73,23.3556
192,-0.0004,0.0001,100.0,518.67,643.36,1597.5,1417.58,14.62,21.61,552.72,2388.19,9063.84,1.3,47.87,520.06,2388.19,8143.43,8.4928,0.03,396,2388,100.0,38.63,23.261
81,0.003,-0.0002,100.0,518.67,642.49,1582.83,1411.27,14.62,21.61,553.95,2388.06,9066.46,1.3,47.61,522.29,2388.1,8139.31,8.4641,0.03,392,2388,100.0,38.73,23.3494
5,-0.0007,0.0,100.0,518.67,642.43,1577.38,1402.37,14.62,21.61,554.54,2387.94,9068.84,1.3,47.45,522.16,2388.02,8153.01,8.4016,0.03,391,2388,100.0,39.01,23.3457
53,-0.0024,-0.0004,100.0,518.67,642.2,1587.0,1408.94,14.62,21.61,552.84,2388.08,9063.54,1.3,47.47,521.34,2388.1,8138.72,8.4004,0.03,393,2388,100.0,38.84,23.2646
27,-0.0023,-0.0001,100.0,518.67,642.58,1584.5,1404.92,14.62,21.61,554.25,2387.95,9066.1,1.3,47.32,522.37,2388.02,8148.42,8.396,0.03,392,2388,100.0,38.81,23.3427
116,-0.0002,0.0,100.0,518.67,642.6,1590.07,1409.19,14.62,21.61,552.75,2388.2,9036.43,1.3,47.67,520.56,2388.09,8117.86,8.4786,0.03,393,2388,100.0,38.79,23.1928
10,-0.0006,-0.0003,100.0,518.67,642.7,1583.95,1402.36,14.62,21.61,554.38,2388.08,9056.1,1.3,47.39,522.26,2388.06,8132.43,8.4475,0.03,392,2388,100.0,38.91,23.4265
12,0.0005,0.0004,100.0,518.67,642.21,1583.55,1389.2,14.62,21.61,554.52,2387.99,9065.9,1.3,47.15,522.05,2388.06,8144.55,8.4291,0.03,391,2388,100.0,39.1,23.3517
118,-0.0006,0.0001,100.0,518.67,643.03,1584.89,1406.91,14.62,21.61,553.2,2388.13,9062.18,1.3,47.56,521.09,2388.11,8137.21,8.45,0.03,394,2388,100.0,38.94,23.3016
55,0.0038,-0.0,100.0,518.67,642.36,1584.86,1393.78,14.62,21.61,555.01,2388.0,9067.56,1.3,47.36,522.33,2388.0,8152.04,8.4292,0.03,390,2388,100.0,38.98,23.42
182,0.0051,0.0002,100.0,518.67,643.12,1597.98,1415.85,14.62,21.61,552.39,2388.15,9034.86,1.3,47.61,520.91,2388.29,8112.65,8.465,0.03,394,2388,100.0,38.7,23.2426
130,-0.0015,-0.0001,100.0,518.67,642.46,1586.31,1408.89,14.62,21.61,552.96,2388.14,9045.11,1.3,47.76,521.69,2388.15,8124.78,8.4593,0.03,393,2388,100.0,38.66,23.2575
46,-0.0023,0.0003,100.0,518.67,642.26,1592.61,1410.41,14.62,21.61,553.34,2388.12,9042.96,1.3,47.5,521.81,2388.12,8127.57,8.4718,0.03,394,2388,100.0,38.91,23.1718
127,0.0011,0.0005,100.0,518.67,642.1,1589.3,1397.59,14.62,21.61,553.7,2388.09,9052.79,1.3,47.54,521.8,2388.07,8134.43,8.4339,0.03,392,2388,100.0,39.12,23.2636
17,-0.0021,-0.0001,100.0,518.67,642.34,1587.03,1400.59,14.62,21.61,553.75,2388.13,9059.38,1.3,47.34,521.59,2388.07,8120.81,8.4204,0.03,393,2388,100.0,38.81,23.3542
141,-0.0001,-0.0003,100.0,518.67,642.44,1586.14,1414.46,14.62,21.61,553.24,2388.11,9088.0,1.3,47.72,521.55,2388.11,8159.43,8.3914,0.03,394,2388,100.0,38.81,23.2952
299,0.0021,0.0004,100.0,518.67,642.7,1597.84,1411.96,14.62,21.61,552.27,2388.19,9059.08,1.3,47.77,520.74,2388.16,8137.73,8.5009,0.03,393,2388,100.0,38.51,23.0842
175,0.0041,0.0004,100.0,518.67,643.0,1600.09,1429.4,14.62,21.61,552.74,2388.11,9140.77,1.3,48.25,520.86,2388.13,8200.62,8.5063,0.03,397,2388,100.0,38.51,23.0929
143,0.0012,0.0003,100.0,518.67,642.89,1595.6,1415.5,14.62,21.61,551.77,2388.15,9078.17,1.3,47.61,521.15,2388.13,8158.62,8.5097,0.03,396,2388,100.0,38.63,23.2497
77,0.0029,-0.0005,100.0,518.67,642.53,1598.75,1408.65,14.62,21.61,553.68,2388.06,9061.43,1.3,47.57,521.77,2388.08,8134.17,8.4303,0.03,393,2388,100.0,38.87,23.3293
128,0.0,0.0003,100.0,518.67,642.99,1597.56,1418.09,14.62,21.61,552.65,2388.11,9100.82,1.3,47.73,520.65,2388.11,8162.7,8.421,0.03,396,2388,100.0,38.77,23.201
229,0.0029,0.0001,100.0,518.67,643.45,1596.39,1428.77,14.62,21.61,551.29,2388.21,9095.38,1.3,48.13,519.85,2388.23,8159.95,8.5123,0.03,396,2388,100.0,38.48,23.1599
171,-0.0034,0.0003,100.0,518.67,643.16,1591.5,1413.65,14.62,21.61,552.41,2388.13,9049.38,1.3,47.98,520.58,2388.19,8133.96,8.4681,0.03,394,2388,100.0,38.58,23.1242
20,0.0018,0.0004,100.0,518.67,642.91,1585.24,1414.27,14.62,21.61,553.65,2388.08,9060.28,1.3,47.63,521.21,2388.13,8133.29,8.4684,0.03,394,2388,100.0,38.81,23.1553
136,0.0008,0.0001,100.0,518.67,643.15,1588.68,1411.21,14.62,21.61,553.29,2388.18,9066.68,1.3,47.57,520.69,2388.14,8145.37,8.4657,0.03,395,2388,100.0,38.83,23.1946
168,-0.0032,0.0005,100.0,518.67,643.48,1597.45,1420.03,14.62,21.61,552.69,2388.24,9043.06,1.3,47.93,520.3,2388.16,8121.05,8.4785,0.03,395,2388,100.0,38.75,23.1913
56,-0.0011,-0.0002,100.0,518.67,642.01,1582.0,1397.74,14.62,21.61,554.13,2388.03,9062.3,1.3,47.18,522.78,2388.0,8146.01,8.4563,0.03,393,2388,100.0,38.92,23.4822
157,0.0021,-0.0003,100.0,518.67,643.43,1595.5,1419.62,14.62,21.61,552.31,2388.28,9047.43,1.3,47.94,520.06,2388.3,8118.79,8.5312,0.03,397,2388,100.0,38.53,23.1102
164,-0.0016,-0.0002,100.0,518.67,642.65,1585.03,1402.03,14.62,21.61,553.07,2388.15,9053.09,1.3,47.68,521.11,2388.19,8130.33,8.4525,0.03,395,2388,100.0,38.79,23.2531
65,-0.0018,0.0001,100.0,518.67,642.56,1586.48,1413.01,14.62,21.61,553.91,2388.13,9041.69,1.3,47.46,522.07,2388.04,8120.37,8.4096,0.03,393,2388,100.0,38.88,23.3891
79,0.0017,0.0001,100.0,518.67,643.2,1593.82,1392.43,14.62,21.61,553.86,2388.06,9049.39,1.3,47.55,521.58,2388.05,8126.76,8.383,0.03,394,2388,100.0,38.76,23.286
24,-0.0033,-0.0004,100.0,518.67,642.78,1588.64,1404.79,14.62,21.61,553.13,2388.09,9044.74,1.3,47.31,521.77,2388.16,8123.36,8.4651,0.03,393,2388,100.0,38.95,23.2863
128,-0.0006,0.0003,100.0,518.67,642.47,1593.87,1407.06,14.62,21.61,552.74,2388.13,9056.59,1.3,47.62,521.96,2388.16,8132.08,8.4413,0.03,393,2388,100.0,38.85,23.2641
50,-0.0002,0.0002,100.0,518.67,642.45,1585.79,1404.24,14.62,21.61,554.03,2388.06,9064.16,1.3,47.51,521.89,2388.06,8142.1,8.3835,0.03,391,2388,100.0,38.91,23.2407
151,0.0027,0.0002,100.0,518.67,643.53,1603.99,1413.38,14.62,21.61,551.8,2388.14,9099.0,1.3,47.89,521.06,2388.11,8166.84,8.4844,0.03,395,2388,100.0,38.59,23.0649
105,0.0029,-0.0004,100.0,518.67,642.69,1586.81,1404.16,14.62,21.61,553.88,2388.01,9070.52,1.3,47.46,521.52,2388.1,8144.18,8.4503,0.03,393,2388,100.0,38.96,23.1933
100,-0.0012,-0.0003,100.0,518.67,641.94,1582.21,1399.09,14.62,21.61,554.61,2388.05,9058.63,1.3,47.05,521.49,2388.03,8135.1,8.4277,0.03,392,2388,100.0,38.88,23.4044
100,-0.0021,-0.0003,100.0,518.67,642.22,1589.63,1411.35,14.62,21.61,554.22,2388.07,9045.72,1.3,47.64,521.55,2388.08,8132.49,8.4241,0.03,392,2388,100.0,38.93,23.409
171,-0.0025,0.0001,100.0,518.67,643.06,1598.96,1421.32,14.62,21.61,552.48,2388.17,9062.15,1.3,47.63,519.82,2388.15,8144.38,8.4697,0.03,393,2388,100.0,38.66,23.3033
103,0.0015,0.0004,100.0,518.67,642.31,1589.09,1399.28,14.62,21.61,554.16,2388.01,9055.95,1.3,47.31,521.75,2388.03,8136.66,8.4073,0.03,392,2388,100.0,39.11,23.415
96,0.0016,0.0001,100.0,518.67,642.86,1593.33,1408.4,14.62,21.61,552.9,2388.04,9062.9,1.3,47.59,521.16,2388.15,8143.51,8.4466,0.03,393,2388,100.0,38.78,23.3181
184,0.0014,0.0003,100.0,518.67,642.02,1595.51,1411.01,14.62,21.61,552.94,2388.17,9064.05,1.3,47.5,521.5,2388.13,8146.32,8.4234,0.03,394,2388,100.0,38.88,23.2944
72,0.0007,-0.0005,100.0,518.67,642.21,1598.89,1409.28,14.62,21.61,553.34,2388.04,9055.82,1.3,47.45,521.1,2388.11,8134.56,8.4548,0.03,392,2388,100.0,38.81,23.2863
191,-0.005,0.0,100.0,518.67,643.15,1603.83,1429.15,14.62,21.61,552.81,2388.12,9082.85,1.3,48.01,519.89,2388.16,8156.67,8.5239,0.03,395,2388,100.0,38.36,23.186
112,-0.0011,-0.0005,100.0,518.67,642.58,1592.34,1419.48,14.62,21.61,553.64,2388.16,9061.63,1.3,47.73,520.82,2388.07,8140.16,8.4348,0.03,394,2388,100.0,38.69,23.3227
53,-0.0006,-0.0004,100.0,518.67,643.8,1592.28,1404.63,14.62,21.61,552.86,2388.14,9042.69,1.3,47.81,521.28,2388.14,8124.07,8.4437,0.03,394,2388,100.0,38.74,23.3021
111,-0.0022,0.0004,100.0,518.67,642.09,1585.93,1401.59,14.62,21.61,554.63,2388.04,9076.62,1.3,47.43,522.45,2388.08,8151.96,8.3999,0.03,392,2388,100.0,38.93,23.4159
110,0.0011,-0.0006,100.0,518.67,642.54,1589.83,1409.9,14.62,21.61,553.33,2388.09,9068.83,1.3,47.59,521.61,2388.09,8145.54,8.4337,0.03,393,2388,100.0,39.05,23.2011
184,0.0012,0.0002,100.0,518.67,643.24,1601.58,1414.72,14.62,21.61,552.92,2388.13,9110.47,1.3,47.9,520.55,2388.11,8175.71,8.4747,0.03,395,2388,100.0,38.65,23.2767
268,0.0008,0.0002,100.0,518.67,643.91,1599.06,1415.13,14.62,21.61,552.79,2388.17,9070.05,1.3,47.89,520.44,2388.15,8148.82,8.5148,0.03,394,2388,100.0,38.71,23.1268
5,-0.0051,-0.0004,100.0,518.67,642.69,1587.7,1412.24,14.62,21.61,553.37,2388.14,9043.0,1.3,47.36,521.65,2388.09,8127.32,8.4261,0.03,392,2388,100.0,38.64,23.4375
72,0.0017,0.0,100.0,518.67,642.5,1591.17,1413.75,14.62,21.61,553.8,2388.14,9059.7,1.3,47.67,520.81,2388.13,8140.85,8.4594,0.03,393,2388,100.0,38.85,23.2792
68,-0.0018,0.0001,100.0,518.67,642.0,1579.94,1395.59,14.62,21.6,554.06,2388.05,9069.6,1.3,47.27,522.92,2387.99,8146.84,8.425,0.03,393,2388,100.0,39.06,23.3948
227,0.0004,-0.0001,100.0,518.67,643.3,1600.96,1416.6,14.62,21.61,551.9,2388.17,9080.86,1.3,47.98,520.73,2388.17,8150.49,8.4869,0.03,395,2388,100.0,38.7,23.2282
174,0.0024,0.0,100.0,518.67,642.9,1594.58,1421.7,14.62,21.61,552.36,2388.19,9076.85,1.3,47.88,520.55,2388.23,8156.31,8.5042,0.03,395,2388,100.0,38.52,23.1962
15,-0.0003,-0.0001,100.0,518.67,642.61,1582.4,1406.64,14.62,21.61,554.31,2388.07,9049.2,1.3,47.28,522.36,2387.98,8131.09,8.3758,0.03,392,2388,100.0,39.05,23.2728
38,-0.0019,0.0,100.0,518.67,641.93,1592.56,1396.15,14.62,21.61,554.3,2388.05,9059.56,1.3,47.21,521.7,2388.08,8138.43,8.4235,0.03,393,2388,100.0,39.06,23.3351
37,-0.0006,0.0001,100.0,518.67,642.49,1592.13,1408.03,14.62,21.61,554.29,2388.14,9049.26,1.3,47.55,521.51,2388.14,8127.96,8.4318,0.03,393,2388,100.0,38.95,23.2534
143,0.0039,0.0003,100.0,518.67,642.82,1600.64,1421.68,14.62,21.61,552.03,2388.18,9050.46,1.3,47.86,520.62,2388.18,8122.01,8.4773,0.03,396,2388,100.0,38.49,23.1289
60,0.0014,-0.0002,100.0,518.67,642.09,1584.57,1396.84,14.62,21.61,554.06,2388.04,9057.57,1.3,47.12,521.93,2388.02,8141.27,8.4003,0.03,393,2388,100.0,39.11,23.3928
5,0.0031,0.0,100.0,518.67,642.73,1589.12,1405.39,14.62,21.61,553.16,2388.1,9046.52,1.3,47.29,521.85,2388.07,8131.29,8.3972,0.03,391,2388,100.0,38.87,23.2821
1,-0.0009,-0.0,100.0,518.67,642.32,1582.38,1393.03,14.62,21.61,554.79,2388.05,9058.68,1.3,47.19,522.25,2387.99,8138.73,8.4135,0.03,392,2388,100.0,39.02,23.4287
53,0.0032,0.0002,100.0,518.67,642.34,1586.75,1405.98,14.62,21.61,554.45,2388.01,9072.92,1.3,47.4,521.63,2387.96,8154.06,8.4051,0.03,391,2388,100.0,38.73,23.4671
156,-0.0006,0.0001,100.0,518.67,642.48,1583.91,1401.34,14.62,21.61,553.66,2388.06,9072.19,1.3,47.59,521.92,2388.04,8148.75,8.4213,0.03,395,2388,100.0,38.96,23.2509
113,-0.0039,0.0002,100.0,518.67,642.83,1596.96,1403.74,14.62,21.61,552.95,2388.12,9061.24,1.3,47.47,521.69,2388.14,8139.55,8.44,0.03,393,2388,100.0,38.79,23.238
149,-0.0001,0.0005,100.0,518.67,642.7,1593.19,1408.42,14.62,21.61,553.04,2388.11,9087.97,1.3,47.64,520.97,2388.15,8163.75,8.4575,0.03,393,2388,100.0,38.8,23.221
91,-0.0041,-0.0001,100.0,518.67,642.86,1588.89,1403.53,14.62,21.61,553.11,2388.08,9058.69,1.3,47.51,522.05,2388.1,8140.36,8.4689,0.03,392,2388,100.0,38.68,23.2542
35,0.0026,-0.0003,100.0,518.67,642.14,1585.78,1405.47,14.62,21.61,554.01,2388.13,9042.51,1.3,47.54,521.24,2388.08,8127.25,8.4185,0.03,392,2388,100.0,38.9,23.2039
335,-0.0,0.0003,100.0,518.67,643.17,1592.32,1421.65,14.62,21.61,551.66,2388.23,9062.78,1.3,47.94,520.47,2388.22,8135.78,8.4707,0.03,396,2388,100.0,38.64,23.2003
24,0.0022,-0.0004,100.0,518.67,642.92,1584.01,1406.58,14.62,21.61,552.85,2388.14,9048.23,1.3,47.53,521.63,2388.11,8124.29,8.4348,0.03,391,2388,100.0,38.9,23.3129
122,-0.0005,0.0001,100.0,518.67,642.82,1591.56,1420.11,14.62,21.61,552.23,2388.14,9076.23,1.3,47.82,521.18,2388.11,8144.87,8.469,0.03,394,2388,100.0,38.64,23.1663
71,0.0023,0.0002,100.0,518.67,642.34,1588.94,1406.93,14.62,21.61,553.5,2388.12,9051.52,1.3,47.5,521.51,2388.12,8136.06,8.4797,0.03,394,2388,100.0,38.93,23.2532
84,-0.0003,0.0002,100.0,518.67,643.14,1584.71,1409.65,14.62,21.61,553.22,2388.13,9040.29,1.3,47.66,520.92,2388.17,8121.79,8.4291,0.03,392,2388,100.0,38.91,23.3213
215,-0.0009,0.0002,100.0,518.67,643.57,1603.88,1413.65,14.62,21.61,552.22,2388.13,9118.23,1.3,48.0,520.68,2388.17,8189.73,8.5033,0.03,396,2388,100.0,38.59,23.0535
179,0.0002,0.0004,100.0,518.67,643.3,1598.63,1419.48,14.62,21.61,551.6,2388.24,9125.11,1.3,47.97,520.47,2388.23,8192.22,8.5238,0.03,397,2388,100.0,38.74,23.1035
129,0.0013,0.0004,100.0,518.67,642.9,1597.07,1422.22,14.62,21.61,552.09,2388.17,9057.76,1.3,47.75,520.24,2388.16,8132.31,8.455,0.03,394,2388,100.0,38.54,23.1727
63,0.0005,-0.0003,100.0,518.67,642.55,1589.93,1400.48,14.62,21.61,553.27,2388.1,9063.05,1.3,47.61,520.92,2388.1,8140.91,8.436,0.03,394,2388,100.0,38.88,23.4023
156,0.0002,0.0003,100.0,518.67,643.15,1594.92,1421.8,14.62,21.61,552.32,2388.14,9084.14,1.3,47.63,521.49,2388.1,8158.03,8.4945,0.03,395,2388,100.0,38.63,23.1976
9,0.0044,0.0001,100.0,518.67,642.72,1589.08,1407.47,14.62,21.61,554.43,2388.07,9051.04,1.3,47.53,521.41,2388.1,8128.44,8.4484,0.03,392,2388,100.0,39.04,23.3733
145,-0.0019,-0.0003,100.0,518.67,642.3,1584.65,1397.85,14.62,21.61,554.06,2388.02,9073.92,1.3,47.35,522.19,2388.01,8150.4,8.4253,0.03,393,2388,100.0,38.86,23.2876
93,-0.0019,0.0003,100.0,518.67,642.13,1586.29,1407.97,14.62,21.61,554.29,2388.04,9069.62,1.3,47.4,521.71,2388.09,8145.73,8.4325,0.03,393,2388,100.0,38.71,23.3135
67,0.0004,0.0004,100.0,518.67,641.98,1587.95,1401.4,14.62,21.61,554.55,2388.01,9060.32,1.3,47.47,522.46,2388.0,8145.73,8.3937,0.03,391,2388,100.0,38.98,23.451
125,-0.0005,0.0001,100.0,518.67,643.03,1593.71,1418.66,14.62,21.61,552.4,2388.24,9050.13,1.3,47.9,520.77,2388.15,8127.59,8.4455,0.03,393,2388,100.0,38.61,23.2072
126,-0.0008,-0.0003,100.0,518.67,643.13,1601.52,1418.16,14.62,21.61,552.71,2388.05,9092.73,1.3,47.86,520.72,2388.05,8167.14,8.4775,0.03,393,2388,100.0,38.69,23.2992
6,0.0015,0.0002,100.0,518.67,642.25,1587.09,1404.26,14.62,21.61,554.68,2387.97,9066.56,1.3,47.32,522.38,2387.99,8146.34,8.4022,0.03,392,2388,100.0,38.89,23.3299
78,0.0001,-0.0005,100.0,518.67,642.12,1584.6,1400.5,14.62,21.61,553.98,2388.06,9062.32,1.3,47.23,522.25,2388.06,8143.12,8.3759,0.03,392,2388,100.0,39.01,23.3331
96,0.001,0.0004,100.0,518.67,642.05,1590.72,1409.83,14.62,21.61,553.76,2388.09,9039.34,1.3,47.57,521.46,2388.18,8135.05,8.4686,0.03,396,2388,100.0,39.11,23.2168
194,-0.0018,0.0001,100.0,518.67,642.21,1596.73,1405.27,14.62,21.61,553.22,2388.11,9072.22,1.3,47.59,521.07,2388.12,8144.29,8.4607,0.03,394,2388,100.0,38.86,23.2368
84,0.0007,-0.0,100.0,518.67,642.33,1593.76,1413.99,14.62,21.61,553.31,2388.14,9053.8,1.3,47.29,520.86,2388.1,8132.98,8.4541,0.03,392,2388,100.0,38.74,23.336
49,0.0002,-0.0,100.0,518.67,642.5,1590.36,1408.59,14.62,21.61,554.29,2388.09,9049.58,1.3,47.34,521.82,2388.06,8131.38,8.421,0.03,393,2388,100.0,38.92,23.2912
207,0.0017,-0.0004,100.0,518.67,643.27,1602.47,1415.91,14.62,21.61,552.45,2388.07,9211.23,1.3,47.99,520.47,2388.11,8268.39,8.5021,0.03,396,2388,100.0,38.56,23.2241
11,0.004,-0.0,100.0,518.67,642.96,1597.12,1412.89,14.62,21.61,553.38,2388.11,9053.03,1.3,47.48,521.39,2388.14,8139.37,8.457,0.03,394,2388,100.0,38.86,23.235
43,-0.0003,-0.0003,100.0,518.67,642.08,1595.6,1396.66,14.62,21.61,553.92,2388.09,9052.01,1.3,47.43,521.86,2388.12,8137.68,8.4607,0.03,394,2388,100.0,38.96,23.4068
4,-0.0041,0.0002,100.0,518.67,642.0,1584.04,1396.35,14.62,21.61,554.65,2388.0,9054.69,1.3,47.17,522.12,2387.99,8145.1,8.4005,0.03,390,2388,100.0,39.07,23.5221
158,0.0005,-0.0005,100.0,518.67,642.74,1590.78,1414.85,14.62,21.61,552.63,2388.11,9084.89,1.3,47.76,521.02,2388.1,8162.18,8.4482,0.03,394,2388,100.0,38.83,23.2356
171,0.002,-0.0003,100.0,518.67,643.69,1594.79,1416.71,14.62,21.61,552.21,2388.14,9133.85,1.3,47.74,520.85,2388.12,8204.3,8.49,0.03,396,2388,100.0,38.66,23.2471
113,-0.0007,-0.0002,100.0,518.67,642.98,1590.69,1402.08,14.62,21.61,553.3,2388.12,9079.71,1.3,47.35,521.21,2388.07,8157.36,8.4685,0.03,393,2388,100.0,38.7,23.1859
82,0.0004,0.0004,100.0,518.67,642.71,1597.33,1407.31,14.62,21.61,553.43,2388.08,9064.24,1.3,47.52,521.37,2388.11,8138.59,8.4152,0.03,392,2388,100.0,38.78,23.3481
168,0.0004,0.0004,100.0,518.67,642.36,1581.13,1402.62,14.62,21.61,553.5,2388.08,9060.2,1.3,47.29,522.16,2388.07,8134.63,8.3989,0.03,392,2388,100.0,38.92,23.3384
142,0.0006,0.0004,100.0,518.67,642.57,1588.53,1408.65,14.62,21.61,553.8,2388.1,9063.42,1.3,47.66,521.84,2388.07,8139.58,8.4105,0.03,394,2388,100.0,38.96,23.2363
221,0.0004,-0.0002,100.0,518.67,643.64,1588.48,1414.44,14.62,21.61,552.86,2388.17,9080.34,1.3,47.75,521.0,2388.14,8155.09,8.4397,0.03,396,2388,100.0,38.75,23.2516
144,0.0003,0.0001,100.0,518.67,643.15,1599.2,1417.97,14.62,21.61,553.54,2388.11,9089.71,1.3,47.77,521.16,2388.13,8165.57,8.4597,0.03,392,2388,100.0,38.77,23.1555
87,0.0021,0.0002,100.0,518.67,642.84,1589.9,1411.09,14.62,21.61,553.4,2388.07,9065.4,1.3,47.46,521.79,2388.0,8148.31,8.3996,0.03,392,2388,100.0,38.89,23.3316
108,0.0021,0.0001,100.0,518.67,642.97,1584.63,1413.1,14.62,21.61,553.14,2388.15,9051.31,1.3,47.72,521.09,2388.1,8130.85,8.4792,0.03,392,2388,100.0,38.78,23.2998
52,-0.0004,0.0005,100.0,518.67,642.1,1582.77,1395.75,14.62,21.61,554.66,2388.01,9063.48,1.3,47.12,522.32,2388.0,8142.47,8.4098,0.03,392,2388,100.0,39.15,23.485
140,0.0002,0.0002,100.0,518.67,642.96,1592.7,1414.87,14.62,21.61,552.62,2388.11,9074.22,1.3,47.58,521.36,2388.1,8157.23,8.4336,0.03,392,2388,100.0,38.73,23.3439
8,0.0018,0.0,100.0,518.67,641.46,1581.9,1392.49,14.62,21.61,555.66,2388.02,9064.64,1.3,47.37,522.21,2387.94,8145.97,8.4011,0.03,390,2388,100.0,39.27,23.4105
166,0.0022,-0.0005,100.0,518.67,642.68,1587.0,1402.71,14.62,21.61,553.54,2388.09,9078.42,1.3,47.56,521.73,2388.08,8154.6,8.4301,0.03,393,2388,100.0,38.88,23.404
12,-0.002,0.0001,100.0,518.67,641.65,1584.84,1390.53,14.62,21.61,554.5,2387.97,9059.06,1.3,47.11,522.49,2388.01,8141.59,8.3869,0.03,392,2388,100.0,38.93,23.4954
41,-0.0017,0.0002,100.0,518.67,641.96,1583.84,1393.26,14.62,21.61,554.32,2387.99,9056.63,1.3,47.23,522.11,2387.96,8138.11,8.4012,0.03,392,2388,100.0,39.0,23.4862
16,-0.0037,0.0004,100.0,518.67,641.56,1578.43,1390.29,14.62,21.61,555.11,2388.0,9065.46,1.3,47.08,522.24,2388.02,8144.59,8.4266,0.03,391,2388,100.0,39.12,23.4884
188,0.0004,-0.0004,100.0,518.67,642.91,1587.14,1406.65,14.62,21.61,553.35,2388.06,9093.76,1.3,47.32,521.95,2388.03,8159.18,8.4366,0.03,393,2388,100.0,38.87,23.2728
173,0.0039,0.0004,100.0,518.67,642.79,1586.63,1413.04,14.62,21.61,552.99,2388.08,9102.72,1.3,47.54,521.71,2388.06,8166.96,8.44,0.03,394,2388,100.0,38.65,23.3386
166,0.0003,0.0004,100.0,518.67,644.07,1598.2,1431.62,14.62,21.61,551.45,2388.32,9060.28,1.3,48.08,519.49,2388.25,8124.49,8.4708,0.03,396,2388,100.0,38.37,23.1147
79,0.0033,0.0001,100.0,518.67,642.49,1592.1,1408.22,14.62,21.61,552.33,2388.12,9048.25,1.3,47.48,521.7,2388.11,8120.04,8.4521,0.03,394,2388,100.0,38.73,23.2556
127,-0.0006,0.0003,100.0,518.67,643.1,1591.08,1412.16,14.62,21.61,552.47,2388.18,9058.51,1.3,47.76,520.46,2388.16,8137.85,8.5023,0.03,393,2388,100.0,38.61,23.1422
89,-0.0002,-0.0004,100.0,518.67,642.56,1590.26,1398.19,14.62,21.61,554.07,2388.12,9056.77,1.3,47.35,521.84,2388.03,8145.28,8.4484,0.03,394,2388,100.0,38.81,23.3328
280,-0.0036,0.0001,100.0,518.67,643.76,1598.26,1425.35,14.62,21.61,551.95,2388.18,9071.82,1.3,48.0,520.13,2388.22,8146.14,8.5108,0.03,396,2388,100.0,38.55,23.0819
103,0.0002,-0.0001,100.0,518.67,642.98,1586.03,1414.03,14.62,21.61,552.0,2388.26,9037.11,1.3,47.9,520.43,2388.25,8119.2,8.4884,0.03,395,2388,100.0,38.55,23.1751
82,0.0008,-0.0004,100.0,518.67,642.56,1588.29,1411.89,14.62,21.61,553.21,2388.14,9057.82,1.3,47.48,521.09,2388.06,8140.49,8.4825,0.03,392,2388,100.0,38.57,23.2266
86,-0.0012,0.0004,100.0,518.67,642.39,1582.91,1407.56,14.62,21.61,553.73,2388.1,9064.32,1.3,47.49,522.01,2388.09,8143.39,8.4255,0.03,393,2388,100.0,39.06,23.3156
72,-0.0028,0.0003,100.0,518.67,642.42,1584.73,1404.86,14.62,21.61,553.8,2388.11,9058.59,1.3,47.59,522.04,2388.06,8146.85,8.4021,0.03,392,2388,100.0,38.89,23.3863
97,0.0016,0.0,100.0,518.67,642.2,1591.7,1406.53,14.62,21.61,553.12,2388.08,9064.65,1.3,47.54,521.37,2388.11,8140.95,8.4557,0.03,392,2388,100.0,38.91,23.2572
71,0.0033,0.0005,100.0,518.67,641.76,1583.8,1394.25,14.62,21.61,554.25,2388.04,9056.84,1.3,47.32,522.16,2388.05,8138.88,8.3968,0.03,392,2388,100.0,38.95,23.4043
36,0.0001,0.0005,100.0,518.67,642.2,1589.6,1406.3,14.62,21.61,553.91,2387.98,9057.89,1.3,47.31,522.45,2388.06,8147.64,8.4164,0.03,390,2388,100.0,39.08,23.4601
9,0.0028,0.0004,100.0,518.67,642.76,1589.31,1416.61,14.62,21.61,553.56,2388.1,9053.53,1.3,47.54,521.28,2388.1,8136.5,8.4141,0.03,393,2388,100.0,38.61,23.2479
153,0.0003,0.0004,100.0,518.67,642.46,1592.3,1405.94,14.62,21.61,552.73,2388.05,9068.83,1.3,47.32,522.09,2388.07,8146.52,8.4272,0.03,394,2388,100.0,38.87,23.2887
211,-0.0021,0.0002,100.0,518.67,643.01,1595.22,1414.33,14.62,21.61,552.88,2388.06,9100.53,1.3,47.77,521.28,2388.06,8167.18,8.4404,0.03,393,2388,100.0,38.67,23.1791
171,0.0003,0.0004,100.0,518.67,643.36,1601.38,1410.27,14.62,21.61,552.31,2388.1,9092.33,1.3,47.86,520.78,2388.09,8166.44,8.4744,0.03,395,2388,100.0,38.67,23.1018
179,0.0019,-0.0,100.0,518.67,643.48,1597.72,1419.03,14.62,21.61,552.24,2388.17,9125.75,1.3,47.89,520.66,2388.13,8191.1,8.4974,0.03,396,2388,100.0,38.68,23.1899
56,0.0008,-0.0001,100.0,518.67,643.16,1592.72,1411.87,14.62,21.61,552.42,2388.13,9040.82,1.3,47.62,521.47,2388.11,8128.03,8.4291,0.03,393,2388,100.0,38.83,23.371
80,-0.0005,0.0002,100.0,518.67,642.08,1594.77,1401.76,14.62,21.61,553.77,2388.06,9072.78,1.3,47.22,522.56,2388.0,8151.68,8.3913,0.03,392,2388,100.0,38.81,23.2302
35,-0.0042,0.0004,100.0,518.67,641.95,1579.09,1397.35,14.62,21.61,554.32,2387.97,9060.9,1.3,47.02,522.67,2388.07,8143.61,8.3856,0.03,391,2388,100.0,39.13,23.3904
113,0.0021,0.0003,100.0,518.67,642.35,1594.27,1416.27,14.62,21.61,553.62,2388.08,9053.4,1.3,47.63,521.59,2388.12,8130.55,8.4451,0.03,393,2388,100.0,38.8,23.2377
64,-0.0001,-0.0004,100.0,518.67,642.66,1591.25,1405.84,14.62,21.61,553.0,2388.13,9044.09,1.3,47.65,521.37,2388.14,8116.96,8.4645,0.03,394,2388,100.0,38.81,23.1885
130,-0.0047,-0.0,100.0,518.67,642.96,1590.93,1406.79,14.62,21.61,553.37,2388.18,9061.54,1.3,47.51,521.31,2388.09,8139.75,8.5033,0.03,393,2388,100.0,38.71,23.3121
242,-0.0008,-0.0002,100.0,518.67,643.41,1596.72,1419.3,14.62,21.61,552.89,2388.11,9122.21,1.3,47.66,521.08,2388.08,8194.79,8.4488,0.03,395,2388,100.0,38.66,23.2495
137,-0.0018,-0.0005,100.0,518.67,642.28,1592.76,1411.66,14.62,21.61,553.23,2388.1,9068.83,1.3,47.78,521.1,2388.12,8139.77,8.4572,0.03,393,2388,100.0,38.76,23.4579
77,-0.0007,-0.0003,100.0,518.67,643.35,1587.93,1416.03,14.62,21.61,554.19,2388.12,9062.67,1.3,47.72,521.26,2388.16,8140.56,8.4648,0.03,396,2388,100.0,38.8,23.21
140,-0.001,0.0002,100.0,518.67,642.98,1598.25,1415.07,14.62,21.61,552.64,2388.14,9068.26,1.3,47.7,520.98,2388.13,8148.83,8.4519,0.03,392,2388,100.0,38.66,23.2201
35,0.0012,-0.0002,100.0,518.67,642.83,1589.06,1409.98,14.62,21.61,553.06,2388.14,9044.0,1.3,47.69,521.21,2388.1,8125.35,8.4399,0.03,394,2388,100.0,38.91,23.2996
116,0.0005,0.0,100.0,518.67,643.29,1596.8,1405.14,14.62,21.61,551.89,2388.16,9036.62,1.3,47.91,520.54,2388.18,8114.27,8.467,0.03,392,2388,100.0,38.75,23.1789
108,0.0014,0.0,100.0,518.67,642.61,1590.18,1407.28,14.62,21.61,554.05,2388.12,9060.41,1.3,47.53,521.74,2388.09,8130.89,8.4679,0.03,394,2388,100.0,38.88,23.2657
122,0.0001,0.0004,100.0,518.67,642.23,1587.52,1413.11,14.62,21.61,553.84,2388.06,9058.51,1.3,47.32,522.59,2388.07,8145.04,8.4394,0.03,392,2388,100.0,38.85,23.4134
173,-0.0031,-0.0005,100.0,518.67,642.79,1593.86,1414.82,14.62,21.61,552.46,2388.08,9062.31,1.3,47.58,520.63,2388.16,8148.73,8.4557,0.03,394,2388,100.0,38.7,23.2635
173,0.0011,-0.0001,100.0,518.67,643.73,1602.88,1423.61,14.62,21.61,551.12,2388.22,9082.25,1.3,48.17,520.13,2388.21,8149.42,8.4917,0.03,396,2388,100.0,38.46,23.0737
176,-0.002,-0.0002,100.0,518.67,643.49,1599.4,1427.06,14.62,21.61,551.48,2388.18,9125.2,1.3,48.08,520.14,2388.2,8191.75,8.5309,0.03,396,2388,100.0,38.46,23.1078
126,-0.0005,-0.0003,100.0,518.67,641.95,1593.68,1401.22,14.62,21.61,553.51,2388.1,9054.76,1.3,47.5,522.23,2388.02,8130.6,8.4258,0.03,394,2388,100.0,38.93,23.2533
135,0.0033,0.0004,100.0,518.67,642.9,1596.24,1410.8,14.62,21.61,552.8,2388.09,9073.29,1.3,47.58,521.08,2388.15,8152.2,8.4656,0.03,393,2388,100.0,38.81,23.2899
43,0.0009,0.0004,100.0,518.67,642.32,1582.93,1397.5,14.62,21.61,555.01,2388.01,9066.91,1.3,47.2,521.93,2388.0,8149.53,8.4454,0.03,391,2388,100.0,39.21,23.3467
48,0.0016,0.0001,100.0,518.67,642.59,1589.61,1399.78,14.62,21.61,553.16,2388.09,9062.81,1.3,47.5,521.55,2388.02,8144.68,8.4532,0.03,393,2388,100.0,38.95,23.3201
28,-0.0053,-0.0004,100.0,518.67,642.39,1583.78,1397.51,14.62,21.61,555.41,2388.02,9051.95,1.3,47.39,521.73,2388.09,8140.09,8.3993,0.03,392,2388,100.0,38.89,23.4389
170,-0.0038,-0.0002,100.0,518.67,642.29,1582.07,1405.88,14.62,21.61,554.05,2388.05,9061.58,1.3,47.42,521.81,2388.09,8136.06,8.4019,0.03,394,2388,100.0,38.82,23.3343
224,-0.0008,-0.0002,100.0,518.67,643.43,1592.33,1415.48,14.62,21.61,552.18,2388.18,9090.6,1.3,47.76,520.75,2388.12,8169.37,8.4428,0.03,394,2388,100.0,38.68,23.1963
30,0.0006,0.0001,100.0,518.67,642.44,1583.31,1397.49,14.62,21.61,554.14,2387.97,9064.15,1.3,47.12,522.53,2387.97,8148.14,8.4299,0.03,392,2388,100.0,38.98,23.3854
179,-0.0019,-0.0004,100.0,518.67,643.2,1595.24,1417.57,14.62,21.61,553.12,2388.16,9056.85,1.3,47.99,520.52,2388.18,8131.84,8.4878,0.03,394,2388,100.0,38.37,23.1942
21,-0.001,-0.0002,100.0,518.67,642.46,1584.32,1409.2,14.62,21.61,553.92,2388.09,9056.49,1.3,47.42,522.4,2388.0,8136.93,8.398,0.03,391,2388,100.0,38.85,23.3323
53,0.002,-0.0001,100.0,518.67,642.51,1589.91,1393.86,14.62,21.61,554.34,2388.09,9057.99,1.3,47.3,522.41,2387.98,8135.79,8.3661,0.03,393,2388,100.0,39.02,23.2672
171,-0.0028,-0.0002,100.0,518.67,642.56,1588.49,1410.0,14.62,21.61,552.9,2388.13,9073.13,1.3,47.62,520.9,2388.15,8146.61,8.4526,0.03,395,2388,100.0,38.64,23.1895
76,-0.0014,0.0,100.0,518.67,641.89,1586.03,1397.41,14.62,21.61,554.11,2388.02,9066.66,1.3,47.29,521.88,2388.03,8150.18,8.363,0.03,393,2388,100.0,38.89,23.2577
53,-0.0019,0.0002,100.0,518.67,641.67,1585.26,1401.36,14.62,21.61,553.78,2388.04,9062.13,1.3,47.41,522.33,2388.01,8145.75,8.4018,0.03,391,2388,100.0,38.94,23.4118
116,-0.0008,0.0001,100.0,518.67,642.67,1589.76,1414.6,14.62,21.61,553.96,2388.15,9069.6,1.3,47.57,521.49,2388.1,8141.35,8.4454,0.03,392,2388,100.0,38.91,23.2429
56,0.0022,0.0,100.0,518.67,642.25,1587.94,1398.44,14.62,21.61,554.01,2388.06,9044.39,1.3,47.49,521.89,2388.06,8129.64,8.4162,0.03,392,2388,100.0,38.93,23.2541
79,0.0014,0.0004,100.0,518.67,642.14,1592.26,1407.47,14.62,21.61,553.13,2388.1,9056.85,1.3,47.39,521.93,2388.1,8136.08,8.4384,0.03,393,2388,100.0,39.05,23.4146
22,0.001,-0.0001,100.0,518.67,642.28,1588.92,1397.3,14.62,21.61,554.96,2387.99,9048.1,1.3,47.14,522.04,2388.01,8137.55,8.3823,0.03,393,2388,100.0,39.07,23.5493
8,0.0002,-0.0003,100.0,518.67,642.73,1593.1,1409.33,14.62,21.61,553.91,2388.13,9056.95,1.3,47.62,521.7,2388.07,8131.54,8.4268,0.03,393,2388,100.0,38.7,23.4049
3,0.0002,-0.0001,100.0,518.67,642.63,1588.16,1408.81,14.62,21.61,553.31,2388.09,9042.25,1.3,47.62,521.64,2388.13,8124.61,8.4142,0.03,391,2388,100.0,38.78,23.3072
111,-0.0002,-0.0003,100.0,518.67,642.53,1582.44,1401.75,14.62,21.61,553.44,2388.05,9077.4,1.3,47.28,522.57,2388.03,8151.32,8.3795,0.03,391,2388,100.0,38.76,23.3086
174,0.0013,-0.0004,100.0,518.67,642.75,1584.64,1407.27,14.62,21.61,553.46,2388.05,9100.32,1.3,47.53,522.52,2388.01,8183.33,8.4107,0.03,394,2388,100.0,38.87,23.359
8,0.0023,-0.0004,100.0,518.67,642.37,1591.51,1403.71,14.62,21.61,553.78,2387.97,9070.06,1.3,47.25,521.91,2387.99,8143.16,8.4075,0.03,391,2388,100.0,38.95,23.3935
159,-0.0027,0.0002,100.0,518.67,642.04,1594.64,1402.42,14.62,21.61,553.54,2388.06,9068.46,1.3,47.67,521.76,2388.09,8144.87,8.4454,0.03,390,2388,100.0,38.91,23.2458
45,0.0004,0.0004,100.0,518.67,641.79,1586.09,1403.7,14.62,21.61,553.82,2388.05,9062.88,1.3,47.28,522.23,2388.03,8138.64,8.3641,0.03,391,2388,100.0,38.73,23.4475
106,-0.0024,0.0004,100.0,518.67,642.45,1580.18,1393.81,14.62,21.61,554.2,2388.07,9075.17,1.3,47.16,522.34,2388.05,8148.69,8.4206,0.03,393,2388,100.0,39.03,23.4957
74,0.0011,-0.0001,100.0,518.67,642.4,1587.46,1406.27,14.62,21.61,553.3,2388.14,9059.75,1.3,47.59,521.34,2388.11,8138.64,8.4523,0.03,392,2388,100.0,38.91,23.2436
180,0.0034,0.0005,100.0,518.67,643.88,1594.16,1422.19,14.62,21.61,552.22,2388.21,9062.66,1.3,47.9,520.45,2388.25,8137.19,8.4968,0.03,394,2388,100.0,38.66,23.1872
5,0.0005,0.0004,100.0,518.67,641.73,1579.03,1402.52,14.62,21.6,555.12,2388.03,9058.15,1.3,47.25,522.27,2387.94,8136.67,8.3867,0.03,390,2388,100.0,39.18,23.4234
37,-0.0011,0.0001,100.0,518.67,642.45,1583.54,1395.63,14.62,21.6,553.39,2388.02,9064.29,1.3,47.11,522.06,2388.03,8146.17,8.3687,0.03,392,2388,100.0,39.08,23.4468
48,0.0057,-0.0,100.0,518.67,642.44,1589.78,1406.0,14.62,21.61,553.47,2388.1,9055.99,1.3,47.31,521.32,2388.09,8128.37,8.4148,0.03,393,2388,100.0,39.28,23.3804
135,0.0024,-0.0,100.0,518.67,643.28,1593.03,1416.27,14.62,21.61,553.56,2388.07,9087.11,1.3,47.92,520.43,2388.15,8151.37,8.4907,0.03,394,2388,100.0,38.8,23.172
160,0.0033,-0.0003,100.0,518.67,642.53,1585.65,1409.72,14.62,21.61,554.65,2388.07,9059.7,1.3,47.46,521.96,2388.05,8144.03,8.4012,0.03,393,2388,100.0,38.92,23.4119
93,-0.0038,-0.0005,100.0,518.67,642.95,1595.82,1413.19,14.62,21.61,552.97,2388.09,9053.94,1.3,47.5,521.34,2388.12,8128.29,8.4377,0.03,393,2388,100.0,38.8,23.3475
75,0.0051,0.0003,100.0,518.67,642.32,1580.22,1408.82,14.62,21.61,554.21,2388.1,9065.89,1.3,47.34,522.0,2388.07,8141.92,8.4288,0.03,393,2388,100.0,38.87,23.3155
29,-0.0025,0.0,100.0,518.67,642.57,1579.13,1397.24,14.62,21.61,555.33,2388.04,9068.52,1.3,47.26,522.7,2388.03,8140.88,8.4018,0.03,391,2388,100.0,38.99,23.432
167,-0.0022,0.0,100.0,518.67,643.22,1593.12,1422.14,14.62,21.61,552.35,2388.25,9051.18,1.3,47.74,520.12,2388.21,8118.48,8.5001,0.03,394,2388,100.0,38.68,23.2919
1,0.0035,0.0001,100.0,518.67,642.5,1586.54,1404.33,14.62,21.61,553.48,2388.04,9045.66,1.3,47.35,521.5,2388.09,8127.28,8.4529,0.03,392,2388,100.0,39.11,23.4308
60,-0.0008,0.0003,100.0,518.67,642.44,1579.75,1411.16,14.62,21.61,553.68,2388.12,9058.13,1.3,47.49,521.8,2388.14,8139.57,8.4532,0.03,394,2388,100.0,38.89,23.237
7,-0.0001,-0.0003,100.0,518.67,642.44,1590.91,1410.77,14.62,21.61,553.27,2388.13,9049.31,1.3,47.56,521.58,2388.08,8137.8,8.4606,0.03,394,2388,100.0,38.83,23.3421
7,-0.0038,0.0002,100.0,518.67,642.45,1588.36,1391.19,14.62,21.61,554.66,2387.98,9069.13,1.3,47.21,522.54,2388.0,8153.91,8.3984,0.03,392,2388,100.0,38.91,23.349
25,0.0026,-0.0001,100.0,518.67,642.14,1581.47,1396.7,14.62,21.61,554.4,2388.01,9061.24,1.3,47.15,522.13,2388.02,8145.29,8.3992,0.03,391,2388,100.0,39.0,23.4705
53,-0.0012,-0.0,100.0,518.67,642.4,1582.63,1405.1,14.62,21.61,552.9,2388.11,9046.33,1.3,47.47,521.2,2388.09,8126.58,8.4335,0.03,392,2388,100.0,39.11,23.2212
110,0.0009,0.0003,100.0,518.67,642.21,1589.32,1416.92,14.62,21.61,552.6,2388.13,9036.21,1.3,47.63,521.18,2388.08,8115.31,8.4143,0.03,395,2388,100.0,38.67,23.172
112,0.001,-0.0003,100.0,518.67,642.46,1587.86,1404.72,14.62,21.61,554.2,2388.03,9080.95,1.3,47.1,522.23,2388.04,8157.27,8.3802,0.03,392,2388,100.0,38.93,23.3286
138,0.0012,-0.0004,100.0,518.67,642.93,1593.15,1420.71,14.62,21.61,552.82,2388.2,9099.01,1.3,47.79,520.95,2388.14,8173.3,8.4903,0.03,394,2388,100.0,38.59,23.2389
83,-0.0011,0.0001,100.0,518.67,643.16,1592.31,1415.27,14.62,21.61,553.55,2388.15,9053.54,1.3,47.39,521.35,2388.11,8134.15,8.4222,0.03,393,2388,100.0,38.88,23.2723
136,-0.0042,0.0002,100.0,518.67,642.72,1589.32,1405.63,14.62,21.61,553.27,2388.15,9054.96,1.3,47.38,521.81,2388.11,8148.09,8.3976,0.03,392,2388,100.0,38.98,23.3789
189,-0.0027,0.0002,100.0,518.67,643.62,1598.57,1421.09,14.62,21.61,553.06,2388.11,9116.88,1.3,47.82,520.8,2388.11,8190.93,8.4892,0.03,396,2388,100.0,38.72,23.1772
182,0.0025,-0.0003,100.0,518.67,643.1,1593.39,1418.08,14.62,21.61,551.96,2388.13,9081.79,1.3,47.88,520.49,2388.16,8162.82,8.5117,0.03,395,2388,100.0,38.62,23.0477
219,0.0022,0.0003,100.0,518.67,642.92,1593.78,1417.93,14.62,21.61,552.44,2388.16,9067.62,1.3,47.83,520.96,2388.13,8145.68,8.4666,0.03,395,2388,100.0,38.66,23.182
84,-0.0004,0.0003,100.0,518.67,642.36,1588.31,1405.4,14.62,21.61,553.83,2388.12,9060.4,1.3,47.48,522.0,2388.03,8138.51,8.4399,0.03,393,2388,100.0,38.89,23.3512
13,-0.0029,0.0005,100.0,518.67,641.58,1587.14,1396.97,14.62,21.61,554.59,2388.03,9071.65,1.3,47.24,522.49,2388.04,8145.81,8.3808,0.03,392,2388,100.0,39.08,23.4121
178,-0.0005,-0.0,100.0,518.67,643.22,1601.35,1421.8,14.62,21.61,551.47,2388.27,9051.6,1.3,48.1,519.81,2388.25,8120.93,8.5187,0.03,396,2388,100.0,38.57,23.0534
187,-0.0004,0.0,100.0,518.67,642.75,1589.41,1412.49,14.62,21.61,553.36,2388.17,9066.58,1.3,47.57,521.09,2388.06,8143.65,8.4385,0.03,394,2388,100.0,38.82,23.1923
244,-0.0012,-0.0001,100.0,518.67,643.11,1601.18,1428.04,14.62,21.61,551.49,2388.19,9075.06,1.3,47.94,520.26,2388.17,8150.13,8.5106,0.03,397,2388,100.0,38.55,23.1399
137,-0.0018,0.0002,100.0,518.67,642.6,1585.5,1403.29,14.62,21.61,553.53,2387.95,9070.92,1.3,47.2,522.16,2388.07,8152.49,8.4436,0.03,392,2388,100.0,38.98,23.3797
36,0.0001,-0.0003,100.0,518.67,643.13,1584.84,1397.25,14.62,21.61,553.31,2388.12,9039.88,1.3,47.59,521.33,2388.15,8116.17,8.4505,0.03,394,2388,100.0,38.9,23.1933
181,0.0009,-0.0,100.0,518.67,643.7,1597.51,1423.19,14.62,21.61,551.64,2388.27,9066.43,1.3,48.0,519.61,2388.15,8142.79,8.5116,0.03,398,2388,100.0,38.51,23.199
185,0.0009,-0.0002,100.0,518.67,642.78,1592.49,1404.86,14.62,21.61,553.48,2388.04,9072.38,1.3,47.61,521.51,2388.05,8154.66,8.4591,0.03,394,2388,100.0,38.89,23.3153
130,0.0,-0.0004,100.0,518.67,642.8,1589.53,1404.81,14.62,21.61,553.84,2388.06,9082.71,1.3,47.56,522.0,2388.07,8156.84,8.4413,0.03,392,2388,100.0,39.01,23.3835
93,-0.0002,0.0003,100.0,518.67,642.85,1594.16,1411.15,14.62,21.61,553.2,2388.12,9062.02,1.3,47.86,520.78,2388.12,8134.49,8.4515,0.03,394,2388,100.0,38.63,23.2976
192,0.0025,-0.0002,100.0,518.67,643.29,1593.13,1414.77,14.62,21.61,552.65,2388.09,9067.35,1.3,47.61,520.6,2388.06,8143.45,8.432,0.03,395,2388,100.0,38.97,23.2102
12,0.0004,0.0004,100.0,518.67,642.5,1587.15,1411.1,14.62,21.61,553.51,2388.09,9060.59,1.3,47.53,521.08,2388.16,8138.42,8.4513,0.03,392,2388,100.0,38.88,23.1887
196,-0.0009,-0.0002,100.0,518.67,643.63,1597.71,1417.23,14.62,21.61,552.88,2388.21,9094.9,1.3,47.94,520.67,2388.12,8165.74,8.4911,0.03,396,2388,100.0,38.58,23.1176
41,0.0006,-0.0003,100.0,518.67,642.24,1586.62,1400.5,14.62,21.61,554.2,2387.97,9069.24,1.3,47.42,522.64,2387.97,8153.24,8.3765,0.03,391,2388,100.0,38.82,23.3982
151,-0.005,0.0003,100.0,518.67,643.48,1604.42,1423.42,14.62,21.61,551.31,2388.17,9129.98,1.3,48.11,520.3,2388.16,8195.98,8.5312,0.03,397,2388,100.0,38.48,23.1837
20,0.0026,0.0002,100.0,518.67,641.98,1578.05,1396.41,14.62,21.61,554.42,2388.0,9056.82,1.3,47.23,522.31,2387.99,8140.56,8.3636,0.03,393,2388,100.0,39.04,23.4623
210,-0.003,0.0001,100.0,518.67,643.14,1600.49,1414.18,14.62,21.61,552.22,2388.23,9047.31,1.3,47.78,520.54,2388.23,8121.07,8.5095,0.03,396,2388,100.0,38.65,23.1762
18,-0.0002,-0.0005,100.0,518.67,641.87,1579.23,1393.99,14.62,21.61,554.92,2388.03,9064.42,1.3,47.23,521.78,2387.98,8143.13,8.4046,0.03,392,2388,100.0,38.97,23.4212
95,-0.0031,-0.0004,100.0,518.67,642.72,1590.33,1415.17,14.62,21.61,553.2,2388.1,9061.18,1.3,47.55,521.14,2388.09,8129.0,8.4693,0.03,394,2388,100.0,38.74,23.2932
60,0.0013,-0.0003,100.0,518.67,642.34,1585.25,1414.78,14.62,21.61,554.26,2388.14,9040.92,1.3,47.53,521.24,2388.13,8125.27,8.4282,0.03,392,2388,100.0,38.93,23.2334
141,-0.0012,0.0001,100.0,518.67,642.3,1586.78,1404.7,14.62,21.61,553.42,2388.02,9060.09,1.3,47.33,521.69,2388.09,8134.54,8.428,0.03,393,2388,100.0,38.9,23.4016
137,0.0009,0.0001,100.0,518.67,642.53,1600.35,1406.64,14.62,21.6,553.55,2388.05,9070.77,1.3,47.46,520.94,2388.11,8146.74,8.4547,0.03,392,2388,100.0,38.98,23.3359
23,0.0002,-0.0002,100.0,518.67,642.62,1581.63,1399.94,14.62,21.61,553.26,2388.06,9056.45,1.3,47.38,522.0,2388.09,8140.03,8.4402,0.03,391,2388,100.0,38.9,23.394
97,-0.0037,0.0003,100.0,518.67,643.0,1587.72,1415.77,14.62,21.61,552.15,2388.18,9040.58,1.3,47.71,520.74,2388.17,8124.7,8.4783,0.03,394,2388,100.0,38.7,23.1562
7,-0.0006,0.0003,100.0,518.67,642.42,1591.37,1400.12,14.62,21.61,553.42,2388.12,9064.08,1.3,47.63,521.06,2388.13,8134.8,8.4399,0.03,393,2388,100.0,38.79,23.2641
83,0.0013,0.0002,100.0,518.67,642.96,1584.66,1411.53,14.62,21.61,552.86,2388.09,9043.9,1.3,47.72,521.52,2388.08,8130.61,8.4427,0.03,395,2388,100.0,38.64,23.1529
123,-0.0006,-0.0004,100.0,518.67,641.93,1592.87,1396.62,14.62,21.61,554.04,2388.06,9069.93,1.3,47.2,521.99,2388.03,8157.78,8.4086,0.03,393,2388,100.0,39.1,23.3386
52,0.002,0.0004,100.0,518.67,642.88,1579.57,1397.17,14.62,21.61,554.32,2388.0,9058.17,1.3,47.13,522.26,2388.03,8132.86,8.3918,0.03,390,2388,100.0,39.04,23.4212
67,0.0026,-0.0003,100.0,518.67,641.82,1585.83,1395.31,14.62,21.61,555.07,2388.11,9059.19,1.3,47.38,522.87,2387.97,8145.66,8.3813,0.03,393,2388,100.0,38.98,23.409
37,0.0024,0.0001,100.0,518.67,642.24,1581.95,1393.5,14.62,21.61,554.79,2388.07,9056.15,1.3,47.21,522.52,2387.99,8144.85,8.446,0.03,390,2388,100.0,39.04,23.3135
19,0.0019,0.0001,100.0,518.67,642.79,1582.29,1395.37,14.62,21.61,554.79,2387.96,9053.31,1.3,47.17,522.76,2388.02,8140.49,8.3984,0.03,392,2388,100.0,39.03,23.4238
26,0.0009,-0.0002,100.0,518.67,642.17,1589.3,1408.13,14.62,21.61,553.69,2388.1,9068.49,1.3,47.46,521.31,2388.12,8133.34,8.4375,0.03,391,2388,100.0,38.8,23.3081
72,-0.0007,0.0004,100.0,518.67,642.56,1587.27,1409.68,14.62,21.61,553.23,2388.11,9064.08,1.3,47.47,521.8,2388.08,8139.51,8.4064,0.03,394,2388,100.0,38.86,23.3192
13,-0.0042,-0.0,100.0,518.67,642.2,1589.69,1400.05,14.62,21.61,553.19,2388.2,9045.45,1.3,47.46,521.46,2388.08,8120.9,8.4665,0.03,394,2388,100.0,38.93,23.2982
107,-0.0006,-0.0001,100.0,518.67,641.99,1585.05,1405.92,14.62,21.61,554.51,2388.05,9071.69,1.3,47.19,522.25,2388.05,8146.8,8.4383,0.03,392,2388,100.0,38.86,23.3731
117,-0.0024,0.0003,100.0,518.67,642.31,1591.68,1411.88,14.62,21.61,553.39,2388.1,9044.18,1.3,47.33,521.71,2388.15,8122.85,8.4333,0.03,393,2388,100.0,38.75,23.3553
222,0.0007,0.0002,100.0,518.67,643.38,1596.23,1419.71,14.62,21.61,552.58,2388.07,9126.01,1.3,47.89,521.03,2388.08,8193.99,8.489,0.03,394,2388,100.0,38.56,23.1194
159,-0.0008,-0.0004,100.0,518.67,643.53,1612.88,1418.86,14.62,21.61,551.15,2388.15,9146.79,1.3,48.11,520.5,2388.2,8212.93,8.554,0.03,396,2388,100.0,38.28,23.1357
207,-0.0024,-0.0003,100.0,518.67,643.31,1605.32,1426.49,14.62,21.61,551.04,2388.18,9099.45,1.3,48.13,520.12,2388.23,8176.28,8.5257,0.03,396,2388,100.0,38.36,23.065
59,0.0003,-0.0002,100.0,518.67,642.2,1591.51,1400.91,14.62,21.61,554.24,2388.1,9063.46,1.3,47.27,521.51,2388.09,8144.97,8.4285,0.03,392,2388,100.0,38.76,23.3741
24,0.0006,0.0004,100.0,518.67,641.54,1586.69,1406.26,14.62,21.61,554.31,2388.03,9051.35,1.3,47.26,522.39,2388.01,8148.63,8.3962,0.03,393,2388,100.0,38.87,23.4752
188,0.0044,0.0003,100.0,518.67,643.5,1597.0,1421.45,14.62,21.61,552.12,2388.2,9067.56,1.3,47.97,520.92,2388.14,8143.25,8.4837,0.03,395,2388,100.0,38.72,23.2216
20,-0.0005,0.0005,100.0,518.67,642.8,1591.1,1401.42,14.62,21.61,553.37,2388.08,9060.61,1.3,47.31,522.12,2388.02,8143.12,8.4107,0.03,393,2388,100.0,39.01,23.3917
152,-0.0026,0.0002,100.0,518.67,643.04,1590.44,1417.42,14.62,21.61,552.54,2388.11,9083.27,1.3,47.76,520.39,2388.11,8154.44,8.4598,0.03,395,2388,100.0,38.8,23.3102
78,-0.0024,-0.0002,100.0,518.67,642.43,1593.59,1411.26,14.62,21.61,553.09,2388.1,9070.92,1.3,47.45,521.76,2388.09,8145.92,8.429,0.03,395,2388,100.0,38.85,23.3428
52,0.0056,0.0001,100.0,518.67,642.7,1585.22,1416.97,14.62,21.61,553.44,2388.12,9054.7,1.3,47.66,521.69,2388.14,8133.63,8.4356,0.03,394,2388,100.0,38.99,23.3688
213,-0.0012,-0.0002,100.0,518.67,643.87,1613.62,1422.53,14.62,21.61,552.14,2388.18,9108.91,1.3,48.1,520.09,2388.14,8170.7,8.4907,0.03,396,2388,100.0,38.4,23.1233
234,-0.0022,-0.0002,100.0,518.67,643.49,1588.68,1412.07,14.62,21.61,553.31,2388.12,9070.14,1.3,47.58,521.42,2388.1,8150.84,8.4341,0.03,394,2388,100.0,38.87,23.2635
168,0.0029,-0.0001,100.0,518.67,643.22,1593.18,1409.51,14.62,21.61,552.46,2388.15,9049.28,1.3,47.86,520.7,2388.22,8136.44,8.4309,0.03,395,2388,100.0,38.83,23.2764
143,0.0022,0.0002,100.0,518.67,642.32,1582.47,1406.21,14.62,21.61,553.83,2388.09,9057.94,1.3,47.44,521.46,2388.1,8135.65,8.4468,0.03,392,2388,100.0,38.92,23.3247
167,-0.0028,-0.0002,100.0,518.67,642.89,1592.23,1405.19,14.62,21.61,553.67,2387.99,9114.24,1.3,47.42,521.66,2387.96,8186.47,8.4571,0.03,394,2388,100.0,38.94,23.3449
165,-0.0042,-0.0003,100.0,518.67,643.41,1592.72,1424.72,14.62,21.61,551.71,2388.2,9045.8,1.3,47.96,520.77,2388.16,8123.38,8.4988,0.03,396,2388,100.0,38.56,23.2553
70,0.0011,-0.0003,100.0,518.67,642.5,1589.26,1409.24,14.62,21.61,553.24,2388.02,9067.54,1.3,47.16,521.14,2388.08,8141.92,8.448,0.03,393,2388,100.0,39.04,23.344
114,0.0016,-0.0004,100.0,518.67,642.23,1594.48,1407.51,14.62,21.61,554.83,2388.02,9064.14,1.3,47.33,522.06,2388.04,8143.18,8.4301,0.03,392,2388,100.0,38.9,23.3365
56,-0.0028,-0.0004,100.0,518.67,642.15,1585.88,1400.44,14.62,21.61,553.57,2388.11,9046.48,1.3,47.45,521.71,2388.13,8130.19,8.4593,0.03,392,2388,100.0,38.84,23.2919
80,-0.0003,-0.0,100.0,518.67,642.09,1591.77,1402.03,14.62,21.61,553.14,2388.07,9059.79,1.3,47.67,521.8,2388.08,8133.26,8.4346,0.03,393,2388,100.0,38.79,23.3715
182,-0.0046,-0.0004,100.0,518.67,642.52,1590.76,1402.63,14.62,21.61,551.64,2388.12,9080.27,1.3,47.6,521.46,2388.09,8154.96,8.4713,0.03,394,2388,100.0,38.56,23.2454
100,0.0019,-0.0004,100.0,518.67,642.08,1588.67,1396.26,14.62,21.61,554.1,2388.02,9054.88,1.3,47.32,522.65,2388.0,8143.7,8.4117,0.03,393,2388,100.0,39.21,23.3159
104,0.0014,-0.0002,100.0,518.67,642.97,1592.97,1406.05,14.62,21.61,553.34,2388.18,9054.68,1.3,47.56,521.47,2388.16,8138.0,8.4624,0.03,392,2388,100.0,38.86,23.3497
207,0.0003,0.0,100.0,518.67,643.37,1596.99,1424.85,14.62,21.61,551.63,2388.19,9071.75,1.3,47.99,520.53,2388.18,8140.09,8.4903,0.03,395,2388,100.0,38.53,23.067
25,-0.0024,-0.0,100.0,518.67,642.58,1592.64,1403.69,14.62,21.61,553.48,2388.19,9039.91,1.3,47.5,521.77,2388.14,8126.42,8.4562,0.03,394,2388,100.0,38.74,23.4097
186,0.0002,-0.0001,100.0,518.67,643.61,1601.25,1418.5,14.62,21.61,552.26,2388.21,9084.9,1.3,48.01,520.48,2388.19,8155.49,8.5045,0.03,396,2388,100.0,38.54,23.0806
2,-0.0012,0.0,100.0,518.67,642.81,1595.37,1410.63,14.62,21.61,553.74,2388.15,9059.79,1.3,47.69,520.88,2388.08,8137.77,8.4827,0.03,394,2388,100.0,38.91,23.2101
157,-0.0025,-0.0005,100.0,518.67,642.35,1595.45,1406.14,14.62,21.61,553.15,2388.13,9052.16,1.3,47.47,521.33,2388.15,8136.14,8.4866,0.03,393,2388,100.0,38.9,23.3245
9,-0.0024,0.0001,100.0,518.67,641.88,1586.87,1406.02,14.62,21.61,553.43,2388.02,9064.46,1.3,47.36,521.88,2388.02,8145.7,8.4254,0.03,392,2388,100.0,38.88,23.3746
2,-0.0004,0.0004,100.0,518.67,642.46,1591.88,1406.97,14.62,21.61,553.44,2388.13,9043.86,1.3,47.3,521.67,2388.1,8127.46,8.4789,0.03,392,2388,100.0,38.88,23.2764
213,-0.0013,-0.0005,100.0,518.67,642.55,1600.45,1407.89,14.62,21.61,552.7,2388.06,9089.63,1.3,47.79,520.54,2388.12,8162.3,8.4895,0.03,395,2388,100.0,38.6,23.2244
83,-0.0014,-0.0003,100.0,518.67,642.04,1583.72,1397.8,14.62,21.6,555.02,2388.04,9061.62,1.3,47.11,521.92,2388.02,8140.37,8.4119,0.03,392,2388,100.0,39.05,23.4335
20,-0.0028,0.0004,100.0,518.67,641.99,1585.03,1395.92,14.62,21.61,554.26,2388.02,9068.68,1.3,47.22,522.61,2388.02,8149.54,8.4111,0.03,392,2388,100.0,38.87,23.3776
156,0.0024,0.0003,100.0,518.67,642.34,1586.8,1402.97,14.62,21.61,553.45,2388.12,9060.81,1.3,47.82,520.92,2388.13,8136.61,8.4352,0.03,393,2388,100.0,38.86,23.2616
158,0.003,-0.0004,100.0,518.67,642.61,1594.78,1399.17,14.62,21.6,553.56,2387.97,9116.11,1.3,47.44,521.89,2388.02,8188.3,8.4119,0.03,392,2388,100.0,38.89,23.2962
229,0.0003,-0.0002,100.0,518.67,642.99,1600.46,1419.29,14.62,21.61,552.48,2388.16,9101.29,1.3,47.91,520.96,2388.13,8168.26,8.4558,0.03,395,2388,100.0,38.58,23.1308
195,0.0058,0.0002,100.0,518.67,643.19,1599.61,1422.83,14.62,21.61,553.11,2388.12,9101.84,1.3,47.77,520.73,2388.06,8165.6,8.4709,0.03,393,2388,100.0,38.77,23.0628
115,-0.0006,-0.0004,100.0,518.67,642.14,1579.89,1405.25,14.62,21.61,553.3,2387.98,9065.46,1.3,47.49,521.37,2388.02,8147.37,8.4168,0.03,394,2388,100.0,38.97,23.3281
50,0.001,-0.0001,100.0,518.67,643.1,1586.32,1409.96,14.62,21.61,553.57,2388.08,9062.25,1.3,47.5,521.5,2388.12,8136.43,8.4074,0.03,393,2388,100.0,38.87,23.315
43,-0.0029,-0.0002,100.0,518.67,642.12,1589.99,1407.47,14.62,21.61,553.71,2388.09,9056.77,1.3,47.47,521.67,2388.09,8132.67,8.4196,0.03,393,2388,100.0,38.89,23.4416
128,-0.0023,0.0004,100.0,518.67,642.66,1587.07,1410.27,14.62,21.61,554.08,2388.11,9056.2,1.3,47.35,522.37,2388.05,8138.69,8.4279,0.03,391,2388,100.0,38.79,23.298
55,0.0005,-0.0,100.0,518.67,642.35,1587.57,1408.25,14.62,21.61,553.0,2388.13,9044.25,1.3,47.5,521.43,2388.12,8126.95,8.446,0.03,392,2388,100.0,38.72,23.3462
78,-0.0014,0.0001,100.0,518.67,642.66,1587.09,1408.49,14.62,21.61,554.03,2388.06,9053.78,1.3,47.46,521.53,2388.04,8137.48,8.4084,0.03,392,2388,100.0,38.78,23.3512
5,-0.0008,0.0002,100.0,518.67,642.32,1578.17,1398.36,14.62,21.61,554.73,2388.02,9055.87,1.3,47.15,522.56,2388.0,8135.92,8.4056,0.03,391,2388,100.0,38.98,23.3377
312,-0.001,-0.0002,100.0,518.67,643.4,1599.47,1434.77,14.62,21.61,551.29,2388.22,9077.67,1.3,48.17,520.07,2388.28,8147.69,8.5342,0.03,396,2388,100.0,38.44,23.1478
56,-0.0016,0.0003,100.0,518.67,642.12,1581.49,1397.74,14.62,21.61,554.59,2387.98,9069.99,1.3,47.2,522.7,2387.92,8148.97,8.3772,0.03,391,2388,100.0,39.05,23.4661
241,0.0005,0.0001,100.0,518.67,642.96,1595.09,1415.02,14.62,21.61,553.21,2388.15,9124.95,1.3,47.65,521.59,2388.1,8190.96,8.4388,0.03,395,2388,100.0,38.89,23.1517
99,-0.0025,0.0003,100.0,518.67,642.24,1586.22,1404.67,14.62,21.61,554.73,2388.04,9063.4,1.3,47.32,521.83,2388.06,8149.85,8.3946,0.03,393,2388,100.0,39.01,23.3628
25,-0.0023,0.0004,100.0,518.67,642.24,1586.67,1408.9,14.62,21.61,554.11,2388.11,9057.0,1.3,47.47,521.59,2388.08,8135.48,8.4511,0.03,393,2388,100.0,39.04,23.4263
96,0.0011,0.0002,100.0,518.67,642.5,1588.29,1392.8,14.62,21.61,554.1,2388.07,9055.52,1.3,47.44,522.19,2388.04,8147.06,8.4396,0.03,393,2388,100.0,39.07,23.3494
112,-0.0,0.0002,100.0,518.67,643.15,1605.35,1417.79,14.62,21.61,552.22,2388.23,9044.37,1.3,47.86,521.07,2388.22,8126.73,8.4829,0.03,395,2388,100.0,38.66,23.2076
148,0.0018,0.0004,100.0,518.67,642.65,1584.5,1398.3,14.62,21.61,554.32,2388.02,9055.59,1.3,47.31,522.57,2388.06,8140.37,8.4128,0.03,393,2388,100.0,39.13,23.3971
77,0.0009,0.0003,100.0,518.67,642.75,1594.03,1405.09,14.62,21.61,554.07,2388.17,9061.7,1.3,47.4,521.76,2388.04,8142.43,8.4298,0.03,392,2388,100.0,38.68,23.273
94,-0.0001,0.0005,100.0,518.67,642.81,1592.55,1408.59,14.62,21.61,553.76,2388.15,9055.95,1.3,47.57,521.33,2388.1,8131.8,8.4577,0.03,393,2388,100.0,38.76,23.2419
85,0.0043,-0.0001,100.0,518.67,641.95,1587.14,1414.11,14.62,21.61,554.09,2388.01,9067.15,1.3,47.25,521.84,2388.07,8144.64,8.3949,0.03,391,2388,100.0,38.87,23.314
188,0.0007,-0.0005,100.0,518.67,643.59,1596.38,1423.52,14.62,21.61,551.45,2388.16,9105.3,1.3,47.98,520.15,2388.18,8185.53,8.5062,0.03,397,2388,100.0,38.41,23.065
51,0.0022,0.0002,100.0,518.67,643.43,1593.97,1403.61,14.62,21.61,553.24,2388.12,9060.41,1.3,47.51,521.72,2388.13,8137.34,8.4217,0.03,394,2388,100.0,38.86,23.336
88,-0.0005,0.0003,100.0,518.67,643.0,1592.27,1413.99,14.62,21.61,552.58,2388.15,9045.3,1.3,47.78,520.49,2388.15,8124.14,8.4636,0.03,395,2388,100.0,38.85,23.2395
141,0.0005,-0.0002,100.0,518.67,642.22,1586.76,1402.17,14.62,21.61,554.14,2388.04,9071.91,1.3,47.4,521.9,2388.05,8153.0,8.4158,0.03,391,2388,100.0,38.87,23.439
162,0.0003,-0.0,100.0,518.67,642.05,1583.95,1402.38,14.62,21.61,553.54,2388.1,9057.44,1.3,47.44,521.07,2388.13,8138.31,8.4104,0.03,392,2388,100.0,39.04,23.2663
87,-0.0016,0.0003,100.0,518.67,642.62,1590.12,1403.86,14.62,21.61,552.96,2388.08,9058.94,1.3,47.49,521.34,2388.11,8137.7,8.4497,0.03,393,2388,100.0,38.82,23.3841
108,0.0011,0.0001,100.0,518.67,642.89,1593.46,1407.23,14.62,21.61,554.31,2388.07,9055.48,1.3,47.51,521.39,2388.14,8142.4,8.4457,0.03,393,2388,100.0,38.83,23.2695
162,0.0022,0.0002,100.0,518.67,643.11,1594.78,1420.33,14.62,21.61,552.97,2388.12,9134.86,1.3,47.89,521.51,2388.04,8204.85,8.4726,0.03,393,2388,100.0,38.67,23.0617
35,-0.0,-0.0003,100.0,518.67,642.47,1587.35,1406.13,14.62,21.61,553.62,2388.09,9041.47,1.3,47.6,521.24,2388.14,8119.64,8.4741,0.03,394,2388,100.0,38.77,23.3597
264,0.0013,0.0002,100.0,518.67,643.87,1597.56,1424.46,14.62,21.61,552.04,2388.18,9133.13,1.3,47.98,520.29,2388.15,8203.44,8.5276,0.03,397,2388,100.0,38.39,23.2291
118,0.0007,-0.0002,100.0,518.67,642.91,1595.51,1408.94,14.62,21.61,553.52,2388.13,9053.53,1.3,47.63,521.58,2388.11,8141.79,8.4692,0.03,393,2388,100.0,38.79,23.3029
318,-0.0014,-0.0003,100.0,518.67,643.25,1595.83,1423.28,14.62,21.61,552.13,2388.19,9056.97,1.3,47.8,520.36,2388.16,8132.53,8.4785,0.03,395,2388,100.0,38.71,23.217
63,0.0015,0.0002,100.0,518.67,642.45,1587.6,1410.95,14.62,21.61,553.89,2388.02,9052.34,1.3,47.39,522.11,2388.11,8135.39,8.4424,0.03,393,2388,100.0,38.86,23.3359
85,0.0015,-0.0004,100.0,518.67,642.76,1583.97,1407.34,14.62,21.61,553.77,2388.14,9064.14,1.3,47.62,521.01,2388.13,8135.67,8.4429,0.03,393,2388,100.0,38.8,23.309
70,-0.002,-0.0005,100.0,518.67,642.37,1590.55,1401.26,14.62,21.61,553.35,2387.99,9059.93,1.3,47.2,522.01,2388.04,8138.32,8.3866,0.03,393,2388,100.0,38.95,23.3719
119,0.0011,-0.0002,100.0,518.67,643.79,1601.46,1421.53,14.62,21.61,552.03,2388.23,9039.55,1.3,48.23,519.57,2388.25,8117.77,8.5258,0.03,394,2388,100.0,38.53,23.065
126,0.0014,-0.0005,100.0,518.67,642.91,1592.84,1416.83,14.62,21.61,553.63,2388.12,9056.23,1.3,47.56,520.71,2388.14,8129.17,8.4878,0.03,393,2388,100.0,38.57,23.3927
94,0.0016,-0.0002,100.0,518.67,642.77,1592.93,1410.66,14.62,21.61,552.62,2388.12,9053.19,1.3,47.54,521.49,2388.12,8134.76,8.4377,0.03,394,2388,100.0,38.82,23.3306
93,0.0002,-0.0001,100.0,518.67,642.72,1591.59,1399.35,14.62,21.6,554.28,2388.01,9069.35,1.3,47.33,521.98,2388.02,8150.16,8.4185,0.03,393,2388,100.0,38.81,23.4296
119,0.0012,0.0003,100.0,518.67,642.51,1596.97,1407.82,14.62,21.61,552.49,2388.19,9059.96,1.3,47.77,520.96,2388.2,8128.94,8.4617,0.03,394,2388,100.0,38.59,23.2466
204,-0.0007,0.0001,100.0,518.67,643.41,1600.64,1422.09,14.62,21.61,552.04,2388.17,9095.83,1.3,48.17,519.79,2388.21,8164.61,8.4886,0.03,395,2388,100.0,38.5,23.1171
21,0.0024,-0.0002,100.0,518.67,642.08,1580.09,1400.02,14.62,21.61,554.87,2387.98,9061.76,1.3,47.17,522.17,2388.06,8143.89,8.3911,0.03,392,2388,100.0,39.14,23.437
14,0.0044,0.0002,100.0,518.67,641.9,1585.59,1401.43,14.62,21.61,554.8,2387.99,9051.05,1.3,47.21,522.34,2387.98,8141.24,8.3898,0.03,391,2388,100.0,39.03,23.3883
8,-0.0017,-0.0001,100.0,518.67,642.75,1589.06,1407.11,14.62,21.61,552.97,2388.17,9040.27,1.3,47.38,521.9,2388.21,8120.31,8.4281,0.03,394,2388,100.0,38.71,23.2232
218,0.0033,-0.0002,100.0,518.67,642.91,1592.69,1412.7,14.62,21.61,553.09,2388.12,9070.12,1.3,47.56,521.7,2388.02,8146.85,8.4763,0.03,394,2388,100.0,38.87,23.2734
30,-0.001,0.0002,100.0,518.67,642.05,1583.19,1393.77,14.62,21.61,555.01,2388.03,9063.92,1.3,47.17,522.47,2388.01,8151.22,8.4176,0.03,393,2388,100.0,38.87,23.4329
118,-0.0007,-0.0001,100.0,518.67,642.66,1596.54,1409.07,14.62,21.61,553.06,2388.06,9083.29,1.3,47.82,520.65,2388.11,8157.21,8.4542,0.03,394,2388,100.0,38.69,23.2242
24,-0.0044,0.0005,100.0,518.67,642.49,1591.16,1398.86,14.62,21.61,554.17,2388.01,9063.3,1.3,47.4,521.63,2388.01,8140.92,8.4324,0.03,392,2388,100.0,38.9,23.3373
128,-0.002,-0.0004,100.0,518.67,642.29,1583.79,1404.52,14.62,21.61,554.97,2388.07,9071.47,1.3,47.21,521.99,2388.01,8150.72,8.3677,0.03,392,2388,100.0,39.03,23.351
109,0.0017,-0.0004,100.0,518.67,642.19,1582.48,1396.64,14.62,21.61,554.7,2388.05,9073.11,1.3,47.49,521.95,2388.0,8158.64,8.4095,0.03,392,2388,100.0,39.04,23.3123
104,-0.0,-0.0001,100.0,518.67,643.14,1588.39,1415.89,14.62,21.61,552.69,2388.16,9048.64,1.3,47.79,521.06,2388.23,8118.63,8.5036,0.03,392,2388,100.0,38.57,23.2781
87,0.0002,0.0002,100.0,518.67,643.1,1596.51,1413.52,14.62,21.61,553.37,2388.11,9055.74,1.3,47.53,521.2,2388.11,8136.5,8.4745,0.03,394,2388,100.0,38.83,23.3708
14,0.0001,0.0004,100.0,518.67,642.78,1593.83,1411.14,14.62,21.61,553.08,2388.12,9047.88,1.3,47.48,522.11,2388.13,8129.67,8.4432,0.03,393,2388,100.0,38.94,23.3845
145,-0.0008,0.0005,100.0,518.67,642.76,1584.96,1405.74,14.62,21.61,553.18,2388.08,9089.61,1.3,47.6,520.92,2388.05,8162.29,8.4781,0.03,394,2388,100.0,38.7,23.2894
84,0.001,0.0004,100.0,518.67,642.76,1591.22,1414.02,14.62,21.61,553.51,2388.16,9047.47,1.3,47.63,520.8,2388.15,8126.84,8.4648,0.03,395,2388,100.0,38.82,23.1799
163,0.0004,-0.0002,100.0,518.67,644.16,1607.16,1426.01,14.62,21.61,551.86,2388.28,9057.1,1.3,48.17,519.79,2388.29,8123.78,8.508,0.03,397,2388,100.0,38.48,23.0785
64,0.0005,0.0002,100.0,518.67,642.38,1586.79,1401.39,14.62,21.61,555.72,2388.04,9057.28,1.3,47.0,521.99,2388.03,8140.18,8.4031,0.03,390,2388,100.0,39.05,23.4975
66,0.0014,0.0001,100.0,518.67,641.96,1586.68,1399.45,14.62,21.61,554.28,2387.99,9059.04,1.3,47.25,522.12,2388.03,8144.55,8.4302,0.03,392,2388,100.0,39.13,23.3676
178,-0.0001,0.0002,100.0,518.67,643.38,1605.33,1424.65,14.62,21.61,552.18,2388.23,9046.17,1.3,48.0,520.2,2388.2,8116.56,8.477,0.03,395,2388,100.0,38.65,23.177
95,-0.0009,0.0005,100.0,518.67,642.8,1585.73,1405.63,14.62,21.61,553.33,2388.14,9041.66,1.3,47.69,520.93,2388.13,8120.03,8.4708,0.03,392,2388,100.0,38.88,23.2621
244,0.0002,-0.0001,100.0,518.67,642.95,1591.37,1422.41,14.62,21.61,553.16,2388.11,9123.41,1.3,47.83,520.75,2388.13,8189.79,8.481,0.03,396,2388,100.0,38.46,23.0463
111,0.001,0.0002,100.0,518.67,642.99,1595.28,1407.06,14.62,21.61,552.8,2388.15,9046.09,1.3,47.54,521.33,2388.11,8120.37,8.413,0.03,393,2388,100.0,38.74,23.2977
94,0.0002,0.0003,100.0,518.67,642.58,1592.6,1407.01,14.62,21.61,553.49,2388.09,9060.11,1.3,47.37,521.39,2388.02,8140.83,8.4081,0.03,392,2388,100.0,38.81,23.3305
220,-0.0036,-0.0002,100.0,518.67,642.87,1600.76,1406.68,14.62,21.61,552.92,2388.09,9068.44,1.3,47.54,520.77,2388.11,8148.15,8.4123,0.03,392,2388,100.0,38.86,23.3541
71,-0.0017,0.0001,100.0,518.67,642.07,1585.89,1404.7,14.62,21.61,554.38,2388.01,9057.7,1.3,47.33,522.28,2388.02,8138.03,8.3964,0.03,391,2388,100.0,39.02,23.3521
22,0.0022,0.0,100.0,518.67,642.31,1584.54,1393.14,14.62,21.61,554.65,2388.04,9056.5,1.3,47.15,522.94,2388.05,8144.43,8.4137,0.03,393,2388,100.0,38.96,23.5036
104,-0.0026,0.0001,100.0,518.67,642.56,1590.94,1408.98,14.62,21.61,552.88,2388.17,9053.52,1.3,47.63,521.15,2388.13,8132.85,8.4437,0.03,393,2388,100.0,38.82,23.3066
4,0.0006,0.0,100.0,518.67,641.97,1589.4,1401.21,14.62,21.61,553.1,2388.1,9036.97,1.3,47.38,521.84,2388.14,8117.06,8.4012,0.03,394,2388,100.0,38.83,23.3215
44,0.001,0.0001,100.0,518.67,642.73,1589.39,1406.72,14.62,21.61,553.08,2388.13,9059.67,1.3,47.55,520.89,2388.12,8137.17,8.4397,0.03,395,2388,100.0,38.58,23.2741
241,-0.002,0.0004,100.0,518.67,643.11,1595.36,1422.58,14.62,21.61,552.65,2388.15,9125.74,1.3,47.89,520.78,2388.13,8194.08,8.4856,0.03,396,2388,100.0,38.71,23.1501
179,0.0012,0.0,100.0,518.67,643.51,1604.8,1428.23,14.62,21.61,551.91,2388.14,9197.52,1.3,48.09,519.53,2388.2,8255.34,8.5056,0.03,398,2388,100.0,38.4,22.9562
108,0.0063,0.0005,100.0,518.67,642.43,1583.52,1403.39,14.62,21.61,554.61,2388.01,9069.45,1.3,47.53,521.81,2388.04,8155.53,8.4224,0.03,392,2388,100.0,38.95,23.2532
51,0.0018,0.0004,100.0,518.67,642.22,1578.52,1395.27,14.62,21.61,554.79,2387.96,9066.29,1.3,47.18,522.52,2387.96,8144.11,8.3788,0.03,391,2388,100.0,39.02,23.5128
187,-0.002,0.0003,100.0,518.67,643.76,1602.69,1423.45,14.62,21.61,551.45,2388.29,9035.79,1.3,48.21,519.03,2388.33,8109.59,8.5324,0.03,396,2388,100.0,38.51,23.0449
250,0.0023,-0.0004,100.0,518.67,643.65,1596.79,1420.75,14.62,21.61,552.83,2388.12,9085.65,1.3,47.69,520.6,2388.19,8160.89,8.4691,0.03,395,2388,100.0,38.78,23.1732
106,0.0016,-0.0,100.0,518.67,642.18,1583.73,1395.86,14.62,21.61,553.48,2388.1,9063.57,1.3,47.35,521.96,2388.11,8152.16,8.451,0.03,392,2388,100.0,38.76,23.3248
23,-0.0057,-0.0001,100.0,518.67,641.76,1586.41,1398.09,14.62,21.61,554.38,2388.01,9067.09,1.3,47.21,522.48,2388.01,8146.64,8.4143,0.03,391,2388,100.0,39.06,23.3937
161,0.0004,0.0003,100.0,518.67,642.79,1594.93,1420.38,14.62,21.61,553.29,2388.11,9094.77,1.3,47.73,521.11,2388.11,8171.92,8.4746,0.03,395,2388,100.0,38.49,23.2861
179,-0.0005,0.0004,100.0,518.67,643.22,1584.8,1418.53,14.62,21.61,553.68,2388.07,9064.2,1.3,47.49,521.3,2388.11,8142.42,8.435,0.03,393,2388,100.0,38.71,23.2651
89,0.0017,0.0005,100.0,518.67,641.95,1584.62,1394.07,14.62,21.61,554.18,2388.0,9054.7,1.3,47.18,522.42,2388.08,8135.49,8.4143,0.03,393,2388,100.0,39.18,23.4148
78,-0.0026,-0.0003,100.0,518.67,642.71,1586.63,1400.89,14.62,21.61,553.92,2388.12,9055.48,1.3,47.27,521.57,2388.13,8135.4,8.4073,0.03,393,2388,100.0,38.79,23.3374
36,-0.0011,-0.0003,100.0,518.67,641.76,1584.06,1401.71,14.62,21.61,554.01,2388.02,9059.41,1.3,47.18,522.23,2388.02,8146.64,8.418,0.03,391,2388,100.0,38.92,23.4342
19,0.0,0.0001,100.0,518.67,642.42,1581.02,1396.56,14.62,21.61,552.79,2388.13,9052.51,1.3,47.44,521.78,2388.11,8121.95,8.4266,0.03,392,2388,100.0,38.82,23.2514
23,-0.0003,0.0004,100.0,518.67,642.37,1590.12,1404.88,14.62,21.61,553.08,2388.05,9062.69,1.3,47.32,521.34,2388.03,8146.11,8.428,0.03,394,2388,100.0,38.86,23.3601
207,0.002,-0.0001,100.0,518.67,643.66,1606.65,1433.07,14.62,21.61,550.78,2388.34,9024.27,1.3,48.26,519.44,2388.32,8099.94,8.5239,0.03,397,2388,100.0,38.46,22.9674
123,0.0004,0.0002,100.0,518.67,642.39,1600.49,1411.59,14.62,21.61,553.17,2388.17,9055.24,1.3,47.63,521.43,2388.18,8129.3,8.4395,0.03,393,2388,100.0,38.77,23.2957
157,0.0003,0.0004,100.0,518.67,643.29,1604.68,1426.83,14.62,21.61,552.6,2388.29,9061.3,1.3,48.05,519.76,2388.2,8124.77,8.5077,0.03,397,2388,100.0,38.51,23.1551
55,-0.0061,-0.0003,100.0,518.67,642.11,1588.14,1400.03,14.62,21.61,553.89,2388.03,9068.77,1.3,47.32,521.66,2388.06,8143.96,8.4187,0.03,393,2388,100.0,38.66,23.5099
37,-0.0012,-0.0002,100.0,518.67,641.97,1588.01,1406.09,14.62,21.61,553.43,2388.06,9044.76,1.3,47.21,522.15,2388.1,8135.24,8.4486,0.03,393,2388,100.0,38.75,23.4992
87,-0.0012,-0.0004,100.0,518.67,642.44,1590.49,1399.92,14.62,21.61,553.29,2388.06,9065.45,1.3,47.34,521.55,2388.07,8141.07,8.3873,0.03,392,2388,100.0,38.84,23.295
32,-0.0052,0.0002,100.0,518.67,641.96,1577.38,1398.27,14.62,21.61,554.45,2387.98,9061.77,1.3,47.12,521.9,2387.97,8147.61,8.364,0.03,392,2388,100.0,39.11,23.4599
70,-0.0024,-0.0002,100.0,518.67,642.53,1588.61,1401.9,14.62,21.61,554.0,2388.0,9067.82,1.3,47.27,522.97,2387.95,8146.86,8.4117,0.03,393,2388,100.0,39.03,23.3765
148,-0.0029,-0.0003,100.0,518.67,642.99,1590.75,1406.01,14.62,21.61,554.13,2388.1,9064.48,1.3,47.69,521.06,2388.05,8149.38,8.4455,0.03,394,2388,100.0,38.72,23.2033
128,-0.0029,0.0002,100.0,518.67,643.66,1604.19,1428.14,14.62,21.61,550.68,2388.3,9036.1,1.3,48.27,518.83,2388.31,8106.63,8.5148,0.03,395,2388,100.0,38.5,23.0281
241,0.0007,0.0,100.0,518.67,642.99,1592.89,1428.4,14.62,21.61,552.57,2388.1,9117.35,1.3,47.57,521.03,2388.07,8187.67,8.487,0.03,395,2388,100.0,38.66,23.2378
91,-0.0052,-0.0001,100.0,518.67,642.4,1584.88,1397.86,14.62,21.61,554.37,2388.0,9066.54,1.3,47.3,522.69,2387.98,8151.87,8.4312,0.03,391,2388,100.0,38.99,23.476
45,-0.004,0.0003,100.0,518.67,642.66,1590.3,1406.75,14.62,21.61,553.45,2388.15,9058.66,1.3,47.46,521.05,2388.08,8129.0,8.4638,0.03,392,2388,100.0,38.78,23.3037
124,0.0018,0.0003,100.0,518.67,642.39,1586.52,1403.43,14.62,21.61,553.63,2387.99,9071.95,1.3,47.43,521.91,2388.04,8165.01,8.415,0.03,393,2388,100.0,38.95,23.3622
306,-0.0028,-0.0004,100.0,518.67,642.81,1595.53,1422.08,14.62,21.61,552.04,2388.18,9063.73,1.3,47.78,520.48,2388.19,8137.07,8.4567,0.03,395,2388,100.0,38.76,23.1381
180,-0.0036,0.0003,100.0,518.67,642.64,1595.51,1411.95,14.62,21.61,553.64,2388.14,9100.24,1.3,47.82,521.91,2388.08,8175.53,8.4719,0.03,395,2388,100.0,38.77,23.2302
138,0.0005,-0.0002,100.0,518.67,643.42,1597.93,1421.47,14.62,21.61,552.52,2388.1,9083.26,1.3,47.77,520.57,2388.12,8156.35,8.4477,0.03,394,2388,100.0,38.7,23.1931
195,0.0007,0.0001,100.0,518.67,643.17,1596.56,1413.66,14.62,21.61,552.89,2388.19,9063.72,1.3,47.72,520.91,2388.17,8143.27,8.5006,0.03,395,2388,100.0,38.65,23.1441
96,0.0019,0.0004,100.0,518.67,642.84,1590.28,1411.8,14.62,21.61,552.41,2388.12,9066.07,1.3,47.65,520.92,2388.15,8136.12,8.4746,0.03,393,2388,100.0,38.63,23.2604
55,0.0016,-0.0004,100.0,518.67,642.42,1577.95,1392.36,14.62,21.6,554.45,2387.98,9067.7,1.3,47.21,523.08,2387.97,8144.22,8.3837,0.03,390,2388,100.0,39.05,23.4493
21,0.0051,0.0003,100.0,518.67,642.07,1581.87,1398.51,14.62,21.61,554.34,2387.99,9064.35,1.3,47.09,522.15,2387.94,8149.93,8.3907,0.03,392,2388,100.0,38.99,23.2898
198,0.0009,-0.0002,100.0,518.67,642.66,1591.75,1419.49,14.62,21.61,553.06,2388.1,9059.74,1.3,47.69,520.84,2388.1,8134.79,8.436,0.03,394,2388,100.0,38.86,23.2813
99,0.0018,0.0,100.0,518.67,642.39,1585.49,1405.87,14.62,21.61,553.01,2388.03,9067.2,1.3,47.35,521.39,2388.07,8152.68,8.4572,0.03,395,2388,100.0,39.02,23.3337
68,0.0009,0.0005,100.0,518.67,642.67,1586.54,1409.61,14.62,21.61,553.43,2388.1,9057.22,1.3,47.52,521.12,2388.09,8133.04,8.4254,0.03,393,2388,100.0,38.88,23.1945
70,0.0026,0.0002,100.0,518.67,642.53,1584.39,1404.29,14.62,21.61,554.32,2388.05,9048.25,1.3,47.44,522.08,2388.05,8131.73,8.4136,0.03,393,2388,100.0,38.87,23.3183
111,0.0033,0.0002,100.0,518.67,642.8,1593.61,1415.82,14.62,21.61,553.26,2388.17,9046.03,1.3,47.67,521.47,2388.18,8120.03,8.4459,0.03,394,2388,100.0,38.62,23.1654
152,-0.0033,-0.0001,100.0,518.67,642.46,1583.45,1410.1,14.62,21.61,552.6,2388.11,9064.75,1.3,47.52,521.42,2388.12,8142.2,8.4598,0.03,395,2388,100.0,38.72,23.2063
8,-0.0003,-0.0004,100.0,518.67,642.84,1587.55,1416.7,14.62,21.61,553.94,2388.06,9058.74,1.3,47.21,521.78,2388.05,8140.81,8.4298,0.03,394,2388,100.0,38.98,23.3395
261,0.0014,0.0005,100.0,518.67,643.27,1600.6,1421.13,14.62,21.61,552.07,2388.16,9133.37,1.3,48.13,520.63,2388.14,8201.38,8.495,0.03,396,2388,100.0,38.52,23.1152
58,0.0022,-0.0002,100.0,518.67,642.69,1587.2,1407.79,14.62,21.61,553.67,2388.15,9056.9,1.3,47.63,521.33,2388.12,8127.69,8.4679,0.03,393,2388,100.0,38.58,23.2039
180,0.0029,-0.0002,100.0,518.67,642.49,1594.16,1411.37,14.62,21.61,552.8,2388.13,9070.84,1.3,47.59,521.5,2388.1,8145.93,8.4537,0.03,394,2388,100.0,38.9,23.1742
243,-0.0038,0.0003,100.0,518.67,643.47,1595.79,1414.03,14.62,21.61,553.1,2388.07,9120.7,1.3,47.74,520.96,2388.06,8194.29,8.459,0.03,395,2388,100.0,38.72,23.1161
97,-0.0065,0.0002,100.0,518.67,642.78,1591.38,1406.17,14.62,21.61,553.45,2388.1,9057.5,1.3,47.51,521.07,2388.16,8133.94,8.4045,0.03,393,2388,100.0,38.65,23.2665
13,-0.0041,-0.0,100.0,518.67,642.3,1581.8,1394.13,14.62,21.61,554.2,2387.99,9053.45,1.3,47.25,522.63,2388.0,8139.45,8.4064,0.03,391,2388,100.0,38.94,23.4752
144,-0.0048,-0.0001,100.0,518.67,642.65,1593.37,1419.42,14.62,21.61,552.16,2388.23,9049.97,1.3,47.76,520.83,2388.16,8127.73,8.5017,0.03,393,2388,100.0,38.92,23.1588
78,-0.0029,-0.0002,100.0,518.67,642.46,1587.3,1406.44,14.62,21.61,553.25,2388.08,9055.41,1.3,47.45,521.97,2388.04,8131.95,8.4421,0.03,393,2388,100.0,38.98,23.3152
115,-0.0,-0.0001,100.0,518.67,642.73,1592.16,1412.45,14.62,21.61,553.3,2388.08,9060.14,1.3,47.5,521.76,2388.1,8140.81,8.4493,0.03,394,2388,100.0,38.73,23.2474
130,0.0007,-0.0002,100.0,518.67,642.69,1591.97,1419.78,14.62,21.61,553.01,2388.14,9072.27,1.3,47.7,521.47,2388.1,8152.99,8.4415,0.03,393,2388,100.0,38.85,23.3024
149,0.0005,-0.0004,100.0,518.67,642.98,1592.36,1410.1,14.62,21.61,552.72,2388.23,9041.71,1.3,47.73,520.55,2388.2,8125.47,8.4672,0.03,394,2388,100.0,38.82,23.1535
46,0.0021,0.0004,100.0,518.67,642.8,1591.24,1405.02,14.62,21.61,553.57,2388.1,9058.63,1.3,47.53,521.44,2388.1,8139.27,8.4361,0.03,395,2388,100.0,38.81,23.3302
137,-0.0036,0.0002,100.0,518.67,642.65,1589.72,1419.0,14.62,21.61,552.48,2388.18,9049.43,1.3,47.99,520.65,2388.2,8125.75,8.4807,0.03,396,2388,100.0,38.67,23.1929
103,0.0037,-0.0002,100.0,518.67,642.87,1590.79,1407.79,14.62,21.61,553.04,2388.15,9053.15,1.3,47.53,521.27,2388.11,8135.23,8.4504,0.03,393,2388,100.0,38.76,23.2178
49,-0.0004,-0.0005,100.0,518.67,641.65,1583.44,1397.07,14.62,21.61,554.18,2387.95,9068.79,1.3,47.21,522.09,2388.05,8149.32,8.4013,0.03,393,2388,100.0,39.07,23.3951
13,0.0023,-0.0005,100.0,518.67,642.37,1581.81,1399.37,14.62,21.61,554.18,2388.01,9063.67,1.3,47.25,522.2,2388.02,8144.05,8.3798,0.03,391,2388,100.0,39.02,23.4168
56,0.001,-0.0006,100.0,518.67,642.19,1581.96,1403.64,14.62,21.61,554.76,2388.08,9066.15,1.3,47.4,521.59,2387.99,8155.63,8.3836,0.03,392,2388,100.0,38.95,23.4561
150,0.0016,-0.0,100.0,518.67,642.58,1595.09,1417.18,14.62,21.61,552.74,2388.13,9069.19,1.3,47.8,520.69,2388.12,8155.6,8.4655,0.03,395,2388,100.0,38.64,23.1664
48,-0.0001,0.0005,100.0,518.67,641.5,1588.83,1394.15,14.62,21.61,553.94,2388.01,9055.14,1.3,47.27,522.16,2387.97,8135.83,8.4216,0.03,393,2388,100.0,39.11,23.4603
167,0.0052,0.0001,100.0,518.67,642.45,1587.46,1404.35,14.62,21.61,553.67,2388.07,9071.77,1.3,47.65,521.79,2388.08,8143.17,8.4505,0.03,394,2388,100.0,38.87,23.224
14,0.0007,-0.0004,100.0,518.67,642.44,1591.83,1396.63,14.62,21.61,554.16,2388.06,9065.31,1.3,47.26,522.18,2388.03,8143.19,8.4313,0.03,391,2388,100.0,38.98,23.3812
46,-0.0009,-0.0002,100.0,518.67,642.14,1590.31,1403.93,14.62,21.61,554.24,2388.01,9062.27,1.3,47.25,522.08,2388.06,8146.78,8.4002,0.03,391,2388,100.0,38.99,23.3927
58,0.0003,-0.0,100.0,518.67,642.56,1586.28,1405.88,14.62,21.61,554.2,2388.08,9060.87,1.3,47.34,521.87,2388.06,8140.94,8.471,0.03,392,2388,100.0,38.78,23.2487
121,0.0037,-0.0,100.0,518.67,642.64,1588.74,1411.89,14.62,21.61,552.17,2388.16,9041.43,1.3,47.66,520.7,2388.16,8121.6,8.4645,0.03,393,2388,100.0,38.63,23.261
99,-0.001,0.0002,100.0,518.67,642.47,1595.37,1405.55,14.62,21.61,553.74,2388.01,9056.66,1.3,47.24,522.3,2388.05,8143.82,8.4277,0.03,393,2388,100.0,38.96,23.381
53,0.0028,-0.0001,100.0,518.67,642.13,1584.76,1401.47,14.62,21.61,554.4,2388.01,9050.96,1.3,47.36,522.47,2388.06,8145.07,8.3981,0.03,391,2388,100.0,38.86,23.3472
129,-0.0009,-0.0003,100.0,518.67,642.82,1596.58,1414.87,14.62,21.61,552.18,2388.11,9091.64,1.3,47.72,520.84,2388.09,8169.46,8.4733,0.03,395,2388,100.0,38.78,23.2787
210,0.0008,0.0005,100.0,518.67,643.19,1605.01,1430.44,14.62,21.61,551.49,2388.11,9213.46,1.3,47.94,520.38,2388.14,8274.65,8.5195,0.03,395,2388,100.0,38.57,23.0721
22,0.0021,-0.0004,100.0,518.67,642.1,1588.54,1402.64,14.62,21.61,553.92,2388.13,9040.15,1.3,47.16,521.86,2388.06,8129.3,8.4256,0.03,390,2388,100.0,38.87,23.376
115,0.0025,-0.0004,100.0,518.67,643.48,1595.84,1410.73,14.62,21.61,552.35,2388.12,9055.15,1.3,47.63,520.53,2388.14,8133.46,8.4349,0.03,394,2388,100.0,38.75,23.2762
51,-0.0007,0.0005,100.0,518.67,642.3,1584.29,1407.61,14.62,21.61,553.63,2388.07,9057.14,1.3,47.22,521.8,2388.07,8138.87,8.3844,0.03,392,2388,100.0,38.85,23.4029
104,0.0016,-0.0002,100.0,518.67,642.96,1587.18,1409.54,14.62,21.61,553.41,2388.17,9063.52,1.3,47.54,520.78,2388.1,8144.1,8.4546,0.03,393,2388,100.0,38.73,23.3004
180,-0.0007,0.0001,100.0,518.67,642.11,1586.0,1412.6,14.62,21.61,553.84,2388.06,9077.05,1.3,47.43,521.72,2388.02,8155.87,8.4301,0.03,392,2388,100.0,38.93,23.3311
10,0.0009,-0.0002,100.0,518.67,641.77,1580.84,1391.62,14.62,21.61,554.37,2388.02,9068.09,1.3,47.21,522.48,2388.03,8142.56,8.4069,0.03,391,2388,100.0,38.9,23.4672
116,0.0021,-0.0002,100.0,518.67,642.36,1587.95,1408.75,14.62,21.61,554.32,2388.04,9068.47,1.3,47.48,522.19,2388.08,8140.91,8.3948,0.03,392,2388,100.0,38.98,23.4094
150,0.0008,0.0004,100.0,518.67,642.32,1594.79,1406.44,14.62,21.61,553.97,2388.04,9102.61,1.3,47.33,521.78,2387.99,8178.9,8.4054,0.03,392,2388,100.0,38.98,23.2999
77,-0.0,0.0005,100.0,518.67,642.18,1582.22,1405.7,14.62,21.61,552.98,2388.11,9056.84,1.3,47.25,521.61,2388.02,8138.28,8.4682,0.03,392,2388,100.0,38.9,23.3013
118,0.001,-0.0005,100.0,518.67,643.1,1598.22,1409.86,14.62,21.61,552.96,2388.15,9073.95,1.3,47.55,521.1,2388.14,8148.26,8.4662,0.03,395,2388,100.0,38.82,23.3381
183,-0.0015,-0.0005,100.0,518.67,643.33,1598.94,1411.4,14.62,21.61,551.73,2388.17,9089.03,1.3,48.01,519.67,2388.19,8157.22,8.493,0.03,396,2388,100.0,38.8,23.0854
150,0.0008,-0.0003,100.0,518.67,642.54,1598.49,1405.79,14.62,21.61,552.96,2388.15,9094.66,1.3,47.85,521.37,2388.1,8162.88,8.4689,0.03,393,2388,100.0,38.72,23.0625
69,0.0012,0.0,100.0,518.67,642.44,1589.48,1412.9,14.62,21.61,553.84,2388.14,9058.06,1.3,47.69,521.46,2388.06,8135.09,8.3935,0.03,392,2388,100.0,38.75,23.3611
33,0.0004,0.0002,100.0,518.67,641.82,1583.55,1403.93,14.62,21.61,554.27,2388.0,9055.13,1.3,47.31,522.1,2387.96,8134.74,8.4086,0.03,392,2388,100.0,38.98,23.4537
104,0.0011,0.0001,100.0,518.67,642.15,1582.62,1398.49,14.62,21.61,554.37,2388.04,9075.65,1.3,47.4,521.9,2388.04,8153.73,8.4134,0.03,391,2388,100.0,38.86,23.2726
119,-0.0017,0.0004,100.0,518.67,642.54,1596.43,1410.05,14.62,21.61,553.03,2388.13,9054.77,1.3,47.71,521.31,2388.13,8136.17,8.4822,0.03,393,2388,100.0,38.81,23.3002
8,0.0004,-0.0003,100.0,518.67,642.33,1586.78,1404.99,14.62,21.61,553.89,2388.16,9041.47,1.3,47.69,521.71,2388.17,8123.6,8.4739,0.03,393,2388,100.0,38.93,23.287
65,0.002,-0.0002,100.0,518.67,642.79,1590.67,1403.66,14.62,21.61,552.94,2388.11,9059.11,1.3,47.52,521.82,2388.11,8139.33,8.491,0.03,394,2388,100.0,38.67,23.159
133,0.0022,0.0003,100.0,518.67,643.23,1592.89,1410.92,14.62,21.61,552.98,2388.11,9054.13,1.3,47.52,521.15,2388.19,8137.25,8.391,0.03,394,2388,100.0,38.88,23.1933
203,-0.0005,0.0001,100.0,518.67,643.32,1596.11,1421.69,14.62,21.61,552.87,2388.17,9102.67,1.3,47.8,520.38,2388.17,8176.05,8.4931,0.03,395,2388,100.0,38.8,23.0951
223,0.0008,0.0002,100.0,518.67,642.79,1585.32,1409.63,14.62,21.61,553.95,2388.05,9102.63,1.3,47.42,521.24,2388.07,8177.14,8.4683,0.03,393,2388,100.0,38.85,23.3197
22,0.0004,0.0004,100.0,518.67,642.65,1589.23,1401.52,14.62,21.61,553.65,2388.07,9053.88,1.3,47.53,521.79,2388.05,8128.52,8.4108,0.03,393,2388,100.0,38.74,23.2414
118,0.0007,0.0004,100.0,518.67,642.45,1590.2,1398.77,14.62,21.61,553.86,2388.09,9063.52,1.3,47.27,522.3,2388.05,8150.83,8.4344,0.03,393,2388,100.0,39.05,23.4831
68,0.0015,-0.0002,100.0,518.67,642.33,1581.95,1400.42,14.62,21.61,553.83,2388.03,9063.57,1.3,47.1,522.07,2388.01,8140.43,8.4226,0.03,391,2388,100.0,39.12,23.4829
94,-0.0013,0.0003,100.0,518.67,642.29,1587.77,1405.53,14.62,21.61,553.88,2388.05,9061.92,1.3,47.2,522.4,2388.05,8146.75,8.4088,0.03,391,2388,100.0,38.95,23.3474
272,-0.0014,0.0002,100.0,518.67,643.13,1605.43,1422.78,14.62,21.61,552.13,2388.17,9167.31,1.3,48.2,520.08,2388.13,8228.6,8.5318,0.03,395,2388,100.0,38.32,23.0667
50,0.0027,-0.0001,100.0,518.67,642.82,1589.72,1409.9,14.62,21.61,553.86,2388.13,9045.49,1.3,47.47,521.17,2388.1,8130.52,8.471,0.03,391,2388,100.0,39.05,23.4174
54,-0.0019,0.0005,100.0,518.67,642.79,1584.54,1398.43,14.62,21.61,553.58,2388.06,9062.75,1.3,47.46,522.03,2388.05,8138.16,8.4285,0.03,392,2388,100.0,38.86,23.4542
165,0.001,-0.0003,100.0,518.67,642.15,1586.8,1403.62,14.62,21.61,553.35,2388.07,9066.51,1.3,47.56,521.5,2388.17,8142.7,8.4474,0.03,393,2388,100.0,38.72,23.3356
138,0.0001,-0.0003,100.0,518.67,642.62,1589.11,1403.15,14.62,21.61,553.42,2388.09,9079.96,1.3,47.46,521.47,2388.09,8159.62,8.4499,0.03,394,2388,100.0,38.9,23.1688
225,0.0009,-0.0004,100.0,518.67,642.92,1592.04,1420.41,14.62,21.61,553.01,2388.08,9102.44,1.3,47.71,520.41,2388.1,8179.37,8.4576,0.03,394,2388,100.0,38.7,23.1596
134,-0.0012,-0.0001,100.0,518.67,643.16,1593.07,1415.95,14.62,21.61,553.47,2388.08,9081.04,1.3,47.56,520.54,2388.09,8155.83,8.4564,0.03,393,2388,100.0,38.78,23.2685
92,0.0026,0.0004,100.0,518.67,643.17,1590.56,1417.39,14.62,21.61,553.57,2388.11,9063.49,1.3,47.59,521.04,2388.08,8146.38,8.4031,0.03,394,2388,100.0,38.72,23.253
7,0.0028,0.0001,100.0,518.67,642.35,1592.92,1401.08,14.62,21.61,554.24,2388.12,9048.44,1.3,47.35,521.9,2388.09,8125.11,8.4142,0.03,391,2388,100.0,38.92,23.3192
123,-0.0013,0.0003,100.0,518.67,642.88,1590.42,1401.19,14.62,21.61,554.11,2388.08,9066.91,1.3,47.48,521.54,2388.07,8146.49,8.4518,0.03,393,2388,100.0,38.71,23.3152
123,-0.0025,0.0,100.0,518.67,642.61,1593.83,1415.42,14.62,21.61,552.25,2388.14,9042.63,1.3,47.66,521.07,2388.17,8116.55,8.4659,0.03,394,2388,100.0,38.69,23.2544
233,-0.0008,-0.0001,100.0,518.67,643.27,1596.16,1426.1,14.62,21.61,551.93,2388.12,9095.95,1.3,47.92,521.03,2388.11,8170.94,8.4874,0.03,396,2388,100.0,38.5,23.164
155,-0.0022,-0.0003,100.0,518.67,642.17,1580.93,1397.45,14.62,21.61,553.84,2388.06,9054.82,1.3,47.23,521.91,2388.07,8146.25,8.4029,0.03,392,2388,100.0,38.99,23.3634
60,-0.0005,-0.0003,100.0,518.67,642.0,1588.2,1390.33,14.62,21.61,554.58,2388.0,9064.68,1.3,47.08,522.62,2388.04,8142.48,8.3959,0.03,391,2388,100.0,38.9,23.4121
21,0.0038,-0.0002,100.0,518.67,642.57,1589.6,1401.32,14.62,21.61,554.49,2388.04,9061.6,1.3,47.04,521.54,2388.01,8139.33,8.4055,0.03,391,2388,100.0,38.99,23.4016
30,0.0045,0.0003,100.0,518.67,642.64,1590.8,1408.42,14.62,21.61,553.13,2388.11,9041.08,1.3,47.47,521.88,2388.14,8129.32,8.4126,0.03,393,2388,100.0,38.83,23.329
176,-0.0009,-0.0003,100.0,518.67,643.76,1585.81,1402.83,14.62,21.61,553.38,2388.12,9056.24,1.3,47.57,521.12,2388.1,8132.89,8.4431,0.03,395,2388,100.0,38.78,23.2197
154,-0.0013,0.0003,100.0,518.67,643.68,1592.9,1413.98,14.62,21.61,552.81,2388.17,9049.59,1.3,47.64,521.38,2388.2,8135.42,8.4393,0.03,394,2388,100.0,38.77,23.3135
86,0.0001,0.0,100.0,518.67,641.92,1595.05,1394.52,14.62,21.61,554.55,2388.07,9072.58,1.3,47.3,522.16,2388.1,8144.94,8.4209,0.03,393,2388,100.0,39.02,23.4089
10,0.0001,0.0003,100.0,518.67,642.18,1583.92,1390.3,14.62,21.6,554.84,2388.02,9071.57,1.3,47.32,522.67,2388.01,8146.61,8.4089,0.03,390,2388,100.0,39.06,23.4213
95,0.0007,-0.0001,100.0,518.67,643.06,1592.18,1414.69,14.62,21.61,552.93,2388.18,9055.52,1.3,47.74,521.17,2388.13,8133.89,8.4458,0.03,394,2388,100.0,38.86,23.2536
63,0.0011,-0.0004,100.0,518.67,642.76,1585.3,1413.44,14.62,21.61,553.78,2388.09,9048.46,1.3,47.4,521.83,2388.13,8127.79,8.4428,0.03,392,2388,100.0,38.62,23.298
15,0.0006,-0.0002,100.0,518.67,642.33,1583.7,1402.81,14.62,21.61,553.9,2388.03,9069.72,1.3,47.42,521.67,2388.06,8141.61,8.4514,0.03,393,2388,100.0,38.73,23.3552
108,0.0001,0.0003,100.0,518.67,643.0,1594.12,1411.07,14.62,21.61,552.69,2388.12,9057.91,1.3,47.71,521.18,2388.12,8137.89,8.4362,0.03,393,2388,100.0,38.79,23.2894
98,0.003,0.0004,100.0,518.67,642.44,1584.77,1401.43,14.62,21.61,553.95,2388.02,9063.64,1.3,47.35,521.71,2388.06,8149.11,8.4289,0.03,391,2388,100.0,38.99,23.2899
141,0.0001,0.0003,100.0,518.67,642.26,1592.69,1400.58,14.62,21.61,554.59,2388.02,9066.69,1.3,47.36,522.37,2388.02,8142.65,8.4092,0.03,393,2388,100.0,38.95,23.2781
173,-0.0015,-0.0003,100.0,518.67,642.44,1596.9,1409.66,14.62,21.61,553.31,2388.1,9068.54,1.3,47.44,521.3,2388.04,8142.21,8.4362,0.03,393,2388,100.0,38.7,23.3783
84,-0.0013,-0.0002,100.0,518.67,643.65,1589.78,1421.08,14.62,21.61,552.2,2388.14,9044.72,1.3,47.69,521.08,2388.15,8121.75,8.4643,0.03,394,2388,100.0,38.74,23.1789
116,-0.0015,0.0005,100.0,518.67,642.67,1592.47,1417.74,14.62,21.61,553.0,2388.15,9064.2,1.3,47.73,520.97,2388.14,8134.59,8.4376,0.03,395,2388,100.0,38.73,23.262
218,-0.0,-0.0005,100.0,518.67,643.05,1596.68,1421.33,14.62,21.61,552.07,2388.08,9103.68,1.3,47.79,521.28,2388.03,8175.29,8.4545,0.03,393,2388,100.0,38.66,23.3336
8,-0.0017,-0.0005,100.0,518.67,642.66,1589.12,1408.09,14.62,21.61,553.43,2388.11,9051.23,1.3,47.46,521.09,2388.06,8132.59,8.4364,0.03,392,2388,100.0,38.79,23.2775
42,-0.0021,0.0002,100.0,518.67,642.58,1591.51,1394.88,14.62,21.61,554.45,2387.93,9059.64,1.3,47.3,521.96,2388.03,8145.03,8.4009,0.03,393,2388,100.0,38.81,23.4533
13,-0.0018,0.0003,100.0,518.67,643.31,1592.33,1405.14,14.62,21.61,553.8,2388.12,9046.7,1.3,47.49,521.54,2388.12,8125.86,8.4265,0.03,393,2388,100.0,38.86,23.2345
39,0.0007,-0.0004,100.0,518.67,642.19,1592.26,1389.12,14.62,21.61,554.08,2387.98,9068.8,1.3,47.27,521.95,2387.98,8145.17,8.4104,0.03,393,2388,100.0,39.19,23.3943
176,0.0001,-0.0001,100.0,518.67,643.2,1597.94,1416.46,14.62,21.61,552.36,2388.24,9077.87,1.3,47.95,520.15,2388.17,8153.7,8.523,0.03,395,2388,100.0,38.6,23.2314
3,-0.0024,-0.0002,100.0,518.67,642.56,1590.75,1403.3,14.62,21.61,552.79,2388.1,9054.0,1.3,47.54,521.37,2388.12,8132.46,8.4176,0.03,394,2388,100.0,38.87,23.3437
52,-0.0017,0.0003,100.0,518.67,642.56,1589.78,1399.83,14.62,21.61,554.32,2388.12,9044.18,1.3,47.33,522.17,2388.04,8128.61,8.3995,0.03,393,2388,100.0,38.87,23.2895
66,0.0015,0.0001,100.0,518.67,642.06,1582.64,1397.46,14.62,21.61,554.29,2388.04,9066.32,1.3,47.29,521.91,2388.01,8143.12,8.3816,0.03,391,2388,100.0,39.06,23.3565
157,0.0026,-0.0003,100.0,518.67,643.02,1594.91,1430.84,14.62,21.61,551.65,2388.22,9058.03,1.3,48.19,519.91,2388.27,8122.86,8.5097,0.03,396,2388,100.0,38.59,23.127
109,-0.0021,0.0002,100.0,518.67,642.96,1585.75,1414.67,14.62,21.61,552.38,2388.14,9060.51,1.3,47.73,520.68,2388.18,8130.7,8.4534,0.03,393,2388,100.0,38.77,23.3081
156,-0.0003,-0.0,100.0,518.67,643.25,1595.61,1421.04,14.62,21.61,552.25,2388.14,9085.06,1.3,47.96,520.36,2388.18,8154.45,8.5036,0.03,394,2388,100.0,38.59,23.0898
117,0.002,-0.0001,100.0,518.67,641.61,1590.28,1399.41,14.62,21.61,553.77,2388.04,9056.82,1.3,47.38,521.64,2388.03,8138.28,8.4092,0.03,392,2388,100.0,38.9,23.4433
62,0.0014,0.0004,100.0,518.67,642.66,1591.98,1399.12,14.62,21.61,554.09,2388.04,9069.02,1.3,47.31,522.0,2388.0,8155.37,8.4062,0.03,391,2388,100.0,38.82,23.3384
226,-0.0043,-0.0002,100.0,518.67,642.95,1604.22,1419.28,14.62,21.61,551.99,2388.05,9207.82,1.3,47.92,520.97,2388.12,8264.65,8.4938,0.03,396,2388,100.0,38.5,23.0366
5,-0.0009,0.0005,100.0,518.67,642.84,1589.79,1401.77,14.62,21.61,554.16,2388.08,9056.63,1.3,47.42,521.91,2388.03,8143.1,8.4644,0.03,394,2388,100.0,38.86,23.3894
106,-0.0039,-0.0003,100.0,518.67,642.08,1589.42,1405.01,14.62,21.61,553.26,2388.1,9048.46,1.3,47.47,521.77,2388.07,8125.34,8.4351,0.03,393,2388,100.0,39.02,23.2556
188,0.0024,0.0002,100.0,518.67,642.64,1582.97,1402.72,14.62,21.61,554.26,2388.07,9062.7,1.3,47.37,522.34,2388.04,8139.36,8.4124,0.03,392,2388,100.0,38.82,23.306
175,-0.0003,-0.0003,100.0,518.67,642.45,1594.12,1404.96,14.62,21.61,553.72,2388.06,9076.94,1.3,47.45,521.85,2388.03,8160.41,8.4079,0.03,395,2388,100.0,39.05,23.3794
156,-0.0031,-0.0001,100.0,518.67,643.18,1597.49,1408.78,14.62,21.61,552.77,2388.13,9061.56,1.3,47.81,520.74,2388.09,8140.13,8.4592,0.03,393,2388,100.0,38.68,23.1787
150,-0.0025,0.0003,100.0,518.67,642.02,1590.91,1412.21,14.62,21.61,553.5,2388.11,9068.27,1.3,47.6,521.63,2388.05,8148.11,8.3987,0.03,393,2388,100.0,38.67,23.2193
31,0.0024,0.0003,100.0,518.67,642.2,1586.25,1398.36,14.62,21.61,554.78,2388.0,9060.45,1.3,47.07,522.6,2387.98,8141.18,8.4126,0.03,391,2388,100.0,38.94,23.53
184,-0.0022,-0.0004,100.0,518.67,642.85,1591.85,1424.38,14.62,21.61,552.42,2388.21,9034.08,1.3,47.79,521.03,2388.23,8118.4,8.4974,0.03,395,2388,100.0,38.61,23.1739
70,-0.002,-0.0005,100.0,518.67,642.09,1583.19,1399.04,14.62,21.61,554.01,2388.05,9063.46,1.3,47.25,521.82,2388.05,8151.95,8.363,0.03,391,2388,100.0,39.01,23.447
236,-0.0014,0.0001,100.0,518.67,643.18,1592.95,1419.42,14.62,21.61,552.33,2388.14,9124.76,1.3,48.02,520.91,2388.13,8193.98,8.4747,0.03,395,2388,100.0,38.86,23.2473
98,-0.0007,0.0,100.0,518.67,642.89,1590.63,1407.46,14.62,21.61,553.0,2388.15,9038.1,1.3,47.49,521.48,2388.09,8132.61,8.4301,0.03,395,2388,100.0,38.92,23.239
109,0.0019,-0.0001,100.0,518.67,642.27,1590.55,1392.8,14.62,21.61,554.23,2387.95,9077.08,1.3,47.27,522.48,2387.94,8154.5,8.4141,0.03,392,2388,100.0,39.09,23.4017
75,0.0001,0.0003,100.0,518.67,641.93,1582.39,1400.59,14.62,21.61,554.17,2388.02,9066.07,1.3,47.24,522.53,2388.08,8154.61,8.3727,0.03,392,2388,100.0,39.23,23.3778
64,0.0004,0.0001,100.0,518.67,642.53,1590.04,1404.68,14.62,21.61,553.9,2388.04,9061.33,1.3,47.24,522.24,2388.07,8143.14,8.4227,0.03,393,2388,100.0,39.13,23.3791
120,0.001,0.0004,100.0,518.67,642.36,1589.23,1403.27,14.62,21.61,553.82,2388.08,9064.56,1.3,47.45,522.08,2388.05,8138.57,8.4149,0.03,391,2388,100.0,38.91,23.2706
47,-0.0019,0.0003,100.0,518.67,641.94,1587.72,1401.47,14.62,21.61,553.74,2387.99,9058.35,1.3,47.2,522.02,2387.98,8148.97,8.407,0.03,391,2388,100.0,38.98,23.2798
48,0.0019,0.0001,100.0,518.67,641.89,1588.51,1399.16,14.62,21.61,554.02,2388.08,9045.26,1.3,47.4,521.91,2388.06,8129.99,8.4376,0.03,392,2388,100.0,38.94,23.365
55,-0.0019,0.0002,100.0,518.67,642.94,1581.86,1410.96,14.62,21.61,553.74,2388.08,9060.73,1.3,47.45,521.71,2388.1,8139.75,8.3787,0.03,392,2388,100.0,38.89,23.2523
84,0.0008,-0.0002,100.0,518.67,642.67,1597.0,1408.25,14.62,21.61,553.49,2388.16,9055.6,1.3,47.48,521.02,2388.15,8133.24,8.4147,0.03,393,2388,100.0,38.84,23.2865
31,0.0032,-0.0003,100.0,518.67,642.29,1584.71,1407.49,14.62,21.61,553.29,2388.12,9050.26,1.3,47.66,521.04,2388.13,8126.72,8.4626,0.03,393,2388,100.0,38.78,23.26
151,0.0009,0.0003,100.0,518.67,642.33,1591.69,1414.09,14.62,21.61,552.77,2388.13,9059.27,1.3,47.52,521.26,2388.16,8142.71,8.4371,0.03,392,2388,100.0,38.79,23.2263
230,-0.001,-0.0004,100.0,518.67,643.66,1594.24,1418.61,14.62,21.61,551.88,2388.12,9077.31,1.3,47.86,520.55,2388.12,8150.09,8.4526,0.03,395,2388,100.0,38.53,23.1294
156,-0.0011,-0.0004,100.0,518.67,642.28,1590.67,1400.6,14.62,21.61,553.73,2388.03,9099.52,1.3,47.31,521.21,2387.98,8171.18,8.4445,0.03,393,2388,100.0,38.96,23.3283
191,0.0007,-0.0004,100.0,518.67,642.66,1586.88,1416.42,14.62,21.61,553.95,2388.0,9126.4,1.3,47.46,521.64,2387.99,8197.29,8.4432,0.03,396,2388,100.0,38.8,23.2577
191,-0.0012,0.0,100.0,518.67,642.74,1584.78,1424.99,14.62,21.61,553.27,2388.07,9152.17,1.3,47.79,521.46,2387.99,8220.61,8.4678,0.03,394,2388,100.0,38.65,23.2786
165,-0.0017,0.0002,100.0,518.67,642.55,1596.82,1411.62,14.62,21.61,553.6,2388.04,9070.25,1.3,47.45,521.63,2388.1,8152.31,8.4446,0.03,393,2388,100.0,38.85,23.3122
72,0.0003,-0.0003,100.0,518.67,642.63,1592.41,1405.07,14.62,21.61,553.61,2388.05,9062.64,1.3,47.31,521.58,2388.07,8140.97,8.4044,0.03,392,2388,100.0,39.13,23.2963
153,-0.0004,0.0004,100.0,518.67,642.6,1589.29,1412.51,14.62,21.61,552.64,2388.17,9046.1,1.3,47.58,520.99,2388.13,8126.2,8.431,0.03,394,2388,100.0,38.63,23.2881
139,-0.0001,-0.0005,100.0,518.67,642.93,1598.88,1413.6,14.62,21.61,552.59,2388.2,9054.74,1.3,47.66,520.5,2388.21,8130.07,8.4828,0.03,396,2388,100.0,38.69,23.1645
19,-0.0033,-0.0004,100.0,518.67,643.19,1582.17,1405.28,14.62,21.61,553.09,2388.18,9059.49,1.3,47.55,521.34,2388.1,8135.07,8.4649,0.03,393,2388,100.0,38.73,23.3641
189,0.0005,-0.0004,100.0,518.67,643.18,1582.91,1411.05,14.62,21.61,553.77,2387.99,9082.07,1.3,47.32,521.53,2387.96,8163.51,8.4415,0.03,394,2388,100.0,38.79,23.3599
69,-0.0033,0.0004,100.0,518.67,642.63,1584.83,1389.68,14.62,21.61,554.68,2388.01,9061.91,1.3,47.18,522.91,2388.04,8143.55,8.3951,0.03,392,2388,100.0,39.1,23.357
98,0.0039,0.0003,100.0,518.67,642.82,1597.14,1416.6,14.62,21.61,553.32,2388.18,9040.58,1.3,47.72,521.27,2388.17,8124.59,8.4042,0.03,393,2388,100.0,38.64,23.2394
131,-0.0,0.0001,100.0,518.67,643.06,1596.61,1412.71,14.62,21.61,552.04,2388.16,9061.24,1.3,47.86,520.99,2388.2,8140.25,8.4882,0.03,395,2388,100.0,38.74,23.3388
55,0.0024,0.0002,100.0,518.67,642.27,1583.8,1400.69,14.62,21.61,554.74,2387.99,9063.78,1.3,47.15,522.81,2388.02,8145.53,8.4109,0.03,391,2388,100.0,39.02,23.3817
44,-0.003,0.0003,100.0,518.67,642.18,1581.48,1393.57,14.62,21.61,555.01,2387.99,9055.16,1.3,47.04,521.99,2388.04,8139.83,8.4089,0.03,392,2388,100.0,39.08,23.4563
78,0.0002,-0.0004,100.0,518.67,643.14,1593.19,1400.84,14.62,21.61,553.68,2388.15,9054.21,1.3,47.51,521.61,2388.12,8132.39,8.4229,0.03,394,2388,100.0,38.71,23.3353
55,0.0002,0.0004,100.0,518.67,642.19,1585.93,1399.74,14.62,21.61,554.13,2387.98,9069.34,1.3,47.09,522.02,2387.94,8144.65,8.3869,0.03,392,2388,100.0,38.99,23.42
193,0.0021,-0.0001,100.0,518.67,643.38,1600.02,1416.96,14.62,21.61,552.37,2388.15,9125.13,1.3,47.82,520.55,2388.12,8190.75,8.4722,0.03,395,2388,100.0,38.72,23.1332
145,-0.0006,-0.0002,100.0,518.67,642.33,1598.46,1418.11,14.62,21.61,552.11,2388.16,9061.02,1.3,47.68,520.25,2388.16,8136.57,8.4626,0.03,393,2388,100.0,38.73,23.2571
9,0.003,0.0001,100.0,518.67,642.13,1592.98,1406.26,14.62,21.61,553.43,2388.13,9051.36,1.3,47.69,521.81,2388.1,8124.23,8.4383,0.03,392,2388,100.0,38.84,23.2386
126,-0.0004,0.0005,100.0,518.67,642.94,1591.82,1418.62,14.62,21.61,552.88,2388.14,9050.58,1.3,47.87,520.93,2388.2,8129.45,8.4351,0.03,394,2388,100.0,38.8,23.2132
137,-0.0007,0.0005,100.0,518.67,642.74,1598.05,1421.71,14.62,21.61,553.24,2388.17,9056.47,1.3,47.94,520.89,2388.1,8138.86,8.477,0.03,394,2388,100.0,38.8,23.311
220,-0.0018,0.0003,100.0,518.67,643.41,1594.88,1426.76,14.62,21.61,552.72,2388.26,9077.09,1.3,47.99,519.72,2388.23,8144.47,8.5325,0.03,396,2388,100.0,38.64,23.1548
24,-0.0045,-0.0005,100.0,518.67,642.24,1580.87,1399.52,14.62,21.61,554.01,2388.01,9058.97,1.3,47.36,522.73,2388.03,8140.17,8.4148,0.03,391,2388,100.0,39.01,23.2903
93,0.0012,-0.0002,100.0,518.67,642.64,1600.04,1412.99,14.62,21.61,553.25,2388.16,9040.84,1.3,47.59,521.29,2388.16,8122.66,8.4484,0.03,394,2388,100.0,38.68,23.2533
161,0.0007,0.0001,100.0,518.67,642.7,1595.22,1401.72,14.62,21.61,554.39,2388.02,9078.97,1.3,47.41,521.56,2388.1,8153.47,8.4288,0.03,392,2388,100.0,38.75,23.2923
10,-0.002,0.0003,100.0,518.67,642.86,1585.13,1401.19,14.62,21.61,553.48,2388.1,9038.96,1.3,47.54,521.63,2388.13,8125.81,8.4439,0.03,394,2388,100.0,38.91,23.3318
141,0.0032,0.0004,100.0,518.67,643.02,1593.47,1416.42,14.62,21.61,551.51,2388.21,9038.86,1.3,47.84,520.68,2388.23,8118.64,8.4731,0.03,397,2388,100.0,38.52,23.1204
116,-0.0023,-0.0,100.0,518.67,642.58,1589.3,1409.18,14.62,21.61,553.12,2388.12,9056.27,1.3,47.58,521.72,2388.06,8135.65,8.4433,0.03,394,2388,100.0,38.82,23.3755
57,-0.0016,0.0003,100.0,518.67,642.17,1585.65,1393.73,14.62,21.61,554.23,2388.02,9062.9,1.3,47.17,522.35,2387.99,8146.17,8.4254,0.03,392,2388,100.0,39.12,23.5117
168,0.0011,0.0002,100.0,518.67,643.27,1601.12,1424.28,14.62,21.61,552.38,2388.32,9044.7,1.3,47.87,519.51,2388.29,8121.97,8.4991,0.03,397,2388,100.0,38.47,23.0546
38,-0.0038,0.0002,100.0,518.67,642.95,1597.33,1410.17,14.62,21.61,553.06,2388.11,9057.99,1.3,47.42,521.49,2388.11,8138.87,8.5098,0.03,393,2388,100.0,38.77,23.2678
44,0.0002,0.0005,100.0,518.67,641.91,1590.29,1402.09,14.62,21.61,553.71,2388.1,9063.6,1.3,47.32,521.83,2388.07,8142.36,8.3834,0.03,392,2388,100.0,38.94,23.3666
107,0.0009,-0.0005,100.0,518.67,642.81,1579.71,1399.01,14.62,21.61,554.43,2388.09,9068.41,1.3,47.46,521.44,2388.09,8141.0,8.409,0.03,393,2388,100.0,38.89,23.2638
11,-0.0011,-0.0,100.0,518.67,642.64,1585.48,1406.08,14.62,21.61,553.32,2388.07,9059.95,1.3,47.38,521.84,2388.06,8141.68,8.4439,0.03,392,2388,100.0,38.97,23.3476
81,-0.0021,-0.0004,100.0,518.67,641.52,1581.96,1405.43,14.62,21.61,554.32,2388.04,9053.82,1.3,47.14,523.04,2388.03,8136.96,8.406,0.03,392,2388,100.0,38.84,23.3852
138,0.0022,-0.0002,100.0,518.67,643.52,1597.84,1420.15,14.62,21.61,552.91,2388.13,9079.03,1.3,47.48,521.05,2388.14,8159.54,8.4711,0.03,395,2388,100.0,38.62,23.2523
210,0.0015,0.0004,100.0,518.67,643.25,1601.16,1414.9,14.62,21.61,553.48,2388.01,9097.87,1.3,47.56,521.56,2388.02,8171.74,8.4438,0.03,394,2388,100.0,38.75,23.3408
119,0.0003,0.0002,100.0,518.67,642.84,1586.58,1407.62,14.62,21.61,553.37,2388.02,9062.92,1.3,47.44,521.81,2388.13,8151.35,8.4466,0.03,393,2388,100.0,38.75,23.3604
110,0.0001,0.0003,100.0,518.67,642.44,1586.72,1417.56,14.62,21.61,552.25,2388.17,9058.23,1.3,47.57,521.19,2388.13,8135.29,8.4772,0.03,394,2388,100.0,38.59,23.2462
127,-0.0005,0.0002,100.0,518.67,642.71,1594.26,1410.08,14.62,21.61,553.3,2388.14,9066.8,1.3,47.63,521.32,2388.08,8143.11,8.4642,0.03,392,2388,100.0,38.71,23.2413
53,0.0007,-0.0003,100.0,518.67,642.47,1586.23,1388.09,14.62,21.61,554.15,2387.94,9061.41,1.3,47.17,522.04,2387.96,8144.01,8.3936,0.03,393,2388,100.0,38.95,23.5414
31,0.0,-0.0,100.0,518.67,643.17,1596.22,1405.93,14.62,21.61,553.15,2388.11,9058.53,1.3,47.43,521.99,2388.11,8143.59,8.4485,0.03,393,2388,100.0,38.75,23.4314
133,-0.0015,-0.0002,100.0,518.67,642.14,1587.87,1400.45,14.62,21.61,553.53,2388.01,9074.02,1.3,47.16,521.74,2388.04,8151.7,8.3995,0.03,394,2388,100.0,38.84,23.3821
162,-0.0005,0.0004,100.0,518.67,642.92,1597.34,1409.63,14.62,21.61,552.79,2388.09,9066.09,1.3,47.69,521.36,2388.14,8152.79,8.446,0.03,393,2388,100.0,38.66,23.238
7,0.0028,0.0005,100.0,518.67,642.44,1590.79,1409.0,14.62,21.61,552.91,2388.11,9051.56,1.3,47.41,521.28,2388.1,8133.93,8.4333,0.03,394,2388,100.0,38.9,23.2716
196,0.0016,0.0001,100.0,518.67,642.97,1588.71,1414.7,14.62,21.61,553.5,2388.02,9090.39,1.3,47.55,521.19,2388.05,8156.44,8.4304,0.03,393,2388,100.0,38.8,23.3512
185,0.0025,-0.0005,100.0,518.67,643.63,1604.23,1428.19,14.62,21.61,551.34,2388.22,9090.48,1.3,48.07,520.46,2388.24,8155.41,8.4894,0.03,396,2388,100.0,38.48,23.0683
102,-0.0007,-0.0002,100.0,518.67,642.67,1591.63,1404.44,14.62,21.61,553.73,2388.05,9065.69,1.3,47.53,521.18,2388.04,8148.06,8.4393,0.03,394,2388,100.0,38.79,23.2819
151,-0.0018,0.0004,100.0,518.67,642.33,1594.89,1407.8,14.62,21.61,553.72,2388.09,9057.04,1.3,47.66,521.54,2388.1,8136.52,8.4284,0.03,394,2388,100.0,38.82,23.3229
63,-0.0014,0.0005,100.0,518.67,641.91,1575.83,1395.05,14.62,21.61,554.63,2388.0,9061.57,1.3,47.17,522.15,2388.01,8134.72,8.3867,0.03,392,2388,100.0,38.98,23.325
75,-0.0005,-0.0002,100.0,518.67,642.64,1588.03,1406.82,14.62,21.61,553.07,2388.14,9043.55,1.3,47.66,520.75,2388.07,8127.52,8.4235,0.03,394,2388,100.0,38.72,23.2164
150,0.0035,0.0001,100.0,518.67,642.62,1590.33,1411.98,14.62,21.61,553.36,2388.16,9060.0,1.3,47.64,521.03,2388.1,8132.5,8.4593,0.03,394,2388,100.0,38.97,23.2037
28,-0.0007,0.0003,100.0,518.67,642.16,1580.08,1399.53,14.62,21.61,554.54,2388.02,9057.5,1.3,47.21,522.04,2387.96,8144.22,8.3794,0.03,390,2388,100.0,38.83,23.4025
202,0.0017,-0.0001,100.0,518.67,643.64,1609.56,1429.98,14.62,21.61,551.02,2388.3,9053.41,1.3,48.16,519.31,2388.3,8130.05,8.5361,0.03,398,2388,100.0,38.43,22.9965
145,-0.0005,-0.0001,100.0,518.67,642.75,1592.66,1405.42,14.62,21.61,553.18,2388.08,9058.98,1.3,47.45,521.51,2388.1,8137.8,8.4521,0.03,394,2388,100.0,38.88,23.3268
45,-0.0015,0.0,100.0,518.67,642.69,1586.3,1409.73,14.62,21.61,553.62,2388.12,9050.9,1.3,47.47,521.52,2388.06,8131.78,8.4485,0.03,394,2388,100.0,38.8,23.3059
110,0.0017,-0.0,100.0,518.67,642.22,1589.73,1393.1,14.62,21.61,554.46,2388.07,9059.81,1.3,47.42,522.17,2387.99,8138.24,8.3995,0.03,392,2388,100.0,39.06,23.348
207,0.0003,0.0,100.0,518.67,643.26,1599.16,1424.96,14.62,21.61,550.83,2388.25,9056.03,1.3,48.1,519.99,2388.29,8132.37,8.5279,0.03,397,2388,100.0,38.29,23.1123
155,-0.0013,0.0005,100.0,518.67,642.67,1589.15,1419.23,14.62,21.61,551.6,2388.22,9043.17,1.3,47.96,520.22,2388.26,8111.29,8.4829,0.03,395,2388,100.0,38.55,23.1345
43,0.0007,0.0003,100.0,518.67,642.41,1586.5,1407.63,14.62,21.61,553.37,2388.17,9049.53,1.3,47.56,521.66,2388.08,8127.64,8.3887,0.03,392,2388,100.0,38.88,23.3528
151,0.0037,0.0001,100.0,518.67,642.85,1586.99,1411.99,14.62,21.61,552.43,2388.07,9091.22,1.3,47.62,520.64,2388.04,8161.54,8.4697,0.03,395,2388,100.0,38.84,23.1504
35,-0.0026,0.0003,100.0,518.67,642.32,1591.3,1401.11,14.62,21.61,554.59,2388.05,9063.73,1.3,47.18,522.12,2388.01,8140.9,8.3996,0.03,392,2388,100.0,39.0,23.3202
229,0.0008,-0.0001,100.0,518.67,642.32,1593.83,1407.69,14.62,21.61,553.0,2388.13,9071.15,1.3,47.65,521.66,2388.11,8144.84,8.4447,0.03,393,2388,100.0,38.82,23.1824
132,-0.0014,-0.0005,100.0,518.67,643.47,1593.79,1417.36,14.62,21.61,552.55,2388.23,9042.98,1.3,47.84,521.02,2388.22,8119.85,8.479,0.03,393,2388,100.0,38.73,23.2166
65,0.0027,0.0003,100.0,518.67,642.94,1589.42,1405.35,14.62,21.61,553.39,2388.1,9049.67,1.3,47.44,521.46,2388.13,8134.18,8.4562,0.03,392,2388,100.0,38.75,23.2586
132,-0.0012,-0.0002,100.0,518.67,642.51,1586.16,1398.13,14.62,21.61,554.53,2388.05,9057.29,1.3,47.51,521.92,2388.07,8136.88,8.4164,0.03,392,2388,100.0,39.06,23.3908
243,-0.0017,-0.0003,100.0,518.67,643.45,1601.32,1421.55,14.62,21.61,551.99,2388.21,9054.42,1.3,48.13,519.72,2388.28,8126.34,8.5032,0.03,395,2388,100.0,38.49,23.0906
29,0.0006,-0.0002,100.0,518.67,642.75,1588.83,1411.5,14.62,21.61,553.22,2388.13,9038.83,1.3,47.46,521.2,2388.15,8132.2,8.4415,0.03,394,2388,100.0,38.72,23.276
173,-0.0003,-0.0002,100.0,518.67,642.5,1594.41,1415.17,14.62,21.61,552.64,2388.18,9042.56,1.3,47.81,520.21,2388.24,8121.49,8.493,0.03,395,2388,100.0,38.6,23.2476
55,-0.0014,0.0003,100.0,518.67,641.57,1588.91,1400.43,14.62,21.61,554.04,2387.95,9065.49,1.3,47.14,521.8,2388.06,8143.76,8.4139,0.03,392,2388,100.0,39.01,23.3442
92,-0.0017,-0.0003,100.0,518.67,642.28,1585.44,1394.94,14.62,21.6,554.58,2388.01,9073.66,1.3,47.37,521.94,2388.04,8153.67,8.4126,0.03,391,2388,100.0,38.85,23.1935
184,0.0022,-0.0001,100.0,518.67,642.91,1595.5,1419.01,14.62,21.61,552.96,2388.06,9089.0,1.3,47.79,521.75,2388.08,8163.45,8.4274,0.03,392,2388,100.0,38.83,23.3222
156,0.0036,-0.0,100.0,518.67,643.24,1596.66,1425.52,14.62,21.61,552.1,2388.3,9058.96,1.3,47.9,520.01,2388.24,8127.52,8.4631,0.03,393,2388,100.0,38.67,23.1932
23,-0.0008,-0.0002,100.0,518.67,642.57,1591.09,1407.26,14.62,21.61,553.61,2388.11,9041.83,1.3,47.53,521.38,2388.11,8126.9,8.4058,0.03,393,2388,100.0,38.85,23.2845
152,0.0003,-0.0002,100.0,518.67,642.96,1598.41,1420.2,14.62,21.61,551.87,2388.23,9060.07,1.3,48.07,519.93,2388.25,8131.58,8.4888,0.03,396,2388,100.0,38.41,23.1321
36,-0.0027,0.0003,100.0,518.67,642.49,1590.94,1407.83,14.62,21.61,554.28,2388.01,9060.37,1.3,47.24,521.7,2388.04,8145.12,8.4116,0.03,392,2388,100.0,39.0,23.2791
102,0.0016,0.0001,100.0,518.67,642.44,1590.24,1407.05,14.62,21.6,554.44,2388.03,9052.38,1.3,47.19,522.05,2388.04,8136.45,8.4052,0.03,391,2388,100.0,38.92,23.3453
187,0.0031,0.0001,100.0,518.67,643.1,1591.92,1415.94,14.62,21.61,553.11,2388.14,9098.16,1.3,47.59,520.74,2388.14,8164.27,8.4654,0.03,393,2388,100.0,38.78,23.1375
20,-0.0002,-0.0004,100.0,518.67,642.13,1593.09,1406.41,14.62,21.61,553.42,2388.06,9044.05,1.3,47.43,521.05,2388.11,8129.12,8.4439,0.03,393,2388,100.0,38.84,23.3772
51,0.0004,-0.0,100.0,518.67,642.1,1593.78,1404.47,14.62,21.61,553.4,2388.07,9053.36,1.3,47.41,521.54,2388.19,8127.66,8.4382,0.03,392,2388,100.0,38.89,23.3237
40,-0.0023,-0.0004,100.0,518.67,642.98,1589.21,1406.82,14.62,21.61,553.14,2388.06,9055.63,1.3,47.63,522.27,2388.12,8133.25,8.4067,0.03,393,2388,100.0,38.89,23.3177
81,-0.0016,0.0001,100.0,518.67,642.84,1587.13,1405.45,14.62,21.61,552.98,2388.03,9067.69,1.3,47.57,521.89,2388.1,8153.07,8.4455,0.03,392,2388,100.0,38.97,23.2581
228,-0.0,-0.0001,100.0,518.67,643.58,1599.79,1432.85,14.62,21.61,551.3,2388.22,9068.13,1.3,48.08,519.36,2388.2,8135.62,8.5353,0.03,396,2388,100.0,38.56,23.0203
106,0.0064,0.0006,100.0,518.67,642.46,1604.07,1423.65,14.62,21.61,553.18,2388.25,9039.51,1.3,47.97,519.98,2388.21,8121.62,8.4693,0.03,394,2388,100.0,38.46,23.0806
25,0.0002,-0.0004,100.0,518.67,642.54,1590.71,1403.35,14.62,21.61,554.51,2388.14,9066.2,1.3,47.24,522.1,2388.1,8140.16,8.427,0.03,393,2388,100.0,38.9,23.2058
12,-0.0036,0.0004,100.0,518.67,642.51,1588.0,1410.43,14.62,21.61,553.07,2388.07,9060.64,1.3,47.69,521.33,2388.15,8137.14,8.4291,0.03,393,2388,100.0,38.73,23.31
57,0.0017,0.0004,100.0,518.67,642.68,1593.8,1405.01,14.62,21.61,553.22,2388.06,9063.66,1.3,47.43,521.24,2388.07,8135.48,8.4233,0.03,393,2388,100.0,39.01,23.2959
184,0.0021,0.0001,100.0,518.67,643.65,1599.02,1426.71,14.62,21.61,552.56,2388.21,9049.53,1.3,48.01,520.45,2388.25,8124.85,8.4987,0.03,395,2388,100.0,38.43,23.1716
118,-0.0013,0.0001,100.0,518.67,642.38,1603.21,1412.3,14.62,21.61,553.36,2388.08,9077.34,1.3,47.61,520.89,2388.08,8149.56,8.4363,0.03,393,2388,100.0,38.83,23.2416
205,-0.0015,0.0001,100.0,518.67,642.53,1591.21,1408.9,14.62,21.61,554.09,2388.0,9093.45,1.3,47.62,521.87,2388.02,8164.89,8.404,0.03,393,2388,100.0,38.75,23.1035
85,0.0025,0.0003,100.0,518.67,642.28,1590.12,1405.96,14.62,21.61,554.4,2388.01,9056.08,1.3,47.36,522.3,2388.05,8135.31,8.4499,0.03,392,2388,100.0,39.01,23.284
78,-0.0018,-0.0002,100.0,518.67,641.68,1586.43,1403.1,14.62,21.61,554.54,2388.02,9060.75,1.3,47.1,522.4,2388.04,8142.04,8.3907,0.03,393,2388,100.0,39.08,23.5053
87,0.0,-0.0001,100.0,518.67,642.59,1595.2,1407.2,14.62,21.61,553.7,2388.1,9059.08,1.3,47.54,521.04,2388.11,8139.69,8.4128,0.03,394,2388,100.0,38.77,23.37
186,-0.0008,-0.0,100.0,518.67,643.18,1596.2,1424.98,14.62,21.61,552.11,2388.13,9140.98,1.3,48.02,520.19,2388.1,8206.42,8.5151,0.03,395,2388,100.0,38.63,23.1031
42,0.0008,0.0004,100.0,518.67,642.56,1586.53,1401.27,14.62,21.61,553.52,2388.1,9059.38,1.3,47.37,521.15,2388.06,8137.39,8.4009,0.03,394,2388,100.0,38.86,23.3463
76,0.0002,0.0004,100.0,518.67,642.53,1584.43,1408.84,14.62,21.61,552.65,2388.09,9055.66,1.3,47.52,521.72,2388.17,8128.11,8.486,0.03,393,2388,100.0,38.89,23.1985
108,-0.0057,-0.0001,100.0,518.67,642.67,1588.96,1411.48,14.62,21.61,553.03,2388.09,9062.78,1.3,47.52,521.32,2388.08,8150.24,8.4553,0.03,395,2388,100.0,38.86,23.2257
156,0.0034,-0.0001,100.0,518.67,642.15,1590.95,1402.43,14.62,21.61,554.07,2388.06,9104.01,1.3,47.42,522.11,2388.05,8180.08,8.4617,0.03,393,2388,100.0,38.85,23.238
95,0.001,0.0001,100.0,518.67,643.05,1594.11,1412.55,14.62,21.61,553.76,2388.14,9041.13,1.3,47.53,521.31,2388.14,8123.95,8.44,0.03,394,2388,100.0,38.61,23.2977
190,0.0017,0.0002,100.0,518.67,642.74,1599.98,1404.18,14.62,21.61,553.33,2388.11,9083.7,1.3,47.64,521.69,2388.06,8163.16,8.4567,0.03,393,2388,100.0,38.93,23.2675
189,-0.0006,-0.0002,100.0,518.67,643.46,1600.32,1425.35,14.62,21.61,551.17,2388.22,9049.57,1.3,47.99,519.74,2388.28,8119.92,8.5502,0.03,396,2388,100.0,38.45,23.127
162,-0.004,-0.0005,100.0,518.67,643.02,1594.63,1420.69,14.62,21.61,552.44,2388.2,9047.74,1.3,47.85,521.1,2388.12,8128.47,8.5198,0.03,395,2388,100.0,38.6,23.2265
45,0.0047,0.0002,100.0,518.67,642.12,1574.46,1397.69,14.62,21.61,554.67,2387.98,9050.04,1.3,47.36,522.78,2387.99,8137.47,8.4349,0.03,391,2388,100.0,39.05,23.3792
42,-0.004,-0.0002,100.0,518.67,642.58,1585.54,1400.4,14.62,21.61,553.25,2388.12,9044.24,1.3,47.44,521.42,2388.16,8124.06,8.428,0.03,393,2388,100.0,38.78,23.3256
44,-0.0013,0.0005,100.0,518.67,642.02,1588.3,1400.69,14.62,21.6,554.58,2387.97,9063.5,1.3,47.05,522.01,2388.03,8146.44,8.3957,0.03,391,2388,100.0,39.05,23.4356
100,0.0047,0.0,100.0,518.67,642.27,1581.92,1403.32,14.62,21.61,554.07,2388.05,9052.92,1.3,47.42,522.22,2388.04,8135.94,8.4388,0.03,390,2388,100.0,38.84,23.3346
103,-0.0015,0.0002,100.0,518.67,643.06,1595.24,1417.72,14.62,21.61,552.38,2388.19,9058.18,1.3,47.68,521.43,2388.11,8137.59,8.4561,0.03,394,2388,100.0,38.78,23.2069
34,-0.0,0.0004,100.0,518.67,642.73,1589.62,1404.77,14.62,21.61,554.66,2388.07,9063.36,1.3,47.34,521.69,2388.05,8134.85,8.4376,0.03,393,2388,100.0,38.83,23.4207
266,0.0011,0.0,100.0,518.67,643.25,1606.18,1429.13,14.62,21.61,552.37,2388.17,9138.16,1.3,48.04,520.17,2388.16,8203.21,8.5346,0.03,395,2388,100.0,38.52,23.0092
131,0.0001,-0.0002,100.0,518.67,642.21,1586.16,1397.93,14.62,21.61,554.12,2387.99,9078.24,1.3,47.38,522.6,2387.97,8154.99,8.4124,0.03,393,2388,100.0,38.85,23.2558
136,0.0012,-0.0004,100.0,518.67,642.25,1593.26,1402.91,14.62,21.61,553.77,2388.02,9067.17,1.3,47.49,521.46,2388.07,8142.18,8.4264,0.03,392,2388,100.0,38.93,23.3764
166,0.0012,0.0001,100.0,518.67,643.15,1597.12,1417.56,14.62,21.61,552.81,2388.05,9102.87,1.3,47.83,520.93,2388.13,8172.86,8.4679,0.03,395,2388,100.0,38.65,23.1204
120,0.0029,-0.0002,100.0,518.67,642.61,1590.46,1411.55,14.62,21.61,552.47,2388.04,9077.02,1.3,47.45,521.48,2388.08,8158.59,8.4351,0.03,393,2388,100.0,38.8,23.2702
177,-0.0038,-0.0003,100.0,518.67,643.79,1602.02,1423.99,14.62,21.61,551.93,2388.25,9046.2,1.3,48.03,520.24,2388.23,8120.11,8.4779,0.03,396,2388,100.0,38.63,23.1673
18,-0.0007,0.0001,100.0,518.67,641.9,1585.5,1398.16,14.62,21.61,554.11,2387.99,9065.72,1.3,47.23,521.91,2388.03,8145.45,8.3788,0.03,391,2388,100.0,38.78,23.4303
96,0.0009,0.0001,100.0,518.67,642.07,1593.57,1406.57,14.62,21.61,554.35,2388.03,9070.99,1.3,47.38,521.63,2388.1,8141.89,8.3954,0.03,393,2388,100.0,38.78,23.2521
111,-0.0042,-0.0004,100.0,518.67,643.27,1595.25,1419.58,14.62,21.61,552.76,2388.17,9042.7,1.3,47.87,520.88,2388.21,8125.12,8.4634,0.03,395,2388,100.0,38.8,23.1583
116,0.0002,0.0,100.0,518.67,642.75,1594.44,1410.43,14.62,21.61,552.31,2388.13,9059.94,1.3,47.69,521.21,2388.11,8135.59,8.4676,0.03,396,2388,100.0,38.76,23.2957
158,0.0016,0.0003,100.0,518.67,642.4,1587.51,1406.76,14.62,21.61,553.02,2388.11,9072.51,1.3,47.61,521.44,2388.07,8148.26,8.4286,0.03,392,2388,100.0,38.92,23.298
93,-0.0056,-0.0001,100.0,518.67,642.64,1586.28,1409.2,14.62,21.61,554.66,2388.0,9059.15,1.3,47.26,522.36,2388.08,8148.71,8.4256,0.03,392,2388,100.0,38.97,23.5023
38,0.002,-0.0002,100.0,518.67,642.38,1584.21,1396.82,14.62,21.61,554.48,2388.02,9068.83,1.3,47.22,522.25,2387.99,8148.21,8.3893,0.03,392,2388,100.0,39.09,23.458
88,0.0031,-0.0,100.0,518.67,642.27,1585.9,1400.09,14.62,21.61,553.59,2388.02,9067.17,1.3,47.33,521.9,2388.01,8146.69,8.4078,0.03,393,2388,100.0,39.04,23.2656
106,0.0024,-0.0001,100.0,518.67,643.26,1592.36,1412.56,14.62,21.61,552.92,2388.05,9065.82,1.3,47.62,521.85,2388.12,8140.58,8.4178,0.03,393,2388,100.0,38.69,23.2537
157,0.0008,-0.0004,100.0,518.67,642.49,1594.0,1413.11,14.62,21.61,552.13,2388.2,9054.69,1.3,47.79,521.0,2388.16,8129.94,8.4936,0.03,394,2388,100.0,38.56,23.2103
69,0.0002,0.0001,100.0,518.67,642.22,1593.46,1403.5,14.62,21.6,554.47,2388.04,9070.6,1.3,47.36,522.14,2387.97,8154.01,8.4268,0.03,392,2388,100.0,38.96,23.3819
161,0.0021,0.0003,100.0,518.67,643.26,1592.23,1428.08,14.62,21.61,553.14,2388.15,9077.29,1.3,47.89,520.87,2388.1,8166.51,8.5008,0.03,393,2388,100.0,38.62,23.1214
117,0.0017,0.0002,100.0,518.67,642.82,1584.63,1414.17,14.62,21.61,553.64,2388.08,9068.65,1.3,47.47,521.81,2388.1,8141.53,8.427,0.03,392,2388,100.0,38.92,23.3664
26,0.0007,-0.0003,100.0,518.67,641.85,1590.95,1415.05,14.62,21.61,553.37,2388.16,9042.54,1.3,47.38,520.94,2388.11,8121.84,8.4703,0.03,394,2388,100.0,38.8,23.2967
115,-0.0031,0.0001,100.0,518.67,643.09,1593.54,1412.56,14.62,21.61,552.67,2388.11,9052.34,1.3,47.41,520.97,2388.12,8141.49,8.4579,0.03,394,2388,100.0,38.74,23.3543
139,0.0007,-0.0,100.0,518.67,643.47,1597.18,1428.7,14.62,21.61,552.13,2388.28,9051.61,1.3,47.84,520.25,2388.26,8119.55,8.5013,0.03,395,2388,100.0,38.39,23.078
153,0.0004,0.0003,100.0,518.67,642.93,1597.46,1406.06,14.62,21.61,552.67,2388.14,9073.27,1.3,47.63,521.28,2388.09,8148.43,8.4368,0.03,392,2388,100.0,38.63,23.1682
127,0.0013,-0.0002,100.0,518.67,643.0,1584.07,1411.71,14.62,21.61,553.09,2388.14,9056.27,1.3,47.61,520.55,2388.16,8137.8,8.4492,0.03,393,2388,100.0,38.68,23.3055
41,-0.0032,-0.0003,100.0,518.67,642.26,1586.91,1403.3,14.62,21.61,554.31,2388.03,9053.06,1.3,47.18,522.48,2388.02,8138.73,8.4239,0.03,392,2388,100.0,39.21,23.3799
158,-0.0013,-0.0003,100.0,518.67,643.36,1595.08,1429.63,14.62,21.61,551.3,2388.29,9051.99,1.3,48.16,519.54,2388.28,8124.77,8.514,0.03,397,2388,100.0,38.43,22.9654
183,-0.001,0.0002,100.0,518.67,642.89,1593.07,1419.61,14.62,21.61,552.8,2388.16,9074.23,1.3,47.69,520.82,2388.16,8151.84,8.4512,0.03,394,2388,100.0,38.79,23.2165
120,-0.0013,-0.0002,100.0,518.67,641.7,1580.76,1401.0,14.62,21.61,553.9,2388.06,9056.86,1.3,47.27,521.92,2388.0,8135.15,8.456,0.03,391,2388,100.0,38.9,23.4283
201,0.0038,0.0002,100.0,518.67,642.49,1597.12,1415.29,14.62,21.61,552.1,2388.14,9080.22,1.3,47.72,520.88,2388.11,8149.24,8.4567,0.03,394,2388,100.0,38.59,23.2468
49,-0.0026,0.0003,100.0,518.67,642.37,1594.76,1407.76,14.62,21.61,553.32,2388.1,9049.62,1.3,47.52,521.14,2388.04,8128.66,8.4237,0.03,393,2388,100.0,38.94,23.3914
129,-0.0012,0.0001,100.0,518.67,642.19,1584.39,1414.22,14.62,21.61,553.92,2388.07,9062.12,1.3,47.41,522.03,2388.1,8140.84,8.3986,0.03,393,2388,100.0,39.0,23.3117
150,0.001,-0.0003,100.0,518.67,643.06,1589.01,1409.22,14.62,21.61,553.57,2388.12,9044.76,1.3,47.6,520.5,2388.21,8122.99,8.4726,0.03,394,2388,100.0,38.68,23.2082
154,0.0023,-0.0001,100.0,518.67,643.09,1597.35,1416.92,14.62,21.61,553.56,2388.08,9090.87,1.3,47.68,520.53,2388.14,8160.79,8.458,0.03,394,2388,100.0,38.73,23.2003
121,-0.0006,0.0005,100.0,518.67,642.38,1596.44,1407.18,14.62,21.61,553.2,2388.11,9074.75,1.3,47.57,521.57,2388.05,8149.72,8.4827,0.03,394,2388,100.0,38.77,23.2945
194,0.0037,-0.0002,100.0,518.67,642.95,1596.1,1416.24,14.62,21.61,552.53,2388.12,9078.36,1.3,47.75,521.01,2388.17,8154.14,8.4561,0.03,395,2388,100.0,38.76,23.251
94,0.0013,0.0002,100.0,518.67,642.96,1593.34,1415.38,14.62,21.61,553.33,2388.11,9064.36,1.3,47.62,521.27,2388.08,8143.56,8.4351,0.03,394,2388,100.0,39.01,23.3343
38,-0.0027,0.0002,100.0,518.67,642.24,1590.42,1413.17,14.62,21.61,553.03,2388.11,9058.6,1.3,47.83,520.72,2388.12,8138.51,8.4496,0.03,392,2388,100.0,38.98,23.3147
181,-0.0026,-0.0001,100.0,518.67,643.27,1590.19,1424.68,14.62,21.61,551.65,2388.21,9062.12,1.3,47.96,519.85,2388.18,8129.47,8.4634,0.03,395,2388,100.0,38.5,23.1048
159,-0.0029,-0.0001,100.0,518.67,643.17,1598.19,1421.02,14.62,21.61,552.26,2388.13,9134.3,1.3,47.97,520.65,2388.16,8202.98,8.4843,0.03,395,2388,100.0,38.59,23.202
41,-0.0016,0.0002,100.0,518.67,642.24,1588.94,1403.8,14.62,21.61,553.98,2388.09,9035.25,1.3,47.47,521.55,2388.08,8126.19,8.4336,0.03,392,2388,100.0,38.62,23.3154
57,0.001,-0.0003,100.0,518.67,643.04,1589.88,1412.03,14.62,21.61,553.23,2388.06,9048.33,1.3,47.56,521.83,2388.15,8133.31,8.4337,0.03,393,2388,100.0,38.77,23.2263
101,0.0035,-0.0001,100.0,518.67,643.02,1584.25,1409.68,14.62,21.61,553.48,2388.08,9052.58,1.3,47.32,521.5,2388.06,8130.67,8.4139,0.03,391,2388,100.0,39.03,23.3181
161,-0.0016,0.0001,100.0,518.67,642.57,1591.35,1417.93,14.62,21.61,553.25,2388.09,9081.04,1.3,47.72,521.07,2388.14,8157.92,8.478,0.03,394,2388,100.0,38.74,23.1024
57,-0.0015,0.0003,100.0,518.67,642.11,1591.0,1400.87,14.62,21.61,554.46,2387.96,9062.44,1.3,47.31,522.11,2388.03,8145.66,8.3901,0.03,391,2388,100.0,39.15,23.3537
126,0.0009,-0.0003,100.0,518.67,643.05,1589.8,1403.94,14.62,21.61,552.52,2388.13,9041.95,1.3,47.62,521.25,2388.16,8129.75,8.4692,0.03,394,2388,100.0,38.72,23.321
161,-0.0018,0.0003,100.0,518.67,643.28,1597.21,1424.47,14.62,21.61,552.92,2388.1,9137.33,1.3,48.01,521.35,2388.14,8210.13,8.472,0.03,395,2388,100.0,38.54,23.1569
94,0.0031,-0.0,100.0,518.67,643.02,1589.56,1406.51,14.62,21.61,554.09,2388.11,9063.37,1.3,47.52,521.76,2388.12,8150.5,8.4371,0.03,393,2388,100.0,38.72,23.3616
93,-0.0011,0.0001,100.0,518.67,642.0,1586.87,1396.28,14.62,21.61,554.15,2388.02,9062.66,1.3,47.2,522.27,2388.05,8143.33,8.413,0.03,390,2388,100.0,38.95,23.4661
147,0.0019,-0.0003,100.0,518.67,643.43,1600.54,1414.54,14.62,21.61,551.95,2388.24,9053.63,1.3,47.95,520.03,2388.25,8124.31,8.4974,0.03,396,2388,100.0,38.79,23.1169
209,-0.0012,0.0,100.0,518.67,643.61,1597.31,1413.32,14.62,21.61,552.65,2388.11,9102.72,1.3,47.71,520.71,2388.12,8168.44,8.499,0.03,395,2388,100.0,38.57,23.148
25,-0.001,-0.0,100.0,518.67,642.05,1590.48,1410.74,14.62,21.61,553.88,2388.11,9062.81,1.3,47.57,521.94,2388.08,8138.08,8.4171,0.03,392,2388,100.0,38.89,23.355
124,0.0048,-0.0001,100.0,518.67,642.76,1592.55,1404.41,14.62,21.61,554.03,2388.13,9050.77,1.3,47.41,521.58,2388.13,8134.51,8.4383,0.03,391,2388,100.0,38.97,23.3763
116,0.0023,0.0001,100.0,518.67,642.81,1590.1,1405.01,14.62,21.61,552.55,2388.12,9046.42,1.3,47.59,521.09,2388.12,8131.39,8.4257,0.03,394,2388,100.0,38.71,23.3232
57,-0.0002,0.0001,100.0,518.67,641.95,1578.24,1394.93,14.62,21.61,554.47,2388.01,9066.62,1.3,47.18,522.61,2387.96,8145.61,8.4152,0.03,393,2388,100.0,39.1,23.458
63,0.0012,0.0004,100.0,518.67,641.98,1581.76,1408.93,14.62,21.61,553.49,2388.1,9044.67,1.3,47.29,522.2,2388.1,8122.04,8.4336,0.03,392,2388,100.0,38.96,23.4096
129,-0.0031,-0.0004,100.0,518.67,642.52,1592.15,1417.85,14.62,21.61,553.69,2388.14,9062.08,1.3,47.65,521.84,2388.07,8143.13,8.4769,0.03,394,2388,100.0,38.63,23.3353
57,-0.0008,0.0002,100.0,518.67,642.63,1591.94,1405.69,14.62,21.61,553.15,2388.03,9064.94,1.3,47.45,521.94,2388.13,8130.93,8.4288,0.03,393,2388,100.0,38.87,23.3018
101,0.0008,-0.0002,100.0,518.67,642.7,1584.46,1412.5,14.62,21.61,554.08,2388.1,9062.28,1.3,47.52,521.16,2388.07,8146.33,8.4521,0.03,394,2388,100.0,38.89,23.3918
105,0.0027,0.0003,100.0,518.67,643.06,1587.49,1408.82,14.62,21.61,553.11,2388.12,9067.6,1.3,47.65,521.04,2388.07,8148.4,8.4498,0.03,394,2388,100.0,38.8,23.1996
116,-0.0048,0.0001,100.0,518.67,642.32,1597.28,1412.79,14.62,21.61,553.1,2388.1,9072.29,1.3,47.73,521.18,2388.09,8152.51,8.4495,0.03,393,2388,100.0,38.82,23.308
137,0.0043,-0.0004,100.0,518.67,642.66,1590.3,1413.32,14.62,21.61,552.71,2388.18,9071.75,1.3,47.56,521.11,2388.2,8139.28,8.4626,0.03,393,2388,100.0,38.75,23.2099
189,0.0011,-0.0003,100.0,518.67,643.93,1599.6,1425.76,14.62,21.61,552.06,2388.12,9151.28,1.3,48.13,520.39,2388.12,8220.08,8.4878,0.03,396,2388,100.0,38.39,23.1228
40,-0.0038,0.0001,100.0,518.67,641.97,1579.38,1403.24,14.62,21.61,553.75,2388.03,9056.52,1.3,47.09,521.84,2388.05,8131.57,8.3987,0.03,392,2388,100.0,39.09,23.4079
243,0.0042,-0.0002,100.0,518.67,643.04,1593.98,1411.41,14.62,21.61,552.71,2388.09,9078.11,1.3,47.55,521.05,2388.06,8152.43,8.4661,0.03,395,2388,100.0,38.57,23.2729
174,-0.0022,-0.0001,100.0,518.67,642.73,1603.82,1416.84,14.62,21.61,552.8,2388.15,9079.87,1.3,47.76,521.26,2388.11,8159.03,8.4522,0.03,394,2388,100.0,38.56,23.2984
111,-0.002,0.0001,100.0,518.67,642.17,1590.1,1391.22,14.62,21.61,554.21,2388.01,9059.87,1.3,47.43,522.14,2388.04,8138.83,8.4374,0.03,392,2388,100.0,39.21,23.4053
203,0.001,0.0002,100.0,518.67,643.58,1596.89,1424.97,14.62,21.61,551.76,2388.25,9059.28,1.3,48.01,520.1,2388.22,8130.69,8.5472,0.03,397,2388,100.0,38.57,23.014
126,-0.0006,0.0003,100.0,518.67,642.45,1579.8,1400.93,14.62,21.61,553.86,2388.01,9078.74,1.3,47.22,522.14,2387.97,8155.0,8.4054,0.03,391,2388,100.0,38.98,23.3129
240,-0.0017,-0.0002,100.0,518.67,642.61,1599.71,1406.54,14.62,21.61,553.18,2388.11,9077.79,1.3,47.66,521.18,2388.11,8152.44,8.482,0.03,393,2388,100.0,38.76,23.314
145,0.0035,-0.0003,100.0,518.67,643.03,1603.58,1422.74,14.62,21.61,551.63,2388.15,9086.37,1.3,48.01,520.06,2388.15,8164.1,8.5092,0.03,395,2388,100.0,38.51,23.1288
172,0.0011,-0.0003,100.0,518.67,643.03,1582.03,1411.49,14.62,21.61,553.87,2388.12,9060.76,1.3,47.7,521.34,2388.11,8131.87,8.4785,0.03,393,2388,100.0,38.89,23.2834
157,-0.0006,-0.0004,100.0,518.67,643.08,1593.49,1423.07,14.62,21.61,552.54,2388.16,9066.76,1.3,47.82,520.4,2388.17,8142.08,8.468,0.03,393,2388,100.0,38.64,23.2297
18,-0.0018,-0.0001,100.0,518.67,643.02,1585.7,1410.65,14.62,21.61,552.92,2388.11,9042.39,1.3,47.23,521.86,2388.12,8122.48,8.4608,0.03,393,2388,100.0,38.87,23.3424
105,-0.0031,0.0002,100.0,518.67,642.59,1588.29,1395.87,14.62,21.61,553.67,2388.07,9063.33,1.3,47.5,521.35,2388.06,8143.23,8.4324,0.03,393,2388,100.0,38.9,23.2421
82,0.0011,0.0,100.0,518.67,642.46,1582.8,1400.87,14.62,21.61,554.14,2388.03,9060.03,1.3,47.42,522.06,2388.08,8136.72,8.4148,0.03,392,2388,100.0,38.85,23.3736
183,-0.0005,-0.0001,100.0,518.67,643.27,1600.09,1418.75,14.62,21.61,552.09,2388.25,9048.8,1.3,47.86,520.03,2388.28,8118.22,8.4843,0.03,396,2388,100.0,38.65,23.0675
144,0.001,-0.0001,100.0,518.67,643.72,1596.64,1418.99,14.62,21.61,552.66,2388.16,9082.25,1.3,47.86,520.63,2388.18,8154.85,8.4692,0.03,394,2388,100.0,38.65,23.1117
147,0.0023,0.0001,100.0,518.67,643.01,1594.42,1417.51,14.62,21.61,552.52,2388.21,9047.75,1.3,47.83,520.53,2388.25,8120.98,8.4406,0.03,395,2388,100.0,38.59,23.15
192,0.0009,0.0005,100.0,518.67,643.53,1602.3,1428.02,14.62,21.61,552.04,2388.14,9164.23,1.3,48.07,519.49,2388.16,8216.6,8.5151,0.03,397,2388,100.0,38.38,22.9959
131,0.0046,-0.0004,100.0,518.67,642.27,1594.54,1404.47,14.62,21.61,552.94,2388.06,9059.49,1.3,47.44,521.44,2388.13,8146.39,8.4406,0.03,392,2388,100.0,38.9,23.3063
170,-0.0027,0.0004,100.0,518.67,643.29,1599.9,1422.47,14.62,21.61,552.12,2388.13,9110.13,1.3,47.89,520.19,2388.22,8178.88,8.476,0.03,395,2388,100.0,38.52,23.1798
7,-0.0,-0.0,100.0,518.67,642.24,1581.51,1399.72,14.62,21.61,554.26,2387.99,9059.89,1.3,47.24,522.13,2387.97,8141.67,8.4285,0.03,392,2388,100.0,39.11,23.4091
73,-0.0022,-0.0004,100.0,518.67,642.83,1595.96,1403.62,14.62,21.61,553.38,2388.08,9070.22,1.3,47.52,521.66,2388.12,8149.48,8.408,0.03,393,2388,100.0,38.83,23.2556
197,0.0013,-0.0,100.0,518.67,643.13,1592.8,1414.26,14.62,21.61,552.53,2388.13,9092.47,1.3,47.84,520.66,2388.11,8165.44,8.4364,0.03,394,2388,100.0,38.69,23.2895
195,0.0032,0.0004,100.0,518.67,643.47,1608.02,1428.85,14.62,21.61,551.68,2388.24,9057.1,1.3,48.08,520.26,2388.26,8136.06,8.5333,0.03,395,2388,100.0,38.57,23.1536
157,0.0028,0.0004,100.0,518.67,643.27,1592.25,1418.78,14.62,21.61,552.1,2388.24,9057.81,1.3,48.0,519.78,2388.25,8130.23,8.5289,0.03,395,2388,100.0,38.48,23.0369
51,-0.0003,0.0001,100.0,518.67,642.07,1576.2,1406.53,14.62,21.61,554.25,2388.02,9060.91,1.3,47.21,522.1,2387.97,8144.15,8.3708,0.03,391,2388,100.0,39.21,23.3286
25,-0.0009,-0.0004,100.0,518.67,641.79,1578.13,1397.07,14.62,21.61,554.2,2388.07,9072.66,1.3,47.26,522.27,2387.97,8149.05,8.4361,0.03,392,2388,100.0,39.05,23.3838
217,-0.0011,0.0003,100.0,518.67,643.29,1594.66,1421.11,14.62,21.61,552.89,2388.08,9167.0,1.3,47.64,521.04,2388.13,8237.72,8.5073,0.03,397,2388,100.0,38.41,23.1774
95,0.0057,0.0003,100.0,518.67,642.79,1591.82,1411.51,14.62,21.61,553.84,2388.07,9061.56,1.3,47.58,521.86,2388.09,8144.97,8.4561,0.03,392,2388,100.0,38.89,23.397
118,0.003,0.0005,100.0,518.67,643.11,1593.08,1414.8,14.62,21.61,552.27,2388.17,9059.45,1.3,48.01,521.28,2388.09,8133.93,8.4897,0.03,393,2388,100.0,38.7,23.286
170,0.005,-0.0001,100.0,518.67,642.76,1601.76,1411.39,14.62,21.61,553.18,2388.22,9054.07,1.3,47.63,521.12,2388.2,8133.48,8.494,0.03,392,2388,100.0,38.7,23.2024
57,-0.0061,-0.0003,100.0,518.67,642.39,1580.33,1391.68,14.62,21.61,554.68,2388.0,9065.77,1.3,47.09,522.04,2387.98,8135.89,8.3862,0.03,391,2388,100.0,39.09,23.4079
93,0.0026,-0.0004,100.0,518.67,642.1,1588.77,1403.31,14.62,21.61,554.45,2388.03,9064.84,1.3,47.31,522.16,2388.04,8146.16,8.4316,0.03,392,2388,100.0,38.9,23.3227
172,-0.0036,0.0002,100.0,518.67,644.09,1599.97,1423.94,14.62,21.61,551.89,2388.19,9093.37,1.3,47.91,519.92,2388.24,8166.49,8.5449,0.03,397,2388,100.0,38.7,23.16
86,0.0017,-0.0002,100.0,518.67,642.21,1585.24,1402.72,14.62,21.6,554.86,2388.01,9074.78,1.3,47.29,522.21,2388.0,8148.28,8.4018,0.03,393,2388,100.0,38.97,23.362
111,0.0053,0.0002,100.0,518.67,642.82,1585.75,1411.44,14.62,21.61,554.24,2388.01,9065.79,1.3,47.43,522.14,2388.05,8151.92,8.4228,0.03,393,2388,100.0,38.9,23.231
265,0.001,-0.0001,100.0,518.67,643.13,1596.61,1412.31,14.62,21.61,552.49,2388.12,9067.23,1.3,47.95,520.49,2388.18,8146.89,8.4504,0.03,394,2388,100.0,38.74,23.3509
159,-0.0013,-0.0004,100.0,518.67,643.26,1596.98,1416.13,14.62,21.61,552.62,2388.14,9041.76,1.3,47.8,520.88,2388.17,8125.45,8.461,0.03,394,2388,100.0,38.82,23.2748
275,-0.0005,0.0005,100.0,518.67,643.49,1597.55,1420.04,14.62,21.61,551.44,2388.14,9104.29,1.3,48.1,519.85,2388.23,8171.84,8.5237,0.03,397,2388,100.0,38.56,23.1107
129,0.0038,-0.0005,100.0,518.67,643.01,1588.49,1410.67,14.62,21.61,553.64,2388.08,9063.08,1.3,47.51,521.24,2388.12,8142.83,8.4599,0.03,393,2388,100.0,38.83,23.2092
183,-0.0023,-0.0001,100.0,518.67,643.08,1592.79,1420.41,14.62,21.61,552.11,2388.2,9040.43,1.3,47.97,520.85,2388.18,8114.94,8.4471,0.03,395,2388,100.0,38.48,23.1118
101,-0.0024,0.0002,100.0,518.67,642.44,1587.48,1409.67,14.62,21.61,555.0,2388.08,9062.45,1.3,47.4,522.0,2388.05,8144.76,8.4307,0.03,392,2388,100.0,39.04,23.3002
3,0.0007,0.0003,100.0,518.67,642.5,1582.94,1402.54,14.62,21.61,553.7,2388.11,9044.49,1.3,47.62,521.85,2388.09,8123.24,8.4233,0.03,394,2388,100.0,38.92,23.3668
118,-0.0012,0.0001,100.0,518.67,641.56,1584.12,1412.29,14.62,21.61,554.16,2388.05,9059.8,1.3,47.51,522.34,2388.06,8147.0,8.4501,0.03,392,2388,100.0,38.93,23.3966
86,-0.0005,-0.0002,100.0,518.67,641.94,1581.75,1406.17,14.62,21.6,554.1,2388.0,9066.57,1.3,47.33,522.45,2388.03,8144.94,8.3758,0.03,392,2388,100.0,39.17,23.3478
128,0.0032,0.0003,100.0,518.67,643.41,1588.81,1406.46,14.62,21.61,553.03,2388.06,9069.36,1.3,47.53,520.88,2388.1,8145.61,8.4725,0.03,394,2388,100.0,38.94,23.2945
18,0.0033,0.0001,100.0,518.67,642.19,1582.07,1396.83,14.62,21.61,554.29,2387.99,9064.13,1.3,47.06,523.01,2388.01,8146.36,8.3249,0.03,391,2388,100.0,38.95,23.4043
18,0.003,0.0005,100.0,518.67,642.41,1579.41,1403.72,14.62,21.61,553.93,2388.05,9048.7,1.3,47.51,521.95,2388.06,8139.55,8.3914,0.03,392,2388,100.0,39.0,23.2559
92,0.0021,0.0001,100.0,518.67,643.14,1593.57,1405.97,14.62,21.61,552.31,2388.17,9045.81,1.3,47.87,520.6,2388.12,8132.41,8.4352,0.03,393,2388,100.0,38.6,23.2152
216,-0.0008,-0.0001,100.0,518.67,643.72,1602.51,1426.99,14.62,21.61,551.65,2388.21,9067.06,1.3,48.01,520.13,2388.21,8144.86,8.5006,0.03,395,2388,100.0,38.64,23.0235
145,0.0001,0.0,100.0,518.67,642.58,1597.26,1412.29,14.62,21.61,552.48,2388.18,9052.93,1.3,47.82,520.72,2388.16,8129.65,8.4711,0.03,393,2388,100.0,38.87,23.1744
121,-0.0018,-0.0003,100.0,518.67,642.33,1585.48,1400.88,14.62,21.61,554.63,2388.06,9060.65,1.3,47.23,522.2,2388.05,8144.87,8.3756,0.03,393,2388,100.0,39.07,23.3001
89,-0.0029,0.0004,100.0,518.67,643.14,1596.21,1410.57,14.62,21.61,553.64,2388.08,9047.96,1.3,47.69,521.39,2388.16,8121.51,8.4471,0.03,393,2388,100.0,38.83,23.3039
11,-0.0007,-0.0004,100.0,518.67,642.08,1581.89,1395.51,14.62,21.6,554.13,2388.02,9058.42,1.3,47.33,522.34,2388.0,8149.94,8.4099,0.03,392,2388,100.0,39.04,23.3279
145,0.0029,-0.0003,100.0,518.67,642.95,1595.3,1418.11,14.62,21.61,552.2,2388.08,9084.96,1.3,47.8,520.16,2388.14,8165.27,8.4605,0.03,394,2388,100.0,38.7,23.1871
130,-0.002,0.0003,100.0,518.67,643.98,1599.26,1421.86,14.62,21.61,551.98,2388.22,9092.65,1.3,48.03,519.84,2388.23,8164.48,8.4962,0.03,397,2388,100.0,38.5,23.028
57,0.0022,-0.0004,100.0,518.67,642.82,1586.15,1409.8,14.62,21.61,553.39,2388.1,9042.21,1.3,47.38,521.98,2388.09,8127.47,8.4234,0.03,391,2388,100.0,38.65,23.4326
7,-0.0048,0.0003,100.0,518.67,642.45,1589.24,1408.13,14.62,21.61,553.94,2388.14,9063.63,1.3,47.63,521.57,2388.11,8141.27,8.4315,0.03,393,2388,100.0,38.9,23.3848
47,0.002,-0.0005,100.0,518.67,642.37,1587.39,1404.69,14.62,21.61,553.58,2388.03,9056.42,1.3,47.29,522.24,2388.06,8143.99,8.4129,0.03,394,2388,100.0,38.98,23.4506
8,0.0025,0.0001,100.0,518.67,641.9,1576.47,1397.54,14.62,21.61,553.93,2387.98,9064.2,1.3,47.46,522.15,2388.06,8141.87,8.4118,0.03,391,2388,100.0,39.12,23.3935
123,0.0013,-0.0005,100.0,518.67,643.01,1593.26,1418.59,14.62,21.61,553.0,2388.11,9085.06,1.3,47.79,520.44,2388.13,8160.55,8.5044,0.03,395,2388,100.0,38.77,23.2581
111,-0.0036,-0.0003,100.0,518.67,642.83,1591.15,1404.46,14.62,21.61,553.05,2388.11,9065.42,1.3,47.58,521.55,2388.08,8141.28,8.4354,0.03,391,2388,100.0,38.88,23.3767
82,0.0057,0.0,100.0,518.67,642.54,1593.93,1411.86,14.62,21.61,553.48,2388.1,9060.64,1.3,47.55,521.62,2388.15,8136.89,8.4394,0.03,391,2388,100.0,38.96,23.2727
166,-0.0007,0.0003,100.0,518.67,642.51,1587.01,1407.68,14.62,21.61,554.06,2388.04,9102.78,1.3,47.45,521.83,2388.08,8172.57,8.472,0.03,393,2388,100.0,38.85,23.3821
54,-0.0005,0.0,100.0,518.67,642.14,1585.66,1407.99,14.62,21.61,554.75,2388.0,9064.1,1.3,47.36,522.55,2388.02,8149.15,8.3862,0.03,391,2388,100.0,39.07,23.4289
84,-0.0018,0.0001,100.0,518.67,642.59,1587.38,1396.86,14.62,21.61,554.86,2388.02,9066.3,1.3,47.2,522.1,2388.01,8151.33,8.4186,0.03,392,2388,100.0,39.02,23.41
118,-0.0032,0.0003,100.0,518.67,642.28,1581.92,1397.99,14.62,21.61,553.27,2388.1,9054.81,1.3,47.52,522.1,2388.0,8137.79,8.4341,0.03,393,2388,100.0,38.97,23.392
41,-0.0049,0.0004,100.0,518.67,642.49,1591.7,1403.21,14.62,21.61,554.15,2388.09,9058.87,1.3,47.34,521.26,2388.02,8146.51,8.4173,0.03,392,2388,100.0,38.87,23.3199
74,-0.0014,-0.0001,100.0,518.67,642.43,1589.75,1403.14,14.62,21.61,554.42,2388.08,9065.28,1.3,47.54,521.83,2388.12,8148.24,8.4408,0.03,393,2388,100.0,39.06,23.3193
82,0.0028,-0.0002,100.0,518.67,642.09,1587.4,1402.51,14.62,21.61,554.72,2388.0,9061.35,1.3,47.08,522.27,2388.05,8141.27,8.4216,0.03,392,2388,100.0,38.85,23.4179
43,-0.0007,-0.0003,100.0,518.67,642.68,1587.17,1405.54,14.62,21.61,553.36,2388.09,9055.04,1.3,47.69,521.55,2388.14,8139.23,8.4323,0.03,392,2388,100.0,38.58,23.2188
80,0.0035,0.0003,100.0,518.67,642.74,1593.62,1413.4,14.62,21.61,552.91,2388.16,9054.62,1.3,47.68,521.17,2388.18,8131.03,8.4803,0.03,393,2388,100.0,38.62,23.3142
113,-0.0021,0.0004,100.0,518.67,642.61,1596.68,1408.3,14.62,21.61,554.6,2388.11,9077.37,1.3,47.48,521.43,2388.08,8155.87,8.3983,0.03,393,2388,100.0,38.85,23.2184
160,-0.0006,0.0001,100.0,518.67,643.49,1591.38,1414.7,14.62,21.61,553.58,2388.09,9103.29,1.3,47.84,521.04,2388.08,8177.1,8.4503,0.03,393,2388,100.0,38.66,23.1645
130,-0.0033,0.0003,100.0,518.67,642.58,1589.19,1422.86,14.62,21.61,552.9,2388.13,9074.44,1.3,47.79,520.98,2388.14,8148.6,8.4642,0.03,395,2388,100.0,38.44,23.1718
82,0.0001,0.0,100.0,518.67,642.3,1590.81,1408.56,14.62,21.61,552.84,2388.15,9047.23,1.3,47.55,521.53,2388.14,8133.45,8.4049,0.03,392,2388,100.0,38.72,23.2538
141,0.0009,-0.0005,100.0,518.67,643.3,1601.19,1422.88,14.62,21.61,552.66,2388.19,9059.35,1.3,47.92,521.0,2388.22,8135.03,8.4642,0.03,393,2388,100.0,38.63,23.0726
108,-0.0001,0.0001,100.0,518.67,642.99,1587.6,1418.25,14.62,21.61,552.8,2388.15,9052.23,1.3,47.44,521.34,2388.14,8132.73,8.4655,0.03,394,2388,100.0,38.69,23.3569
19,-0.0019,-0.0001,100.0,518.67,642.47,1581.23,1399.5,14.62,21.61,553.43,2388.11,9062.02,1.3,47.42,521.86,2388.04,8142.48,8.4082,0.03,393,2388,100.0,38.8,23.3244
2,-0.0003,0.0005,100.0,518.67,642.01,1585.04,1408.44,14.62,21.61,552.88,2388.11,9050.68,1.3,47.37,521.78,2388.11,8128.11,8.4518,0.03,394,2388,100.0,38.8,23.2932
92,-0.0012,0.0005,100.0,518.67,643.02,1589.08,1411.61,14.62,21.61,552.92,2388.07,9066.37,1.3,47.57,521.37,2388.07,8149.25,8.4747,0.03,393,2388,100.0,38.67,23.1994
89,-0.0022,0.0001,100.0,518.67,642.32,1590.98,1404.76,14.62,21.61,554.02,2388.05,9049.82,1.3,47.44,521.94,2388.11,8127.49,8.4325,0.03,392,2388,100.0,38.88,23.2434
77,0.0008,0.0004,100.0,518.67,643.09,1588.5,1402.87,14.62,21.61,553.99,2388.11,9053.52,1.3,47.2,521.45,2388.08,8132.92,8.4159,0.03,394,2388,100.0,38.9,23.2782
3,0.0007,-0.0,100.0,518.67,642.26,1586.25,1407.48,14.62,21.61,552.9,2388.13,9040.05,1.3,47.56,522.15,2388.07,8123.32,8.4143,0.03,394,2388,100.0,38.73,23.2669
216,0.0018,0.0004,100.0,518.67,642.93,1598.21,1415.41,14.62,21.61,552.29,2388.18,9060.59,1.3,47.93,520.43,2388.26,8127.4,8.4698,0.03,396,2388,100.0,38.62,23.171
126,0.0005,-0.0001,100.0,518.67,642.43,1590.56,1406.15,14.62,21.61,553.09,2388.1,9034.72,1.3,47.54,521.55,2388.17,8120.38,8.4289,0.03,394,2388,100.0,38.98,23.2709
280,0.0015,0.0003,100.0,518.67,642.86,1596.39,1414.99,14.62,21.61,552.9,2388.15,9054.87,1.3,47.76,521.33,2388.12,8129.74,8.4591,0.03,393,2388,100.0,38.95,23.2538
2,-0.0004,0.0003,100.0,518.67,642.42,1593.58,1400.03,14.62,21.61,553.43,2388.08,9057.18,1.3,47.44,521.18,2388.1,8138.29,8.4322,0.03,392,2388,100.0,38.85,23.2555
132,-0.0008,-0.0003,100.0,518.67,642.88,1594.96,1424.87,14.62,21.61,553.03,2388.07,9082.57,1.3,47.59,520.66,2388.06,8160.04,8.4754,0.03,395,2388,100.0,38.84,23.3358
65,-0.0004,0.0001,100.0,518.67,642.22,1588.08,1403.58,14.62,21.61,553.82,2388.02,9067.66,1.3,47.46,522.21,2388.02,8152.42,8.4329,0.03,392,2388,100.0,38.89,23.4342
43,0.0028,0.0003,100.0,518.67,642.17,1587.28,1401.41,14.62,21.61,554.97,2387.92,9071.84,1.3,47.14,522.6,2387.96,8152.4,8.3868,0.03,392,2388,100.0,39.08,23.5111
1,0.0022,-0.0001,100.0,518.67,642.39,1576.34,1403.88,14.62,21.61,554.29,2388.01,9062.79,1.3,47.39,521.98,2388.02,8148.9,8.4149,0.03,391,2388,100.0,39.01,23.4323
118,-0.0027,0.0004,100.0,518.67,643.37,1601.89,1410.66,14.62,21.61,552.01,2388.15,9059.95,1.3,47.88,520.94,2388.12,8134.64,8.4651,0.03,395,2388,100.0,38.82,23.1519
128,-0.0,-0.0004,100.0,518.67,642.47,1587.97,1405.51,14.62,21.61,552.71,2388.16,9062.8,1.3,47.62,521.48,2388.16,8133.79,8.4809,0.03,394,2388,100.0,38.82,23.2743
117,-0.0019,0.0003,100.0,518.67,642.28,1586.4,1398.82,14.62,21.61,554.04,2388.08,9061.81,1.3,47.36,521.72,2388.03,8142.65,8.385,0.03,393,2388,100.0,39.13,23.3659
91,0.0035,-0.0006,100.0,518.67,642.48,1594.0,1403.91,14.62,21.61,553.26,2388.07,9066.75,1.3,47.54,521.5,2388.05,8146.37,8.4339,0.03,393,2388,100.0,38.96,23.3141
173,-0.0013,-0.0001,100.0,518.67,642.96,1588.19,1415.07,14.62,21.61,552.86,2388.14,9052.69,1.3,47.69,521.21,2388.16,8134.63,8.4471,0.03,394,2388,100.0,38.62,23.2471
77,-0.0029,0.0003,100.0,518.67,642.39,1584.46,1408.96,14.62,21.61,553.29,2388.11,9059.94,1.3,47.38,521.76,2388.0,8138.51,8.4062,0.03,393,2388,100.0,38.72,23.3334
47,0.0042,-0.0003,100.0,518.67,642.93,1590.74,1409.74,14.62,21.61,553.29,2388.13,9050.28,1.3,47.47,520.7,2388.14,8128.77,8.4856,0.03,392,2388,100.0,38.72,23.2004
108,-0.0014,-0.0004,100.0,518.67,642.3,1583.84,1401.12,14.62,21.61,554.92,2388.08,9053.29,1.3,47.21,521.88,2388.04,8143.89,8.4003,0.03,392,2388,100.0,38.9,23.3515
169,-0.0017,0.0004,100.0,518.67,643.2,1590.16,1418.05,14.62,21.61,552.71,2388.25,9055.18,1.3,47.88,520.44,2388.18,8125.3,8.4767,0.03,394,2388,100.0,38.58,23.187
90,0.0036,-0.0004,100.0,518.67,642.81,1593.35,1411.48,14.62,21.61,552.63,2388.14,9051.66,1.3,47.7,521.32,2388.16,8123.63,8.4397,0.03,393,2388,100.0,38.75,23.2118
165,0.0007,0.0003,100.0,518.67,642.53,1592.1,1405.58,14.62,21.61,553.89,2388.1,9086.9,1.3,47.38,522.03,2388.04,8158.97,8.3896,0.03,392,2388,100.0,38.99,23.2691
156,0.0037,-0.0002,100.0,518.67,643.06,1587.11,1416.88,14.62,21.61,552.72,2388.24,9056.64,1.3,47.93,520.49,2388.18,8138.44,8.4723,0.03,393,2388,100.0,38.76,23.1481
169,-0.0011,-0.0002,100.0,518.67,643.53,1597.58,1413.27,14.62,21.61,552.39,2388.12,9074.86,1.3,47.91,520.94,2388.13,8151.88,8.4672,0.03,396,2388,100.0,38.67,23.1493
101,-0.0015,0.0001,100.0,518.67,643.06,1592.18,1409.28,14.62,21.61,553.4,2388.18,9047.85,1.3,47.77,520.58,2388.17,8130.06,8.441,0.03,393,2388,100.0,38.91,23.3392
174,0.0019,0.0002,100.0,518.67,642.68,1586.97,1409.5,14.62,21.61,553.71,2388.09,9082.58,1.3,47.63,521.22,2388.1,8151.62,8.4412,0.03,394,2388,100.0,38.78,23.2552
124,0.0034,-0.0005,100.0,518.67,642.49,1591.09,1411.18,14.62,21.61,553.0,2388.17,9047.0,1.3,47.64,521.1,2388.14,8118.58,8.4107,0.03,393,2388,100.0,38.78,23.2694
124,-0.0029,-0.0002,100.0,518.67,642.56,1591.61,1411.03,14.62,21.61,552.59,2388.03,9083.98,1.3,47.49,522.0,2388.12,8156.54,8.4639,0.03,395,2388,100.0,38.93,23.2577
6,0.0004,0.0002,100.0,518.67,642.65,1583.39,1403.43,14.62,21.61,554.83,2388.06,9060.0,1.3,47.15,522.07,2388.05,8138.36,8.3908,0.03,391,2388,100.0,38.92,23.3192
90,0.0011,-0.0003,100.0,518.67,642.21,1587.9,1404.52,14.62,21.61,555.15,2388.03,9058.38,1.3,47.21,522.01,2388.07,8142.93,8.3782,0.03,393,2388,100.0,39.11,23.3875
96,-0.0002,0.0004,100.0,518.67,642.97,1592.25,1407.47,14.62,21.61,553.06,2388.1,9059.73,1.3,47.55,521.33,2388.05,8145.16,8.4211,0.03,393,2388,100.0,38.77,23.3446
4,0.0037,-0.0002,100.0,518.67,642.14,1591.12,1396.67,14.62,21.6,555.58,2387.98,9060.95,1.3,47.04,522.1,2388.01,8140.27,8.3548,0.03,390,2388,100.0,39.16,23.4028
25,0.0019,-0.0001,100.0,518.67,642.6,1593.43,1409.55,14.62,21.61,553.4,2388.09,9048.42,1.3,47.66,520.49,2388.16,8116.77,8.4643,0.03,394,2388,100.0,38.69,23.3008
153,0.0027,-0.0002,100.0,518.67,642.67,1586.35,1410.05,14.62,21.61,553.82,2388.02,9106.32,1.3,47.56,521.92,2388.03,8180.41,8.4785,0.03,393,2388,100.0,38.95,23.1902
149,0.0009,0.0004,100.0,518.67,642.76,1603.11,1412.99,14.62,21.61,552.8,2388.12,9057.19,1.3,47.72,521.26,2388.09,8143.81,8.4501,0.03,393,2388,100.0,38.76,23.2608
80,-0.0012,-0.0003,100.0,518.67,641.95,1590.36,1399.08,14.62,21.61,554.77,2387.98,9064.74,1.3,47.37,522.02,2388.01,8139.11,8.3893,0.03,390,2388,100.0,39.03,23.4507
109,-0.006,-0.0,100.0,518.67,641.91,1580.32,1403.96,14.62,21.61,554.67,2388.01,9058.8,1.3,47.42,522.51,2388.03,8144.8,8.4023,0.03,393,2388,100.0,39.01,23.3656
144,-0.0025,0.0004,100.0,518.67,642.72,1594.93,1416.54,14.62,21.61,552.68,2388.11,9070.38,1.3,47.65,521.22,2388.12,8137.22,8.4845,0.03,394,2388,100.0,38.82,23.3204
83,-0.0005,0.0006,100.0,518.67,642.71,1587.15,1407.21,14.62,21.61,552.91,2388.05,9050.92,1.3,47.61,521.74,2388.13,8120.62,8.4,0.03,392,2388,100.0,38.97,23.3204
83,-0.0009,0.0001,100.0,518.67,643.35,1592.37,1418.84,14.62,21.61,552.9,2388.19,9045.0,1.3,47.65,520.94,2388.2,8125.01,8.4506,0.03,393,2388,100.0,38.71,23.2231
195,-0.0003,0.0004,100.0,518.67,642.59,1597.87,1425.96,14.62,21.61,553.18,2388.13,9055.0,1.3,47.69,520.56,2388.12,8137.74,8.4263,0.03,394,2388,100.0,38.78,23.2586
54,0.0004,-0.0004,100.0,518.67,642.63,1590.54,1412.68,14.62,21.61,552.97,2388.12,9044.24,1.3,47.63,520.86,2388.16,8124.15,8.4307,0.03,394,2388,100.0,39.0,23.3524
110,0.0007,-0.0005,100.0,518.67,643.17,1597.79,1416.82,14.62,21.61,553.23,2388.1,9082.82,1.3,47.58,521.39,2388.09,8159.55,8.4654,0.03,394,2388,100.0,38.74,23.2156
80,-0.003,-0.0002,100.0,518.67,642.61,1589.09,1398.8,14.62,21.61,554.96,2388.05,9061.06,1.3,47.39,521.15,2388.05,8147.57,8.4044,0.03,393,2388,100.0,38.97,23.367
84,0.0015,-0.0002,100.0,518.67,642.41,1587.24,1405.54,14.62,21.61,553.35,2388.04,9055.63,1.3,47.48,522.0,2388.07,8137.73,8.43,0.03,394,2388,100.0,38.85,23.3745
115,-0.0003,0.0001,100.0,518.67,642.6,1587.88,1404.23,14.62,21.61,553.13,2388.1,9071.74,1.3,47.33,522.13,2388.07,8146.33,8.4296,0.03,394,2388,100.0,38.84,23.402
24,-0.0032,0.0003,100.0,518.67,642.27,1587.87,1409.06,14.62,21.61,553.36,2388.16,9042.55,1.3,47.4,521.74,2388.12,8129.95,8.4303,0.03,393,2388,100.0,38.69,23.3584
34,-0.0006,-0.0001,100.0,518.67,642.65,1593.91,1404.79,14.62,21.61,553.29,2388.11,9042.22,1.3,47.41,521.56,2388.13,8118.93,8.4204,0.03,393,2388,100.0,38.84,23.3675
124,0.0026,-0.0,100.0,518.67,642.37,1585.79,1406.47,14.62,21.61,554.05,2388.09,9058.69,1.3,47.29,521.98,2388.0,8133.53,8.4112,0.03,391,2388,100.0,38.85,23.3798
99,0.0012,0.0003,100.0,518.67,642.55,1586.95,1402.16,14.62,21.61,554.15,2388.0,9074.67,1.3,47.51,521.81,2388.0,8154.63,8.4309,0.03,392,2388,100.0,38.74,23.4321
215,0.003,-0.0,100.0,518.67,643.25,1598.9,1414.35,14.62,21.61,552.63,2388.01,9095.98,1.3,47.58,521.17,2388.02,8178.3,8.4817,0.03,393,2388,100.0,38.81,23.1971
92,0.0013,0.0,100.0,518.67,642.52,1592.64,1405.69,14.62,21.61,552.88,2388.09,9050.17,1.3,47.44,521.75,2388.08,8137.89,8.4834,0.03,394,2388,100.0,38.9,23.2929
9,0.0,0.0003,100.0,518.67,642.6,1581.04,1398.3,14.62,21.61,554.61,2387.99,9060.04,1.3,47.16,522.47,2388.09,8136.84,8.4151,0.03,392,2388,100.0,39.02,23.3873
41,-0.0012,-0.0004,100.0,518.67,643.09,1582.02,1409.96,14.62,21.61,553.39,2388.13,9039.42,1.3,47.48,521.22,2388.07,8125.79,8.4373,0.03,393,2388,100.0,38.8,23.331
166,0.001,0.0001,100.0,518.67,643.3,1591.58,1417.72,14.62,21.61,552.8,2388.17,9075.68,1.3,48.02,521.03,2388.18,8147.14,8.4722,0.03,395,2388,100.0,38.73,23.2368
29,0.0023,-0.0003,100.0,518.67,642.15,1584.24,1402.21,14.62,21.61,554.49,2388.04,9072.69,1.3,47.2,522.16,2388.01,8146.1,8.4184,0.03,392,2388,100.0,39.03,23.4006
22,0.0011,0.0001,100.0,518.67,642.08,1581.85,1402.4,14.62,21.61,553.57,2388.05,9051.46,1.3,47.28,522.71,2388.07,8141.33,8.3772,0.03,391,2388,100.0,38.99,23.4564
181,0.0028,0.0005,100.0,518.67,643.11,1583.92,1407.05,14.62,21.61,553.17,2388.16,9050.13,1.3,47.58,521.23,2388.14,8135.4,8.4477,0.03,393,2388,100.0,38.67,23.254
169,0.0033,0.0,100.0,518.67,642.39,1592.26,1415.63,14.62,21.61,554.0,2388.06,9067.83,1.3,47.45,521.46,2388.08,8147.45,8.4284,0.03,393,2388,100.0,38.84,23.3192
139,-0.0044,-0.0002,100.0,518.67,643.35,1596.72,1412.09,14.62,21.61,553.33,2388.09,9086.93,1.3,47.83,520.85,2388.09,8162.52,8.4402,0.03,395,2388,100.0,38.79,23.2684
7,-0.0025,-0.0003,100.0,518.67,641.74,1592.03,1404.49,14.62,21.61,554.5,2388.17,9044.52,1.3,47.37,521.3,2388.15,8123.34,8.4427,0.03,392,2388,100.0,39.05,23.3778
51,0.0018,0.0,100.0,518.67,642.4,1583.27,1398.62,14.62,21.61,554.91,2388.04,9072.71,1.3,47.23,521.68,2388.01,8148.91,8.4164,0.03,393,2388,100.0,39.08,23.2303
77,0.0012,-0.0001,100.0,518.67,642.92,1589.7,1412.34,14.62,21.61,553.15,2388.18,9054.04,1.3,47.62,521.6,2388.13,8136.52,8.4332,0.03,394,2388,100.0,38.92,23.2899
54,-0.0018,0.0004,100.0,518.67,642.06,1589.72,1404.57,14.62,21.61,554.89,2388.0,9051.19,1.3,47.27,522.23,2388.04,8141.6,8.3903,0.03,392,2388,100.0,38.86,23.4111
125,0.0029,-0.0003,100.0,518.67,642.66,1587.76,1406.45,14.62,21.61,552.86,2388.11,9060.51,1.3,47.51,521.8,2388.12,8137.57,8.4567,0.03,392,2388,100.0,38.71,23.3828
232,-0.0011,-0.0001,100.0,518.67,642.72,1599.3,1412.06,14.62,21.61,552.8,2388.1,9103.71,1.3,47.8,520.94,2388.16,8185.5,8.4974,0.03,392,2388,100.0,38.56,23.2672
66,-0.0044,0.0003,100.0,518.67,642.39,1589.33,1403.99,14.62,21.61,554.03,2388.06,9057.85,1.3,47.24,522.17,2388.01,8142.71,8.4189,0.03,393,2388,100.0,38.78,23.346
113,-0.0028,-0.0002,100.0,518.67,643.57,1588.86,1414.55,14.62,21.61,552.88,2388.16,9059.82,1.3,47.67,520.64,2388.14,8137.08,8.4926,0.03,395,2388,100.0,38.85,23.1288
42,0.0026,0.0001,100.0,518.67,641.41,1588.62,1400.52,14.62,21.61,553.96,2388.06,9058.15,1.3,47.24,521.81,2388.03,8140.79,8.4085,0.03,392,2388,100.0,38.96,23.3637
95,-0.0022,0.0002,100.0,518.67,642.56,1579.26,1402.79,14.62,21.61,553.99,2388.05,9048.27,1.3,47.06,522.37,2388.02,8131.72,8.3773,0.03,392,2388,100.0,38.98,23.4318
152,0.0003,-0.0002,100.0,518.67,642.42,1594.49,1403.72,14.62,21.61,553.0,2388.06,9060.91,1.3,47.68,521.65,2388.13,8137.24,8.4561,0.03,395,2388,100.0,38.94,23.3341
116,0.0007,-0.0004,100.0,518.67,643.39,1595.58,1416.41,14.62,21.61,552.89,2388.17,9075.93,1.3,47.83,521.08,2388.16,8150.82,8.4484,0.03,394,2388,100.0,38.66,23.2514
109,0.0017,-0.0002,100.0,518.67,643.17,1596.08,1414.77,14.62,21.61,553.2,2388.18,9051.93,1.3,47.78,521.2,2388.12,8134.86,8.4604,0.03,394,2388,100.0,38.72,23.1983
158,0.0037,0.0002,100.0,518.67,643.04,1599.19,1413.08,14.62,21.61,553.29,2388.17,9064.19,1.3,47.75,521.1,2388.12,8149.46,8.4422,0.03,393,2388,100.0,38.71,23.234
24,0.0035,-0.0002,100.0,518.67,642.73,1580.39,1400.53,14.62,21.61,554.31,2388.07,9061.05,1.3,47.32,521.94,2388.09,8145.82,8.3854,0.03,392,2388,100.0,38.96,23.3642
123,-0.0022,-0.0003,100.0,518.67,642.24,1590.11,1397.4,14.62,21.61,554.14,2388.0,9067.78,1.3,47.26,522.31,2388.05,8145.18,8.3968,0.03,391,2388,100.0,39.02,23.336
36,-0.0022,-0.0,100.0,518.67,641.85,1582.88,1396.31,14.62,21.61,553.95,2387.98,9068.19,1.3,47.12,522.53,2387.96,8149.0,8.4095,0.03,390,2388,100.0,38.94,23.4388
167,-0.0024,-0.0001,100.0,518.67,643.01,1593.06,1414.23,14.62,21.61,553.02,2388.09,9095.57,1.3,47.99,521.05,2388.09,8168.12,8.4827,0.03,395,2388,100.0,38.64,23.1266
59,-0.0043,-0.0004,100.0,518.67,643.24,1588.15,1413.43,14.62,21.61,553.95,2388.09,9059.17,1.3,47.75,521.16,2388.11,8136.17,8.4508,0.03,393,2388,100.0,38.72,23.2897
69,0.0021,-0.0002,100.0,518.67,641.81,1586.41,1389.95,14.62,21.61,554.23,2387.98,9051.31,1.3,47.24,522.32,2388.03,8140.6,8.3898,0.03,392,2388,100.0,39.19,23.4704
8,-0.0011,-0.0003,100.0,518.67,642.24,1581.77,1402.42,14.62,21.61,554.48,2388.03,9061.03,1.3,47.39,522.21,2388.01,8136.31,8.4132,0.03,393,2388,100.0,38.77,23.4313
88,0.002,-0.0001,100.0,518.67,642.67,1591.68,1414.96,14.62,21.61,553.34,2388.19,9038.39,1.3,47.79,521.62,2388.13,8122.78,8.456,0.03,392,2388,100.0,38.76,23.2719
101,-0.0026,0.0001,100.0,518.67,642.59,1593.82,1412.66,14.62,21.61,553.57,2388.04,9065.53,1.3,47.55,521.48,2388.13,8141.64,8.4319,0.03,392,2388,100.0,38.84,23.4029
170,0.0023,0.0003,100.0,518.67,643.21,1599.29,1417.16,14.62,21.61,552.72,2388.13,9060.68,1.3,47.79,520.67,2388.15,8145.94,8.4597,0.03,396,2388,100.0,38.52,23.1227
25,0.0,-0.0001,100.0,518.67,642.88,1585.1,1406.1,14.62,21.61,554.08,2388.05,9065.93,1.3,47.34,521.45,2388.1,8142.9,8.4418,0.03,394,2388,100.0,38.96,23.3368
109,-0.0016,-0.0006,100.0,518.67,642.29,1591.57,1413.09,14.62,21.61,552.92,2388.11,9069.02,1.3,47.56,521.27,2388.09,8136.18,8.4354,0.03,394,2388,100.0,38.89,23.3013
170,0.0012,0.0004,100.0,518.67,642.75,1590.84,1406.16,14.62,21.61,552.73,2388.04,9125.18,1.3,47.54,521.47,2388.1,8196.06,8.4649,0.03,395,2388,100.0,38.92,23.3872
107,0.0013,0.0004,100.0,518.67,643.1,1593.23,1411.13,14.62,21.61,553.42,2388.1,9060.33,1.3,47.55,521.2,2388.16,8135.4,8.4787,0.03,394,2388,100.0,38.83,23.3228
93,-0.0013,0.0,100.0,518.67,642.79,1590.43,1418.25,14.62,21.61,553.16,2388.13,9067.12,1.3,47.54,521.63,2388.14,8145.51,8.4684,0.03,393,2388,100.0,38.87,23.29
204,-0.0008,-0.0005,100.0,518.67,642.89,1590.84,1408.69,14.62,21.61,552.91,2388.16,9059.25,1.3,47.67,521.3,2388.15,8134.98,8.4589,0.03,393,2388,100.0,38.71,23.3654
48,-0.0016,0.0003,100.0,518.67,642.87,1588.45,1409.54,14.62,21.61,553.06,2388.15,9060.28,1.3,47.47,521.23,2388.12,8135.35,8.4226,0.03,394,2388,100.0,38.82,23.1818
208,-0.0009,0.0004,100.0,518.67,642.5,1594.88,1412.43,14.62,21.61,552.84,2388.12,9075.84,1.3,47.66,521.34,2388.11,8158.72,8.4921,0.03,394,2388,100.0,38.75,23.2787
136,-0.0006,0.0001,100.0,518.67,642.91,1601.05,1416.91,14.62,21.61,553.17,2388.14,9059.99,1.3,47.6,520.64,2388.19,8136.4,8.4132,0.03,395,2388,100.0,38.7,23.2211
111,0.0033,0.0,100.0,518.67,642.82,1590.22,1415.22,14.62,21.61,552.82,2388.13,9062.13,1.3,47.56,521.3,2388.16,8131.17,8.4379,0.03,395,2388,100.0,38.77,23.2111
64,0.0001,0.0005,100.0,518.67,642.56,1589.55,1411.22,14.62,21.61,552.85,2388.09,9057.52,1.3,47.53,521.38,2388.1,8137.34,8.44,0.03,393,2388,100.0,38.84,23.3248
77,0.0014,-0.0004,100.0,518.67,642.18,1588.19,1401.85,14.62,21.61,553.23,2388.09,9068.67,1.3,47.63,521.84,2388.1,8147.11,8.4027,0.03,393,2388,100.0,38.94,23.2504
221,-0.0019,0.0001,100.0,518.67,643.23,1593.24,1418.73,14.62,21.61,552.59,2388.17,9093.67,1.3,47.91,521.04,2388.16,8158.8,8.4841,0.03,394,2388,100.0,38.51,23.186
146,-0.0015,-0.0003,100.0,518.67,642.17,1593.55,1402.27,14.62,21.61,554.11,2387.99,9073.3,1.3,47.34,521.44,2388.0,8151.21,8.3875,0.03,392,2388,100.0,38.81,23.2543
149,-0.0012,-0.0002,100.0,518.67,643.07,1599.17,1415.65,14.62,21.61,552.34,2388.16,9069.92,1.3,47.61,520.32,2388.12,8141.68,8.4888,0.03,395,2388,100.0,38.58,23.2535
9,-0.0049,0.0004,100.0,518.67,642.1,1578.86,1402.6,14.62,21.61,553.17,2388.09,9040.99,1.3,47.32,521.92,2388.08,8130.55,8.458,0.03,393,2388,100.0,39.04,23.3987
133,0.0005,-0.0002,100.0,518.67,642.47,1592.35,1400.26,14.62,21.61,553.61,2388.11,9048.33,1.3,47.24,521.72,2388.08,8139.22,8.4334,0.03,391,2388,100.0,39.14,23.1841
161,0.0026,0.0003,100.0,518.67,643.96,1601.06,1429.6,14.62,21.61,551.7,2388.28,9059.07,1.3,48.05,519.68,2388.26,8126.49,8.5092,0.03,395,2388,100.0,38.4,23.0624
28,0.0001,0.0,100.0,518.67,642.48,1591.66,1409.19,14.62,21.61,553.14,2388.08,9049.28,1.3,47.64,521.61,2388.07,8123.67,8.4559,0.03,395,2388,100.0,38.82,23.2244
82,0.0019,-0.0,100.0,518.67,643.05,1587.95,1415.88,14.62,21.61,553.93,2388.16,9043.67,1.3,47.68,520.45,2388.21,8123.7,8.4876,0.03,395,2388,100.0,38.74,23.2134
328,0.0004,-0.0001,100.0,518.67,643.38,1597.37,1425.58,14.62,21.61,552.46,2388.18,9060.35,1.3,47.84,519.99,2388.16,8135.29,8.4578,0.03,395,2388,100.0,38.62,23.0971
93,0.0015,0.0002,100.0,518.67,642.9,1593.57,1414.06,14.62,21.61,553.25,2388.11,9064.04,1.3,47.36,521.08,2388.11,8137.71,8.4574,0.03,394,2388,100.0,38.85,23.2456
162,-0.0003,0.0004,100.0,518.67,642.73,1594.05,1401.81,14.62,21.61,553.63,2388.08,9075.65,1.3,47.24,522.41,2387.99,8155.85,8.4103,0.03,392,2388,100.0,38.97,23.2686
94,-0.0015,0.0,100.0,518.67,642.68,1586.29,1407.85,14.62,21.61,553.53,2388.06,9065.33,1.3,47.52,521.74,2388.07,8148.43,8.4271,0.03,392,2388,100.0,38.95,23.3118
149,0.001,0.0002,100.0,518.67,643.45,1592.85,1431.97,14.62,21.61,551.73,2388.29,9052.39,1.3,48.02,519.69,2388.26,8134.23,8.4919,0.03,396,2388,100.0,38.69,23.0948
88,-0.0059,0.0002,100.0,518.67,642.17,1584.29,1402.9,14.62,21.61,554.49,2387.99,9059.92,1.3,47.09,522.31,2387.99,8141.52,8.4446,0.03,392,2388,100.0,39.04,23.4295
112,-0.0019,-0.0003,100.0,518.67,642.85,1592.73,1411.98,14.62,21.61,553.4,2388.1,9066.32,1.3,47.62,521.28,2388.07,8144.53,8.4413,0.03,391,2388,100.0,38.69,23.3392
45,0.0008,-0.0003,100.0,518.67,642.01,1586.67,1408.74,14.62,21.61,553.07,2388.1,9048.21,1.3,47.38,521.29,2388.07,8134.74,8.4361,0.03,394,2388,100.0,38.83,23.2113
90,-0.0011,-0.0002,100.0,518.67,641.88,1580.81,1402.41,14.62,21.61,554.92,2388.01,9067.93,1.3,47.22,522.44,2388.05,8154.66,8.4045,0.03,393,2388,100.0,38.96,23.3656
156,0.0037,-0.0001,100.0,518.67,643.43,1601.63,1412.51,14.62,21.61,552.84,2388.13,9106.37,1.3,47.86,520.13,2388.17,8173.69,8.4705,0.03,395,2388,100.0,38.58,23.1307
60,-0.0012,0.0003,100.0,518.67,642.97,1589.3,1411.12,14.62,21.61,553.26,2388.12,9051.33,1.3,47.57,522.08,2388.11,8126.5,8.4331,0.03,395,2388,100.0,38.8,23.1977
13,0.0002,0.0003,100.0,518.67,642.63,1583.25,1403.52,14.62,21.61,555.25,2388.03,9057.09,1.3,47.25,522.26,2388.06,8138.75,8.3743,0.03,390,2388,100.0,39.16,23.3372
31,0.0015,-0.0003,100.0,518.67,642.0,1589.11,1395.91,14.62,21.6,554.56,2388.01,9058.0,1.3,47.09,522.53,2388.07,8143.7,8.381,0.03,391,2388,100.0,38.91,23.4557
100,0.0004,-0.0005,100.0,518.67,642.47,1594.55,1414.52,14.62,21.61,552.69,2388.09,9061.1,1.3,47.56,521.3,2388.14,8142.44,8.4624,0.03,394,2388,100.0,38.52,23.3214
87,-0.0015,-0.0004,100.0,518.67,642.11,1585.71,1405.89,14.62,21.61,553.28,2388.03,9061.2,1.3,47.46,521.8,2388.05,8147.64,8.4307,0.03,393,2388,100.0,39.02,23.3714
121,-0.0002,0.0005,100.0,518.67,642.2,1585.56,1398.43,14.62,21.61,554.86,2388.07,9085.23,1.3,47.19,522.15,2388.04,8156.77,8.3956,0.03,392,2388,100.0,38.94,23.4239
48,0.002,0.0004,100.0,518.67,642.5,1593.16,1401.35,14.62,21.61,553.41,2388.11,9046.6,1.3,47.12,521.8,2388.09,8129.73,8.4014,0.03,394,2388,100.0,38.92,23.3378
126,-0.0029,-0.0002,100.0,518.67,643.6,1596.16,1418.26,14.62,21.61,552.66,2388.21,9055.35,1.3,47.76,521.02,2388.24,8127.89,8.5184,0.03,394,2388,100.0,38.64,23.2842
124,-0.0013,0.0003,100.0,518.67,642.34,1591.26,1397.0,14.62,21.61,554.4,2388.07,9061.42,1.3,47.3,522.16,2388.05,8139.73,8.4279,0.03,390,2388,100.0,38.85,23.3832
73,-0.0011,0.0001,100.0,518.67,642.49,1588.8,1412.01,14.62,21.61,554.08,2388.08,9066.95,1.3,47.64,521.33,2388.09,8145.13,8.3923,0.03,392,2388,100.0,38.79,23.3735
172,-0.0019,-0.0003,100.0,518.67,642.92,1595.4,1406.01,14.62,21.61,553.69,2388.06,9081.88,1.3,47.62,521.78,2388.1,8153.61,8.445,0.03,393,2388,100.0,38.76,23.3599
1,-0.0037,-0.0004,100.0,518.67,642.64,1593.48,1402.4,14.62,21.61,553.58,2388.07,9049.3,1.3,47.41,521.82,2388.08,8136.11,8.3973,0.03,391,2388,100.0,38.96,23.3836
162,-0.0023,-0.0004,100.0,518.67,643.69,1601.18,1423.7,14.62,21.61,551.53,2388.11,9102.56,1.3,47.71,520.31,2388.17,8169.79,8.4862,0.03,396,2388,100.0,38.57,23.0332
67,0.0005,0.0,100.0,518.67,642.61,1582.7,1402.68,14.62,21.61,554.02,2388.0,9070.66,1.3,47.35,522.2,2388.01,8149.89,8.3811,0.03,391,2388,100.0,38.94,23.2758
10,0.0016,-0.0003,100.0,518.67,641.71,1580.18,1399.96,14.62,21.61,554.29,2388.06,9054.77,1.3,47.21,521.98,2387.94,8135.35,8.3836,0.03,390,2388,100.0,38.93,23.3689
12,0.0026,-0.0003,100.0,518.67,643.33,1588.89,1407.71,14.62,21.61,553.15,2388.08,9054.65,1.3,47.52,521.59,2388.1,8130.45,8.4066,0.03,394,2388,100.0,38.75,23.3193
61,-0.0023,-0.0001,100.0,518.67,643.21,1589.99,1408.85,14.62,21.61,552.75,2388.12,9049.0,1.3,47.4,521.52,2388.07,8128.99,8.4411,0.03,395,2388,100.0,38.94,23.3041
176,-0.0029,-0.0,100.0,518.67,642.25,1587.02,1406.02,14.62,21.61,553.7,2388.05,9080.61,1.3,47.39,521.87,2388.06,8157.38,8.4462,0.03,394,2388,100.0,39.01,23.2718
9,-0.0023,-0.0002,100.0,518.67,643.04,1591.23,1409.11,14.62,21.61,553.43,2388.16,9045.26,1.3,47.59,521.44,2388.13,8123.08,8.4269,0.03,394,2388,100.0,38.92,23.2344
28,0.0001,-0.0004,100.0,518.67,642.0,1588.32,1396.93,14.62,21.61,554.15,2387.99,9069.58,1.3,47.0,522.6,2388.02,8147.45,8.4205,0.03,392,2388,100.0,39.12,23.3835
210,0.0012,0.0003,100.0,518.67,643.57,1596.47,1433.41,14.62,21.61,551.49,2388.26,9056.83,1.3,48.12,519.7,2388.21,8132.69,8.4965,0.03,397,2388,100.0,38.64,23.1973
190,0.0006,-0.0003,100.0,518.67,642.69,1587.13,1415.28,14.62,21.61,553.74,2388.1,9068.88,1.3,47.58,521.61,2388.07,8152.4,8.4669,0.03,394,2388,100.0,38.96,23.257
156,-0.0016,-0.0004,100.0,518.67,643.71,1599.54,1419.52,14.62,21.61,552.08,2388.17,9133.8,1.3,47.87,520.4,2388.16,8205.99,8.4988,0.03,395,2388,100.0,38.48,23.0585
117,0.002,-0.0002,100.0,518.67,641.98,1584.4,1404.06,14.62,21.61,553.54,2388.13,9062.1,1.3,47.48,521.9,2388.09,8148.08,8.3914,0.03,392,2388,100.0,38.77,23.3726
29,0.0022,-0.0004,100.0,518.67,642.75,1594.89,1405.56,14.62,21.61,552.85,2388.1,9045.79,1.3,47.51,521.28,2388.1,8129.29,8.441,0.03,393,2388,100.0,38.92,23.2838
245,-0.0006,0.0001,100.0,518.67,643.13,1603.5,1422.32,14.62,21.61,551.68,2388.28,9054.54,1.3,48.1,519.83,2388.24,8127.14,8.4829,0.03,395,2388,100.0,38.49,23.0752
179,0.0014,0.0,100.0,518.67,643.6,1604.11,1424.1,14.62,21.61,552.19,2388.18,9156.61,1.3,48.0,520.52,2388.15,8223.02,8.5289,0.03,397,2388,100.0,38.55,23.0599
125,0.0051,0.0005,100.0,518.67,642.56,1593.75,1409.01,14.62,21.61,553.45,2388.16,9056.81,1.3,47.71,521.65,2388.12,8140.99,8.4587,0.03,394,2388,100.0,38.69,23.2647
101,0.0006,0.0004,100.0,518.67,642.28,1584.59,1399.46,14.62,21.61,554.61,2388.01,9062.14,1.3,47.27,522.4,2388.01,8145.75,8.4011,0.03,391,2388,100.0,38.91,23.4353
110,-0.0006,0.0004,100.0,518.67,642.62,1584.45,1410.61,14.62,21.61,553.03,2388.08,9060.64,1.3,47.78,520.91,2388.09,8135.35,8.4366,0.03,392,2388,100.0,38.74,23.2607
142,-0.0001,0.0003,100.0,518.67,643.96,1606.93,1430.94,14.62,21.61,551.08,2388.29,9049.74,1.3,47.9,520.09,2388.24,8124.07,8.5366,0.03,395,2388,100.0,38.41,23.2016
70,0.0011,0.0003,100.0,518.67,642.73,1586.85,1402.56,14.62,21.61,553.03,2388.08,9050.09,1.3,47.45,521.69,2388.1,8129.79,8.3967,0.03,394,2388,100.0,38.68,23.3254
117,-0.0008,-0.0005,100.0,518.67,642.29,1588.99,1399.08,14.62,21.61,553.72,2388.08,9063.96,1.3,47.27,521.55,2388.02,8145.25,8.4061,0.03,392,2388,100.0,38.86,23.4561
76,0.0001,-0.0002,100.0,518.67,643.09,1589.54,1411.94,14.62,21.61,552.57,2388.18,9047.09,1.3,47.78,521.28,2388.19,8127.9,8.4363,0.03,394,2388,100.0,38.68,23.3426
282,0.0009,0.0005,100.0,518.67,643.01,1589.02,1413.74,14.62,21.61,553.31,2388.17,9061.8,1.3,47.85,520.94,2388.12,8127.35,8.4242,0.03,395,2388,100.0,38.81,23.3019
134,0.0022,-0.0004,100.0,518.67,642.47,1586.43,1400.55,14.62,21.61,553.89,2388.03,9067.65,1.3,47.36,522.16,2388.0,8153.8,8.388,0.03,393,2388,100.0,39.04,23.3264
68,0.0044,0.0001,100.0,518.67,642.72,1590.12,1399.78,14.62,21.61,554.79,2388.04,9065.17,1.3,47.13,522.09,2388.0,8144.43,8.4107,0.03,391,2388,100.0,39.06,23.4402
184,0.0002,-0.0004,100.0,518.67,643.11,1598.28,1417.62,14.62,21.61,552.06,2388.22,9042.07,1.3,47.91,520.04,2388.21,8124.26,8.4599,0.03,395,2388,100.0,38.62,23.2101
108,-0.0006,-0.0005,100.0,518.67,642.39,1587.75,1401.06,14.62,21.61,554.13,2388.01,9075.56,1.3,47.34,522.64,2387.96,8147.96,8.3605,0.03,391,2388,100.0,38.93,23.1841
107,-0.0032,-0.0003,100.0,518.67,642.85,1588.21,1409.41,14.62,21.61,553.57,2388.12,9062.35,1.3,47.8,520.5,2388.14,8135.08,8.4806,0.03,394,2388,100.0,38.71,23.2972
117,-0.0039,-0.0003,100.0,518.67,642.27,1582.66,1399.59,14.62,21.61,554.3,2388.05,9065.5,1.3,47.19,522.2,2387.99,8146.53,8.3824,0.03,393,2388,100.0,39.17,23.3763
73,0.0021,-0.0002,100.0,518.67,642.17,1584.59,1401.3,14.62,21.61,554.4,2387.99,9052.57,1.3,47.32,522.85,2387.97,8142.62,8.3778,0.03,393,2388,100.0,39.01,23.4059
4,0.0017,-0.0004,100.0,518.67,642.08,1586.84,1397.94,14.62,21.61,555.16,2387.96,9070.56,1.3,47.29,522.11,2387.99,8148.81,8.3876,0.03,390,2388,100.0,39.22,23.4306
142,0.0028,0.0003,100.0,518.67,643.09,1594.87,1410.43,14.62,21.61,552.3,2388.1,9068.84,1.3,47.59,520.64,2388.12,8145.49,8.4606,0.03,395,2388,100.0,38.79,23.1504
15,-0.0023,0.0001,100.0,518.67,643.19,1591.23,1412.32,14.62,21.61,552.93,2388.15,9048.76,1.3,47.61,521.52,2388.12,8136.89,8.4483,0.03,393,2388,100.0,38.73,23.3176
52,-0.0045,0.0004,100.0,518.67,642.68,1579.54,1394.36,14.62,21.61,554.97,2388.03,9074.14,1.3,47.37,522.51,2388.02,8154.23,8.4097,0.03,392,2388,100.0,39.07,23.3703
20,0.0023,0.0,100.0,518.67,642.38,1584.08,1402.7,14.62,21.61,553.59,2388.08,9061.5,1.3,47.44,521.63,2388.08,8140.76,8.4539,0.03,392,2388,100.0,38.78,23.3281
2,-0.004,0.0001,100.0,518.67,641.81,1588.45,1406.94,14.62,21.61,554.98,2388.03,9062.08,1.3,47.2,522.17,2387.98,8143.72,8.3837,0.03,392,2388,100.0,39.34,23.5081
139,-0.0009,0.0005,100.0,518.67,642.59,1592.34,1411.75,14.62,21.61,553.6,2388.08,9085.12,1.3,47.58,521.1,2388.08,8163.96,8.4121,0.03,394,2388,100.0,38.92,23.3268
14,-0.0019,-0.0004,100.0,518.67,643.1,1589.64,1412.5,14.62,21.61,553.5,2388.12,9056.71,1.3,47.58,521.25,2388.15,8146.08,8.4475,0.03,393,2388,100.0,38.71,23.2269
67,0.0023,0.0002,100.0,518.67,643.3,1589.33,1414.17,14.62,21.61,553.59,2388.13,9056.55,1.3,47.75,521.67,2388.11,8134.34,8.4754,0.03,393,2388,100.0,38.97,23.292
209,-0.0004,-0.0001,100.0,518.67,643.61,1604.1,1429.91,14.62,21.61,551.25,2388.2,9107.12,1.3,48.2,519.68,2388.23,8176.82,8.5502,0.03,398,2388,100.0,38.45,22.9884
77,-0.0004,-0.0004,100.0,518.67,642.07,1584.43,1405.78,14.62,21.61,553.61,2387.99,9066.94,1.3,47.44,521.84,2388.07,8149.47,8.413,0.03,392,2388,100.0,38.87,23.2678
139,-0.0018,0.0001,100.0,518.67,642.64,1587.2,1408.46,14.62,21.61,553.37,2388.1,9081.32,1.3,47.62,520.51,2388.08,8151.09,8.4661,0.03,394,2388,100.0,38.75,23.1872
178,-0.0001,-0.0004,100.0,518.67,642.7,1594.94,1411.79,14.62,21.61,552.8,2388.18,9058.22,1.3,47.9,521.19,2388.16,8141.85,8.4416,0.03,395,2388,100.0,38.53,23.3174
116,0.0009,0.0001,100.0,518.67,642.91,1594.63,1408.26,14.62,21.61,552.96,2388.07,9063.54,1.3,47.61,520.89,2388.11,8149.71,8.4306,0.03,393,2388,100.0,38.58,23.2276
121,0.0014,0.0004,100.0,518.67,642.34,1591.76,1405.67,14.62,21.61,554.89,2388.04,9066.2,1.3,47.37,522.27,2388.06,8145.4,8.4211,0.03,392,2388,100.0,38.88,23.3944
35,-0.0033,0.0,100.0,518.67,642.39,1585.77,1407.98,14.62,21.61,553.77,2388.13,9042.31,1.3,47.34,521.83,2388.11,8129.3,8.4568,0.03,391,2388,100.0,39.07,23.3539
161,0.0004,-0.0003,100.0,518.67,643.13,1597.31,1420.55,14.62,21.61,552.7,2388.17,9061.47,1.3,47.93,520.08,2388.24,8127.87,8.498,0.03,397,2388,100.0,38.49,23.2068
45,-0.0018,0.0001,100.0,518.67,642.76,1598.73,1409.85,14.62,21.61,553.38,2388.13,9052.92,1.3,47.64,521.07,2388.13,8124.06,8.4452,0.03,395,2388,100.0,38.84,23.2244
101,0.0005,0.0003,100.0,518.67,642.29,1590.1,1412.21,14.62,21.61,553.91,2388.08,9065.91,1.3,47.42,521.3,2388.08,8140.2,8.4383,0.03,392,2388,100.0,38.89,23.3956
34,0.0011,0.0002,100.0,518.67,642.57,1586.78,1412.17,14.62,21.61,553.07,2388.11,9049.14,1.3,47.57,522.17,2388.11,8127.88,8.4323,0.03,393,2388,100.0,38.62,23.2752
179,0.0003,0.0003,100.0,518.67,642.59,1589.93,1403.59,14.62,21.61,553.7,2388.0,9079.47,1.3,47.38,522.32,2388.03,8157.99,8.4589,0.03,393,2388,100.0,38.87,23.3978
175,-0.0008,0.0003,100.0,518.67,643.07,1603.56,1415.76,14.62,21.61,552.35,2388.17,9052.03,1.3,47.64,520.06,2388.2,8129.36,8.4539,0.03,394,2388,100.0,38.62,23.1327
49,0.0004,-0.0004,100.0,518.67,642.11,1583.18,1394.48,14.62,21.61,554.64,2388.03,9069.21,1.3,47.07,522.5,2387.94,8153.73,8.398,0.03,392,2388,100.0,38.99,23.311
178,0.0018,-0.0002,100.0,518.67,643.4,1587.43,1420.77,14.62,21.61,551.93,2388.25,9041.0,1.3,48.12,520.65,2388.2,8121.82,8.4919,0.03,395,2388,100.0,38.44,23.0604
229,0.0016,-0.0001,100.0,518.67,643.62,1602.36,1429.64,14.62,21.61,551.35,2388.22,9073.2,1.3,48.41,519.44,2388.26,8143.48,8.5208,0.03,396,2388,100.0,38.38,23.0154
266,-0.0026,0.0004,100.0,518.67,643.07,1605.32,1427.27,14.62,21.61,551.65,2388.16,9096.42,1.3,48.24,519.98,2388.13,8168.67,8.4994,0.03,396,2388,100.0,38.5,23.0841
40,0.0004,-0.0002,100.0,518.67,642.5,1584.58,1398.07,14.62,21.61,554.13,2387.97,9058.56,1.3,47.13,522.12,2387.98,8143.52,8.4109,0.03,391,2388,100.0,39.07,23.369
55,0.0033,-0.0,100.0,518.67,642.28,1590.34,1403.66,14.62,21.61,554.97,2388.05,9065.81,1.3,47.45,521.68,2388.12,8148.28,8.4398,0.03,393,2388,100.0,38.92,23.4158
214,-0.0013,0.0001,100.0,518.67,643.13,1594.97,1413.88,14.62,21.61,552.92,2388.12,9167.78,1.3,47.81,520.44,2388.12,8235.98,8.4626,0.03,395,2388,100.0,38.79,23.1464
72,-0.0008,-0.0001,100.0,518.67,642.31,1587.55,1399.32,14.62,21.61,554.3,2388.01,9055.29,1.3,47.33,522.13,2388.02,8135.89,8.3834,0.03,392,2388,100.0,38.91,23.3388
178,0.001,-0.0002,100.0,518.67,643.11,1596.99,1419.61,14.62,21.61,551.86,2388.09,9119.64,1.3,47.9,520.68,2388.12,8193.78,8.5144,0.03,395,2388,100.0,38.62,23.0959
14,-0.0006,-0.0005,100.0,518.67,642.07,1581.3,1392.85,14.62,21.61,554.03,2388.03,9061.5,1.3,47.03,522.26,2388.02,8134.36,8.3657,0.03,390,2388,100.0,39.11,23.5179
307,-0.0038,-0.0002,100.0,518.67,642.4,1593.46,1412.92,14.62,21.61,552.9,2388.18,9063.79,1.3,47.78,521.11,2388.21,8138.92,8.4455,0.03,394,2388,100.0,38.63,23.1885
87,-0.0055,-0.0003,100.0,518.67,642.43,1583.44,1398.08,14.62,21.61,554.15,2388.01,9062.92,1.3,47.11,522.77,2387.99,8151.48,8.4385,0.03,392,2388,100.0,39.02,23.3078
101,-0.004,-0.0003,100.0,518.67,642.36,1585.79,1404.95,14.62,21.61,554.35,2388.0,9078.43,1.3,47.21,522.36,2388.04,8154.75,8.4438,0.03,392,2388,100.0,39.13,23.3591
20,0.0002,0.0005,100.0,518.67,642.56,1590.92,1414.56,14.62,21.61,552.52,2388.09,9050.5,1.3,47.55,521.45,2388.17,8135.62,8.4226,0.03,394,2388,100.0,38.93,23.2996
107,0.0,-0.0002,100.0,518.67,642.55,1585.56,1400.45,14.62,21.61,553.78,2388.09,9066.51,1.3,47.4,521.19,2388.11,8147.26,8.4383,0.03,392,2388,100.0,38.93,23.3614
45,0.0005,-0.0001,100.0,518.67,641.8,1592.23,1401.26,14.62,21.61,553.56,2388.02,9059.32,1.3,47.19,521.73,2388.04,8142.33,8.3988,0.03,390,2388,100.0,38.95,23.3749
71,0.0012,-0.0004,100.0,518.67,642.57,1580.08,1395.4,14.62,21.61,554.14,2388.03,9055.19,1.3,47.11,522.13,2388.04,8140.6,8.3818,0.03,390,2388,100.0,38.98,23.4276
135,-0.0018,0.0003,100.0,518.67,643.22,1596.04,1422.09,14.62,21.61,551.91,2388.28,9046.18,1.3,47.89,519.78,2388.18,8121.99,8.4724,0.03,395,2388,100.0,38.55,23.1053
1,0.0005,0.0004,100.0,518.67,642.18,1582.99,1396.22,14.62,21.61,554.35,2387.96,9065.59,1.3,47.09,522.34,2387.95,8149.16,8.402,0.03,391,2388,100.0,39.04,23.5349
63,0.0012,0.0004,100.0,518.67,643.14,1590.58,1402.33,14.62,21.61,553.27,2388.07,9056.51,1.3,47.67,521.64,2388.08,8132.45,8.4546,0.03,393,2388,100.0,39.03,23.2444
206,0.0028,-0.0001,100.0,518.67,643.71,1594.82,1417.02,14.62,21.61,552.09,2388.14,9096.83,1.3,47.88,520.3,2388.21,8167.1,8.5098,0.03,394,2388,100.0,38.7,23.1211
71,0.0055,0.0001,100.0,518.67,642.4,1586.97,1407.59,14.62,21.61,553.5,2388.07,9060.85,1.3,47.64,521.32,2388.07,8138.64,8.4413,0.03,394,2388,100.0,38.75,23.3585
189,-0.0009,-0.0003,100.0,518.67,643.26,1591.49,1419.61,14.62,21.61,551.48,2388.22,9051.14,1.3,48.09,520.12,2388.33,8124.36,8.4888,0.03,396,2388,100.0,38.76,23.2067
255,0.001,-0.0,100.0,518.67,643.06,1593.97,1421.43,14.62,21.61,552.41,2388.09,9136.55,1.3,47.9,520.42,2388.09,8208.51,8.4853,0.03,395,2388,100.0,38.56,23.1941
131,-0.0031,0.0003,100.0,518.67,643.29,1599.67,1424.65,14.62,21.61,552.02,2388.19,9105.43,1.3,48.06,520.81,2388.16,8163.53,8.504,0.03,397,2388,100.0,38.45,23.0682
162,-0.0016,-0.0002,100.0,518.67,643.0,1592.35,1417.63,14.62,21.61,552.74,2388.13,9075.58,1.3,47.76,521.06,2388.15,8157.3,8.4741,0.03,396,2388,100.0,38.61,23.2244
149,-0.0013,-0.0004,100.0,518.67,643.24,1592.16,1416.73,14.62,21.61,552.5,2388.1,9081.19,1.3,47.77,520.66,2388.06,8148.69,8.4655,0.03,393,2388,100.0,38.78,23.2089
131,0.0027,-0.0001,100.0,518.67,643.25,1588.15,1408.54,14.62,21.61,552.98,2388.04,9084.79,1.3,47.61,521.32,2388.12,8155.26,8.4601,0.03,393,2388,100.0,38.92,23.2423
39,-0.002,-0.0001,100.0,518.67,642.79,1581.22,1406.37,14.62,21.61,554.09,2388.09,9056.5,1.3,47.52,521.43,2388.08,8131.77,8.4465,0.03,393,2388,100.0,38.82,23.3046
114,0.0007,0.0004,100.0,518.67,642.22,1586.35,1396.42,14.62,21.61,553.73,2387.98,9067.8,1.3,47.25,522.17,2388.07,8152.25,8.4315,0.03,393,2388,100.0,39.0,23.3964
74,-0.0009,-0.0001,100.0,518.67,642.22,1587.3,1392.32,14.62,21.61,554.16,2387.99,9057.22,1.3,47.34,522.42,2387.99,8138.01,8.4101,0.03,392,2388,100.0,39.08,23.4309
89,0.0028,0.0004,100.0,518.67,643.18,1591.26,1413.72,14.62,21.61,553.6,2388.13,9046.41,1.3,47.51,521.55,2388.15,8129.13,8.4446,0.03,394,2388,100.0,38.82,23.2724
24,0.0001,0.0002,100.0,518.67,642.67,1592.14,1407.04,14.62,21.61,553.24,2388.05,9066.2,1.3,47.44,522.04,2388.04,8146.07,8.4067,0.03,391,2388,100.0,38.93,23.3207
49,0.004,0.0004,100.0,518.67,642.38,1591.73,1399.78,14.62,21.6,554.38,2388.06,9064.52,1.3,47.02,522.62,2388.01,8145.67,8.412,0.03,392,2388,100.0,39.1,23.3363
139,0.0027,-0.0004,100.0,518.67,643.14,1598.42,1420.01,14.62,21.61,552.51,2388.15,9104.41,1.3,47.84,520.6,2388.13,8169.16,8.4811,0.03,393,2388,100.0,38.64,23.284
14,0.0037,-0.0003,100.0,518.67,642.75,1595.56,1406.94,14.62,21.61,552.91,2388.06,9055.2,1.3,47.6,521.84,2388.11,8137.32,8.4511,0.03,392,2388,100.0,38.69,23.3035
128,0.0008,-0.0003,100.0,518.67,642.63,1589.79,1408.51,14.62,21.61,554.03,2388.0,9079.04,1.3,47.27,521.91,2388.0,8160.58,8.4212,0.03,392,2388,100.0,38.98,23.4175
89,0.0008,-0.0005,100.0,518.67,642.11,1582.25,1413.44,14.62,21.61,553.65,2388.06,9054.26,1.3,47.53,521.58,2388.09,8136.2,8.4647,0.03,394,2388,100.0,38.89,23.1829
46,-0.0007,-0.0003,100.0,518.67,642.1,1588.99,1399.51,14.62,21.61,554.5,2388.01,9065.35,1.3,47.34,522.03,2387.98,8141.18,8.4026,0.03,393,2388,100.0,38.99,23.4705
57,-0.0052,0.0001,100.0,518.67,642.76,1589.34,1402.4,14.62,21.61,555.14,2388.06,9050.6,1.3,47.25,521.95,2388.02,8139.88,8.4261,0.03,393,2388,100.0,39.01,23.2655
69,0.0033,0.0003,100.0,518.67,642.77,1578.13,1407.13,14.62,21.61,553.32,2388.08,9066.37,1.3,47.54,522.12,2388.05,8149.25,8.427,0.03,394,2388,100.0,38.78,23.364
44,-0.0008,-0.0004,100.0,518.67,642.48,1585.91,1401.68,14.62,21.61,553.57,2388.08,9038.72,1.3,47.18,522.06,2388.07,8128.46,8.3731,0.03,393,2388,100.0,39.07,23.3478
121,0.0004,0.0002,100.0,518.67,642.88,1596.71,1410.27,14.62,21.61,553.68,2388.08,9068.8,1.3,47.62,521.42,2388.12,8144.29,8.4594,0.03,393,2388,100.0,38.73,23.2782
21,0.0002,0.0003,100.0,518.67,642.51,1576.58,1395.29,14.62,21.6,554.48,2387.98,9056.38,1.3,47.14,522.62,2388.01,8144.26,8.3991,0.03,392,2388,100.0,39.0,23.4136
52,-0.0026,0.0003,100.0,518.67,642.23,1593.77,1406.91,14.62,21.61,553.15,2388.17,9042.61,1.3,47.52,521.73,2388.1,8125.65,8.4623,0.03,395,2388,100.0,38.85,23.3469
159,0.0001,-0.0005,100.0,518.67,642.72,1586.39,1393.73,14.62,21.61,553.71,2388.03,9074.0,1.3,47.42,521.75,2388.05,8153.07,8.4038,0.03,393,2388,100.0,38.8,23.4214
193,-0.0024,-0.0004,100.0,518.67,642.13,1588.41,1409.17,14.62,21.61,553.42,2388.13,9067.94,1.3,47.81,521.3,2388.06,8145.04,8.4052,0.03,394,2388,100.0,38.75,23.2723
90,-0.0036,-0.0,100.0,518.67,642.38,1587.22,1405.56,14.62,21.61,553.56,2388.08,9062.04,1.3,47.26,521.7,2388.09,8145.09,8.4337,0.03,394,2388,100.0,38.67,23.3205
134,-0.0011,-0.0002,100.0,518.67,642.39,1586.02,1406.78,14.62,21.61,553.38,2388.11,9053.28,1.3,47.66,521.43,2388.15,8139.04,8.4254,0.03,394,2388,100.0,38.79,23.3129
199,0.0023,-0.0,100.0,518.67,642.75,1594.39,1407.33,14.62,21.61,552.85,2388.03,9095.73,1.3,47.77,521.56,2388.07,8166.52,8.4817,0.03,394,2388,100.0,38.69,23.1649
29,0.0023,-0.0005,100.0,518.67,642.35,1586.64,1405.61,14.62,21.61,554.01,2388.1,9048.11,1.3,47.48,521.47,2388.05,8144.91,8.4392,0.03,392,2388,100.0,38.82,23.3867
56,0.003,0.0003,100.0,518.67,642.91,1595.92,1403.35,14.62,21.61,553.23,2388.09,9065.89,1.3,47.21,521.48,2388.07,8136.03,8.4514,0.03,393,2388,100.0,38.9,23.3764
89,0.0004,-0.0004,100.0,518.67,643.48,1590.49,1411.85,14.62,21.61,553.68,2388.15,9064.25,1.3,47.61,521.22,2388.08,8143.52,8.4679,0.03,394,2388,100.0,38.84,23.2753
111,-0.0022,0.0005,100.0,518.67,642.83,1593.36,1410.94,14.62,21.61,552.94,2388.1,9072.56,1.3,47.5,521.07,2388.09,8153.19,8.4347,0.03,393,2388,100.0,38.76,23.261
8,0.0011,-0.0003,100.0,518.67,641.61,1584.53,1392.39,14.62,21.61,554.28,2388.03,9055.99,1.3,47.24,522.29,2388.0,8136.8,8.3813,0.03,391,2388,100.0,39.18,23.4135
204,-0.0012,0.0001,100.0,518.67,643.58,1602.82,1427.41,14.62,21.61,551.87,2388.34,9036.58,1.3,48.14,519.56,2388.28,8113.18,8.5128,0.03,396,2388,100.0,38.57,23.1863
40,-0.0018,-0.0001,100.0,518.67,643.2,1587.55,1409.94,14.62,21.61,553.11,2388.13,9064.16,1.3,47.52,520.86,2388.13,8140.64,8.4851,0.03,392,2388,100.0,38.81,23.159
126,0.0001,0.0003,100.0,518.67,642.84,1588.67,1404.06,14.62,21.61,553.35,2388.06,9070.15,1.3,47.4,522.09,2388.01,8149.41,8.4359,0.03,391,2388,100.0,38.85,23.3114
15,-0.0046,-0.0005,100.0,518.67,641.83,1592.49,1406.63,14.62,21.61,553.42,2388.03,9057.06,1.3,47.61,521.28,2388.13,8137.29,8.4377,0.03,393,2388,100.0,38.94,23.3967
83,0.0025,-0.0004,100.0,518.67,641.73,1585.25,1399.05,14.62,21.61,554.53,2388.02,9065.33,1.3,47.35,521.85,2388.01,8146.66,8.3942,0.03,391,2388,100.0,38.88,23.4432
9,0.0014,-0.0002,100.0,518.67,641.74,1582.42,1393.68,14.62,21.61,554.63,2388.03,9066.54,1.3,47.21,522.42,2388.03,8140.7,8.3747,0.03,391,2388,100.0,39.08,23.3879
124,-0.0023,0.0002,100.0,518.67,642.39,1592.79,1404.48,14.62,21.61,553.29,2388.04,9061.99,1.3,47.63,521.71,2388.05,8148.23,8.4357,0.03,396,2388,100.0,38.93,23.3571
83,-0.0017,0.0001,100.0,518.67,642.26,1583.83,1402.6,14.62,21.61,553.96,2388.02,9071.12,1.3,47.3,522.12,2388.06,8148.92,8.4278,0.03,393,2388,100.0,39.06,23.1741
35,0.0004,0.0002,100.0,518.67,642.9,1591.38,1409.9,14.62,21.61,554.01,2388.1,9039.9,1.3,47.44,521.32,2388.11,8120.92,8.409,0.03,392,2388,100.0,38.93,23.3789
142,-0.0009,0.0001,100.0,518.67,643.13,1594.28,1421.74,14.62,21.61,552.19,2388.17,9048.36,1.3,47.69,520.95,2388.18,8125.63,8.4743,0.03,395,2388,100.0,38.62,23.1376
25,-0.0025,0.0003,100.0,518.67,641.58,1581.59,1396.5,14.62,21.61,554.28,2388.01,9052.42,1.3,47.29,522.16,2388.04,8134.86,8.3841,0.03,392,2388,100.0,38.98,23.4059
147,-0.0057,0.0002,100.0,518.67,642.43,1590.37,1413.62,14.62,21.61,553.61,2388.11,9071.65,1.3,47.79,521.29,2388.07,8139.92,8.412,0.03,392,2388,100.0,38.83,23.3641
180,0.005,0.0004,100.0,518.67,643.35,1596.28,1422.79,14.62,21.61,551.81,2388.25,9073.91,1.3,48.17,520.21,2388.19,8147.66,8.5092,0.03,396,2388,100.0,38.57,23.2195
18,0.0002,-0.0004,100.0,518.67,642.7,1588.04,1403.62,14.62,21.61,553.6,2388.08,9052.06,1.3,47.5,522.21,2388.03,8136.11,8.4421,0.03,393,2388,100.0,38.97,23.3743
6,0.0009,-0.0003,100.0,518.67,642.49,1587.19,1401.13,14.62,21.61,553.98,2388.1,9038.36,1.3,47.41,521.27,2388.07,8126.2,8.4286,0.03,392,2388,100.0,38.96,23.2617
61,-0.0008,0.0002,100.0,518.67,642.63,1593.3,1413.51,14.62,21.61,552.87,2388.14,9065.25,1.3,47.64,521.49,2388.17,8138.15,8.4577,0.03,393,2388,100.0,38.73,23.3164
115,-0.0046,0.0002,100.0,518.67,642.62,1593.83,1401.63,14.62,21.61,552.91,2388.13,9054.82,1.3,47.61,521.46,2388.09,8135.42,8.4641,0.03,394,2388,100.0,38.75,23.318
107,0.0021,-0.0004,100.0,518.67,642.91,1591.98,1414.95,14.62,21.61,552.83,2388.18,9046.53,1.3,47.66,521.27,2388.13,8125.74,8.4417,0.03,393,2388,100.0,38.96,23.2353
127,0.001,0.0,100.0,518.67,643.25,1596.18,1419.81,14.62,21.61,552.68,2388.19,9048.67,1.3,48.0,520.57,2388.19,8126.59,8.4791,0.03,393,2388,100.0,38.62,23.2953
47,0.0,0.0005,100.0,518.67,642.21,1580.32,1402.89,14.62,21.61,554.38,2388.06,9052.04,1.3,47.22,521.84,2388.05,8126.21,8.3973,0.03,392,2388,100.0,38.99,23.4873
167,0.0006,0.0001,100.0,518.67,643.09,1590.66,1419.83,14.62,21.61,552.77,2388.12,9100.11,1.3,47.89,519.91,2388.11,8177.36,8.4796,0.03,394,2388,100.0,38.8,23.1763
82,-0.0006,-0.0003,100.0,518.67,642.89,1588.96,1398.37,14.62,21.61,553.44,2388.06,9061.03,1.3,47.33,521.5,2388.07,8142.44,8.4102,0.03,393,2388,100.0,38.78,23.4228
101,-0.0013,-0.0004,100.0,518.67,642.28,1588.07,1409.94,14.62,21.61,553.09,2388.09,9058.91,1.3,47.62,520.88,2388.11,8133.74,8.4615,0.03,393,2388,100.0,38.97,23.3331
182,-0.0,-0.0002,100.0,518.67,642.39,1586.42,1406.61,14.62,21.61,553.63,2388.03,9069.4,1.3,47.52,522.39,2388.09,8143.47,8.4072,0.03,392,2388,100.0,39.04,23.2931
45,-0.0012,0.0001,100.0,518.67,642.37,1588.61,1397.83,14.62,21.61,552.68,2388.06,9046.74,1.3,47.47,521.24,2388.08,8132.83,8.4148,0.03,392,2388,100.0,38.8,23.321
87,0.0034,0.0002,100.0,518.67,642.13,1589.53,1402.91,14.62,21.61,553.54,2388.08,9077.44,1.3,47.18,522.16,2388.05,8156.88,8.4591,0.03,391,2388,100.0,38.94,23.388
45,0.0029,-0.0005,100.0,518.67,642.68,1591.31,1411.79,14.62,21.61,552.86,2388.08,9047.17,1.3,47.37,521.34,2388.07,8131.3,8.4331,0.03,394,2388,100.0,38.7,23.2211
258,0.0017,-0.0,100.0,518.67,643.68,1602.79,1415.0,14.62,21.61,552.67,2388.1,9143.56,1.3,48.03,520.97,2388.09,8211.55,8.4594,0.03,396,2388,100.0,38.68,23.1426
239,-0.0019,0.0003,100.0,518.67,642.69,1587.28,1417.14,14.62,21.61,552.54,2388.14,9075.45,1.3,47.66,520.48,2388.17,8151.56,8.5041,0.03,393,2388,100.0,38.95,23.2493
49,0.0035,0.0,100.0,518.67,642.24,1580.77,1398.39,14.62,21.6,554.84,2387.97,9054.18,1.3,47.22,522.46,2387.98,8134.84,8.4097,0.03,392,2388,100.0,38.99,23.4203
5,-0.0009,-0.0003,100.0,518.67,642.55,1585.71,1406.9,14.62,21.61,553.06,2388.06,9054.13,1.3,47.55,521.48,2388.09,8135.61,8.4171,0.03,392,2388,100.0,38.88,23.2748
83,-0.0012,0.0001,100.0,518.67,642.64,1589.08,1408.38,14.62,21.61,553.14,2388.11,9052.99,1.3,47.69,521.26,2388.15,8140.42,8.4553,0.03,393,2388,100.0,38.7,23.2848
128,-0.0016,-0.0003,100.0,518.67,642.83,1591.49,1410.86,14.62,21.61,553.49,2388.06,9054.46,1.3,47.6,521.18,2388.22,8129.66,8.479,0.03,393,2388,100.0,38.56,23.3528
189,0.0003,0.0,100.0,518.67,643.0,1589.45,1408.22,14.62,21.61,553.61,2388.02,9119.91,1.3,47.54,521.84,2388.04,8194.35,8.4462,0.03,392,2388,100.0,38.64,23.2525
68,0.0006,-0.0004,100.0,518.67,642.36,1582.22,1402.36,14.62,21.61,554.21,2388.0,9058.55,1.3,47.22,522.2,2388.01,8138.6,8.4075,0.03,393,2388,100.0,39.17,23.4617
186,-0.0005,0.0002,100.0,518.67,642.48,1590.97,1403.32,14.62,21.61,553.17,2388.08,9076.96,1.3,47.7,521.22,2388.07,8146.38,8.4367,0.03,393,2388,100.0,38.76,23.2934
8,0.0,-0.0003,100.0,518.67,642.39,1590.65,1396.75,14.62,21.61,553.93,2388.05,9039.78,1.3,47.32,522.1,2388.11,8129.08,8.4106,0.03,393,2388,100.0,38.95,23.3547
76,-0.0002,-0.0001,100.0,518.67,642.22,1584.14,1404.48,14.62,21.61,554.37,2388.0,9056.64,1.3,47.25,521.93,2388.04,8141.81,8.3485,0.03,390,2388,100.0,39.08,23.4195
107,0.0,-0.0001,100.0,518.67,642.71,1585.66,1401.31,14.62,21.6,554.14,2388.02,9069.01,1.3,47.24,522.04,2387.98,8144.01,8.422,0.03,393,2388,100.0,38.81,23.2836
127,0.003,0.0002,100.0,518.67,642.38,1585.9,1403.21,14.62,21.61,554.73,2388.05,9082.92,1.3,47.28,522.76,2387.98,8161.42,8.4258,0.03,392,2388,100.0,39.0,23.3179
177,-0.0001,-0.0002,100.0,518.67,643.33,1599.11,1418.33,14.62,21.61,552.2,2388.09,9101.12,1.3,47.83,520.49,2388.14,8176.63,8.4478,0.03,394,2388,100.0,38.82,23.2107
40,-0.0015,-0.0003,100.0,518.67,642.54,1584.95,1400.48,14.62,21.61,554.19,2388.09,9054.94,1.3,47.23,522.42,2388.09,8134.08,8.4506,0.03,392,2388,100.0,38.93,23.2373
12,-0.003,0.0003,100.0,518.67,642.76,1581.49,1400.18,14.62,21.61,554.42,2388.07,9060.85,1.3,47.34,522.23,2388.09,8143.07,8.4528,0.03,393,2388,100.0,38.84,23.3407
16,0.0032,0.0002,100.0,518.67,643.15,1592.31,1404.77,14.62,21.61,554.35,2388.09,9053.96,1.3,47.32,522.04,2388.09,8133.34,8.4264,0.03,392,2388,100.0,38.87,23.3349
132,0.0002,-0.0003,100.0,518.67,642.48,1588.38,1413.84,14.62,21.61,553.38,2388.08,9077.05,1.3,47.61,521.11,2388.1,8152.88,8.4447,0.03,394,2388,100.0,38.76,23.3597
23,-0.0014,-0.0,100.0,518.67,642.74,1586.29,1407.88,14.62,21.61,553.54,2388.02,9057.71,1.3,47.31,521.82,2388.09,8136.42,8.4283,0.03,393,2388,100.0,38.77,23.3239
50,0.0016,-0.0,100.0,518.67,642.71,1577.76,1405.06,14.62,21.61,553.2,2388.12,9059.47,1.3,47.58,521.52,2388.08,8139.86,8.4519,0.03,392,2388,100.0,38.88,23.2795
14,0.0,0.0002,100.0,518.67,642.44,1587.32,1407.95,14.62,21.61,554.05,2388.08,9054.83,1.3,47.2,521.57,2388.07,8136.39,8.4282,0.03,393,2388,100.0,38.89,23.3249
9,0.0017,-0.0004,100.0,518.67,641.98,1581.99,1395.01,14.62,21.6,554.69,2388.02,9051.67,1.3,47.14,522.4,2387.98,8145.29,8.3868,0.03,390,2388,100.0,39.06,23.4875
99,-0.0001,0.0004,100.0,518.67,642.7,1589.19,1414.6,14.62,21.61,552.51,2388.14,9069.88,1.3,47.7,520.92,2388.11,8142.45,8.4195,0.03,392,2388,100.0,38.85,23.3029
145,0.0022,0.0002,100.0,518.67,642.87,1594.2,1420.09,14.62,21.61,553.1,2388.07,9087.31,1.3,47.93,520.44,2388.13,8162.84,8.4877,0.03,396,2388,100.0,38.53,23.2354
221,-0.0005,-0.0004,100.0,518.67,642.98,1597.19,1418.26,14.62,21.61,552.76,2388.18,9060.67,1.3,47.91,520.54,2388.2,8127.91,8.4929,0.03,394,2388,100.0,38.9,23.2823
87,-0.0022,0.0001,100.0,518.67,641.88,1583.15,1399.51,14.62,21.61,555.04,2388.06,9060.79,1.3,47.27,522.42,2388.02,8143.58,8.3898,0.03,391,2388,100.0,39.07,23.4565
277,0.0017,-0.0004,100.0,518.67,643.91,1601.47,1424.78,14.62,21.61,552.45,2388.22,9092.92,1.3,48.03,519.93,2388.17,8171.9,8.5206,0.03,395,2388,100.0,38.68,23.0609
28,-0.0024,0.0005,100.0,518.67,642.35,1582.84,1399.13,14.62,21.61,554.68,2388.12,9049.84,1.3,47.41,522.57,2388.08,8127.3,8.4323,0.03,390,2388,100.0,39.01,23.2841
2,-0.0009,-0.0002,100.0,518.67,642.42,1586.56,1402.84,14.62,21.61,554.13,2388.12,9044.49,1.3,47.34,521.6,2388.11,8129.18,8.4099,0.03,393,2388,100.0,38.9,23.3776
104,-0.0001,-0.0,100.0,518.67,642.85,1594.16,1406.87,14.62,21.61,553.65,2388.11,9041.86,1.3,47.61,521.46,2388.1,8125.86,8.4353,0.03,394,2388,100.0,38.89,23.3884
96,0.002,-0.0005,100.0,518.67,643.08,1590.3,1407.59,14.62,21.61,552.53,2388.13,9044.94,1.3,47.59,521.7,2388.06,8126.7,8.4143,0.03,392,2388,100.0,38.67,23.217
73,0.0007,-0.0003,100.0,518.67,642.38,1590.39,1402.47,14.62,21.61,554.2,2388.02,9065.42,1.3,47.3,522.14,2388.06,8146.59,8.4525,0.03,391,2388,100.0,38.92,23.2985
63,0.0007,0.0001,100.0,518.67,642.57,1584.07,1401.63,14.62,21.61,553.18,2388.04,9066.16,1.3,47.42,521.9,2388.1,8144.21,8.4335,0.03,394,2388,100.0,38.84,23.3984
63,0.0011,0.0004,100.0,518.67,642.47,1586.03,1410.9,14.62,21.6,554.08,2388.06,9064.02,1.3,47.31,522.09,2388.03,8144.24,8.434,0.03,392,2388,100.0,39.07,23.3496
166,0.0005,0.0003,100.0,518.67,642.86,1601.77,1419.18,14.62,21.61,551.99,2388.18,9052.65,1.3,47.71,520.75,2388.22,8119.16,8.515,0.03,395,2388,100.0,38.85,23.1931
193,-0.0004,0.0004,100.0,518.67,642.31,1601.12,1410.02,14.62,21.61,552.62,2388.05,9073.04,1.3,47.67,521.32,2388.11,8147.34,8.4108,0.03,394,2388,100.0,38.8,23.3543
97,0.0011,-0.0003,100.0,518.67,643.24,1589.77,1414.96,14.62,21.61,552.79,2388.17,9048.65,1.3,47.89,521.04,2388.2,8128.03,8.4235,0.03,392,2388,100.0,38.85,23.2346
87,0.0005,0.0004,100.0,518.67,642.34,1591.24,1392.08,14.62,21.61,553.78,2388.03,9067.77,1.3,47.24,522.91,2388.02,8150.58,8.3987,0.03,391,2388,100.0,38.99,23.3438
74,-0.0031,0.0001,100.0,518.67,641.79,1587.15,1397.83,14.62,21.61,554.98,2388.0,9048.75,1.3,47.14,522.34,2388.02,8141.35,8.3826,0.03,391,2388,100.0,38.98,23.389
96,-0.0027,-0.0002,100.0,518.67,642.65,1592.12,1413.75,14.62,21.61,552.98,2388.12,9065.47,1.3,47.46,521.49,2388.12,8142.78,8.4468,0.03,393,2388,100.0,38.74,23.3267
131,0.0003,-0.0,100.0,518.67,642.88,1591.29,1410.87,14.62,21.61,553.38,2388.07,9079.25,1.3,47.46,521.59,2388.09,8162.95,8.4702,0.03,393,2388,100.0,38.63,23.1323
38,0.0017,0.0002,100.0,518.67,642.14,1585.48,1393.38,14.62,21.61,553.79,2388.03,9057.85,1.3,47.34,521.73,2387.98,8141.77,8.3927,0.03,393,2388,100.0,38.91,23.423
41,-0.0037,-0.0005,100.0,518.67,641.97,1587.64,1401.65,14.62,21.61,554.85,2388.0,9063.74,1.3,47.21,522.39,2387.96,8147.77,8.4249,0.03,391,2388,100.0,39.1,23.5359
111,-0.0013,0.0005,100.0,518.67,643.28,1590.26,1414.54,14.62,21.61,553.37,2388.08,9075.37,1.3,47.75,521.57,2388.16,8149.36,8.4847,0.03,394,2388,100.0,38.75,23.3012
183,0.0018,-0.0,100.0,518.67,643.49,1603.37,1434.3,14.62,21.61,551.78,2388.12,9152.84,1.3,48.04,519.67,2388.21,8217.46,8.5106,0.03,397,2388,100.0,38.34,22.9337
98,-0.0014,-0.0,100.0,518.67,642.46,1582.67,1402.17,14.62,21.61,553.94,2388.0,9065.91,1.3,47.23,522.22,2388.02,8142.42,8.4133,0.03,393,2388,100.0,39.01,23.3428
138,0.0043,0.0002,100.0,518.67,643.6,1599.96,1423.08,14.62,21.61,552.31,2388.25,9046.74,1.3,47.96,520.44,2388.23,8124.3,8.4715,0.03,395,2388,100.0,38.59,23.2295
16,0.0024,-0.0003,100.0,518.67,642.92,1597.45,1408.44,14.62,21.61,552.94,2388.09,9058.68,1.3,47.48,521.19,2388.09,8141.48,8.439,0.03,393,2388,100.0,38.92,23.3045
207,0.0022,0.0001,100.0,518.67,642.96,1583.59,1414.38,14.62,21.61,552.77,2388.19,9053.79,1.3,47.66,520.9,2388.12,8133.18,8.4562,0.03,393,2388,100.0,38.85,23.2375
11,-0.0012,-0.0003,100.0,518.67,642.18,1579.97,1407.38,14.62,21.61,554.16,2388.11,9062.53,1.3,47.36,522.04,2388.09,8138.89,8.4264,0.03,393,2388,100.0,38.98,23.3233
248,0.0048,0.0001,100.0,518.67,643.06,1599.41,1417.22,14.62,21.61,552.52,2388.08,9088.08,1.3,47.75,520.49,2388.12,8156.5,8.5015,0.03,392,2388,100.0,38.8,23.19
194,0.0009,-0.0004,100.0,518.67,642.62,1592.95,1414.64,14.62,21.61,553.64,2388.01,9135.74,1.3,47.43,520.74,2388.08,8198.78,8.4348,0.03,395,2388,100.0,38.6,23.2724
20,0.0022,-0.0002,100.0,518.67,642.59,1589.01,1406.02,14.62,21.61,553.29,2388.2,9044.56,1.3,47.63,521.4,2388.19,8123.19,8.4223,0.03,393,2388,100.0,39.07,23.3653
43,-0.0039,-0.0001,100.0,518.67,643.39,1584.8,1409.41,14.62,21.61,552.97,2388.13,9057.27,1.3,47.53,521.22,2388.15,8135.26,8.4477,0.03,394,2388,100.0,38.8,23.2545
79,-0.0004,-0.0001,100.0,518.67,642.16,1583.08,1401.35,14.62,21.61,554.27,2388.02,9066.15,1.3,47.2,522.78,2387.99,8159.16,8.4122,0.03,392,2388,100.0,39.1,23.4195
158,0.0005,-0.0001,100.0,518.67,643.02,1588.92,1417.37,14.62,21.61,552.96,2388.19,9052.47,1.3,47.58,520.5,2388.18,8130.22,8.5018,0.03,394,2388,100.0,38.48,23.1817
68,0.0008,0.0001,100.0,518.67,642.5,1577.16,1399.27,14.62,21.61,554.07,2387.97,9054.61,1.3,47.16,522.2,2388.0,8137.75,8.4141,0.03,392,2388,100.0,38.97,23.4076
175,0.001,-0.0003,100.0,518.67,642.24,1587.01,1402.65,14.62,21.61,553.18,2388.04,9126.91,1.3,47.47,521.57,2387.99,8200.78,8.4367,0.03,394,2388,100.0,38.69,23.2622
42,0.0025,0.0004,100.0,518.67,642.56,1588.44,1400.01,14.62,21.61,553.97,2388.16,9053.81,1.3,47.56,521.4,2388.09,8133.54,8.4366,0.03,392,2388,100.0,38.84,23.2699
95,0.0027,-0.0001,100.0,518.67,642.19,1583.66,1400.37,14.62,21.61,554.65,2388.03,9066.23,1.3,47.31,522.32,2388.0,8151.27,8.4025,0.03,391,2388,100.0,38.95,23.4575
155,0.0031,-0.0002,100.0,518.67,642.52,1586.69,1405.64,14.62,21.61,554.0,2388.07,9067.23,1.3,47.56,521.61,2388.05,8144.84,8.4639,0.03,393,2388,100.0,38.8,23.4189
112,0.0,-0.0003,100.0,518.67,642.99,1595.11,1410.59,14.62,21.61,552.35,2388.13,9067.72,1.3,47.55,521.49,2388.11,8148.1,8.4741,0.03,394,2388,100.0,38.91,23.2714
92,0.0029,-0.0004,100.0,518.67,642.96,1587.5,1414.23,14.62,21.61,552.85,2388.11,9057.02,1.3,47.63,521.24,2388.15,8129.54,8.457,0.03,393,2388,100.0,38.82,23.2015
11,0.0019,0.0002,100.0,518.67,642.56,1586.04,1410.55,14.62,21.61,553.34,2388.08,9055.25,1.3,47.42,521.51,2388.11,8138.91,8.4197,0.03,394,2388,100.0,38.84,23.2635
123,0.0007,0.0002,100.0,518.67,643.56,1606.05,1429.54,14.62,21.61,551.8,2388.3,9033.19,1.3,48.0,519.59,2388.24,8113.65,8.5113,0.03,394,2388,100.0,38.62,23.1701
107,-0.0017,0.0002,100.0,518.67,642.6,1591.71,1401.65,14.62,21.61,553.49,2388.09,9066.61,1.3,47.52,521.64,2388.08,8145.04,8.4336,0.03,392,2388,100.0,38.71,23.2783
115,-0.0017,0.0005,100.0,518.67,642.46,1594.8,1407.0,14.62,21.61,553.38,2388.07,9048.57,1.3,47.59,521.36,2388.13,8139.06,8.4417,0.03,395,2388,100.0,38.63,23.2904
78,-0.0048,-0.0005,100.0,518.67,643.02,1592.07,1414.56,14.62,21.61,553.09,2388.09,9063.73,1.3,47.66,521.21,2388.15,8142.29,8.4778,0.03,394,2388,100.0,38.75,23.3997
175,-0.0008,0.0003,100.0,518.67,642.2,1578.18,1413.43,14.62,21.61,553.49,2388.15,9060.89,1.3,47.6,521.73,2388.13,8143.6,8.3991,0.03,392,2388,100.0,38.81,23.3088
92,-0.0017,0.0001,100.0,518.67,643.38,1589.51,1406.65,14.62,21.61,553.21,2388.1,9049.65,1.3,47.52,521.42,2388.2,8132.91,8.4738,0.03,393,2388,100.0,38.8,23.2609
93,-0.003,0.0005,100.0,518.67,642.24,1588.28,1398.67,14.62,21.61,554.07,2388.09,9054.9,1.3,47.58,521.54,2388.1,8140.33,8.3856,0.03,392,2388,100.0,38.77,23.3528
146,-0.002,0.0003,100.0,518.67,643.03,1605.27,1424.03,14.62,21.61,552.16,2388.31,9043.71,1.3,48.18,519.52,2388.32,8116.25,8.521,0.03,395,2388,100.0,38.49,23.0104
21,0.0008,-0.0003,100.0,518.67,642.81,1592.16,1416.05,14.62,21.61,553.74,2388.21,9056.19,1.3,47.43,520.79,2388.07,8138.11,8.4216,0.03,394,2388,100.0,38.76,23.3359
71,-0.0025,0.0002,100.0,518.67,642.94,1591.37,1410.53,14.62,21.61,553.7,2388.09,9050.1,1.3,47.6,521.54,2388.15,8131.43,8.4367,0.03,393,2388,100.0,38.82,23.2826
85,-0.0012,-0.0004,100.0,518.67,642.32,1590.05,1407.64,14.62,21.61,554.21,2388.14,9060.74,1.3,47.46,522.16,2388.07,8131.64,8.4295,0.03,390,2388,100.0,38.85,23.2302
16,0.0051,0.0001,100.0,518.67,642.86,1589.64,1406.02,14.62,21.61,553.55,2388.14,9042.53,1.3,47.46,521.59,2388.12,8124.18,8.451,0.03,392,2388,100.0,38.81,23.3576
11,-0.0006,-0.0,100.0,518.67,641.36,1582.87,1403.9,14.62,21.6,554.43,2387.99,9070.19,1.3,47.16,522.47,2387.99,8147.42,8.435,0.03,392,2388,100.0,38.82,23.4143
178,0.0009,0.0001,100.0,518.67,642.92,1596.34,1418.78,14.62,21.61,551.75,2388.14,9056.49,1.3,48.0,520.6,2388.17,8131.07,8.4717,0.03,394,2388,100.0,38.55,23.2355
30,0.0006,-0.0003,100.0,518.67,642.24,1587.79,1406.81,14.62,21.61,553.53,2387.98,9060.19,1.3,47.46,520.94,2388.09,8141.55,8.4218,0.03,393,2388,100.0,39.03,23.2323
81,0.0009,-0.0005,100.0,518.67,642.38,1592.17,1400.48,14.62,21.61,554.47,2388.02,9073.63,1.3,47.26,522.34,2387.98,8148.93,8.4031,0.03,392,2388,100.0,39.08,23.4464
14,-0.0018,0.0004,100.0,518.67,642.68,1577.93,1406.18,14.62,21.61,553.6,2388.11,9057.35,1.3,47.25,521.89,2388.05,8140.26,8.4416,0.03,392,2388,100.0,38.83,23.3618
21,-0.0002,0.0005,100.0,518.67,641.86,1577.56,1393.02,14.62,21.61,555.39,2388.0,9070.45,1.3,47.28,522.62,2388.01,8144.71,8.3859,0.03,391,2388,100.0,39.06,23.3625
223,-0.0023,-0.0004,100.0,518.67,643.47,1600.6,1433.5,14.62,21.61,551.66,2388.18,9074.17,1.3,48.0,520.09,2388.21,8141.72,8.5054,0.03,395,2388,100.0,38.51,23.0636
86,0.0009,0.0001,100.0,518.67,643.01,1591.44,1415.2,14.62,21.61,553.25,2388.19,9052.88,1.3,47.51,521.32,2388.15,8123.82,8.4634,0.03,395,2388,100.0,38.7,23.2679
234,-0.0,-0.0005,100.0,518.67,643.37,1593.5,1421.99,14.62,21.61,552.42,2388.18,9101.95,1.3,48.02,520.94,2388.14,8167.8,8.4987,0.03,397,2388,100.0,38.62,23.0695
63,0.001,-0.0003,100.0,518.67,642.61,1582.69,1399.34,14.62,21.61,553.22,2388.09,9060.4,1.3,47.48,522.14,2388.06,8133.47,8.4244,0.03,392,2388,100.0,38.91,23.2965
18,-0.0013,-0.0001,100.0,518.67,641.7,1592.2,1396.41,14.62,21.61,553.78,2388.03,9063.77,1.3,47.06,522.48,2388.0,8144.65,8.4065,0.03,391,2388,100.0,39.04,23.3688
113,-0.0004,0.0004,100.0,518.67,642.5,1586.36,1414.49,14.62,21.61,553.21,2388.03,9072.8,1.3,47.62,521.13,2388.1,8144.65,8.4723,0.03,394,2388,100.0,38.7,23.3738
85,-0.0005,0.0001,100.0,518.67,643.04,1590.63,1409.01,14.62,21.61,553.73,2388.12,9046.11,1.3,47.87,520.45,2388.23,8124.62,8.447,0.03,393,2388,100.0,38.76,23.2447
166,-0.0006,0.0002,100.0,518.67,643.24,1600.42,1420.87,14.62,21.61,552.07,2388.23,9106.99,1.3,47.92,519.94,2388.17,8180.49,8.4781,0.03,396,2388,100.0,38.58,23.1287
21,0.0001,-0.0002,100.0,518.67,641.87,1591.0,1394.39,14.62,21.6,554.72,2388.02,9057.56,1.3,47.24,522.37,2388.02,8146.51,8.4147,0.03,392,2388,100.0,39.04,23.3543
160,0.0004,-0.0001,100.0,518.67,643.77,1592.67,1424.75,14.62,21.61,551.44,2388.21,9042.94,1.3,47.9,520.46,2388.28,8116.59,8.4973,0.03,394,2388,100.0,38.53,23.1719
98,0.001,0.0001,100.0,518.67,642.93,1592.37,1414.69,14.62,21.61,553.23,2388.18,9054.5,1.3,47.82,520.94,2388.17,8139.63,8.4657,0.03,394,2388,100.0,38.7,23.378
176,0.0046,0.0003,100.0,518.67,642.54,1592.13,1407.87,14.62,21.61,553.39,2388.11,9062.81,1.3,47.69,521.06,2388.09,8147.31,8.4487,0.03,394,2388,100.0,38.89,23.1975
55,0.0001,0.0004,100.0,518.67,642.76,1587.72,1410.09,14.62,21.61,552.71,2388.12,9042.23,1.3,47.52,521.49,2388.08,8131.48,8.4311,0.03,395,2388,100.0,38.9,23.225
80,-0.006,0.0003,100.0,518.67,641.86,1587.43,1396.77,14.62,21.61,554.66,2387.98,9055.94,1.3,47.5,521.68,2387.94,8143.45,8.4018,0.03,391,2388,100.0,39.03,23.3328
159,0.0039,-0.0004,100.0,518.67,642.98,1591.58,1414.0,14.62,21.61,552.42,2388.15,9052.34,1.3,48.02,520.43,2388.21,8126.42,8.4528,0.03,396,2388,100.0,38.54,23.2539
68,-0.0009,0.0003,100.0,518.67,642.52,1584.61,1399.61,14.62,21.61,553.83,2388.05,9064.96,1.3,47.49,521.92,2388.09,8146.84,8.4167,0.03,394,2388,100.0,39.03,23.3388
113,-0.0034,-0.0003,100.0,518.67,642.11,1584.9,1405.03,14.62,21.61,553.65,2388.1,9060.82,1.3,47.63,521.25,2388.07,8136.9,8.441,0.03,393,2388,100.0,38.82,23.3601
115,0.0004,-0.0001,100.0,518.67,642.08,1577.94,1397.09,14.62,21.61,554.33,2388.04,9065.4,1.3,47.2,521.78,2388.0,8145.89,8.4318,0.03,392,2388,100.0,38.99,23.3886
6,0.0001,-0.0003,100.0,518.67,642.6,1592.86,1405.05,14.62,21.61,552.84,2388.11,9039.07,1.3,47.64,521.37,2388.16,8124.36,8.4492,0.03,392,2388,100.0,38.98,23.3029
81,-0.0021,-0.0,100.0,518.67,641.86,1580.87,1404.98,14.62,21.61,554.02,2388.01,9055.19,1.3,47.3,522.46,2388.04,8148.99,8.3665,0.03,391,2388,100.0,38.97,23.4203
50,0.001,-0.0003,100.0,518.67,642.45,1588.4,1407.39,14.62,21.61,554.3,2388.11,9059.89,1.3,47.61,521.6,2388.1,8141.96,8.4788,0.03,394,2388,100.0,38.76,23.4488
6,0.0038,0.0002,100.0,518.67,642.33,1589.59,1408.46,14.62,21.61,553.91,2388.15,9039.36,1.3,47.49,521.29,2388.15,8121.04,8.4994,0.03,393,2388,100.0,38.88,23.2869
227,-0.0007,-0.0003,100.0,518.67,643.86,1596.43,1433.44,14.62,21.61,551.8,2388.19,9138.82,1.3,48.05,520.21,2388.19,8207.95,8.5259,0.03,396,2388,100.0,38.28,23.0329
99,0.0029,-0.0004,100.0,518.67,642.71,1589.22,1412.3,14.62,21.61,553.2,2388.12,9066.58,1.3,47.56,521.51,2388.14,8142.74,8.4628,0.03,394,2388,100.0,38.84,23.3365
14,-0.0015,-0.0005,100.0,518.67,642.2,1578.76,1395.27,14.62,21.61,554.56,2387.99,9076.98,1.3,47.0,522.68,2388.0,8154.58,8.3869,0.03,392,2388,100.0,38.98,23.463
35,-0.003,-0.0,100.0,518.67,642.44,1583.5,1400.21,14.62,21.61,553.45,2388.06,9047.24,1.3,47.34,522.65,2388.06,8128.54,8.4139,0.03,392,2388,100.0,39.06,23.3642
34,-0.0007,0.0003,100.0,518.67,642.35,1590.06,1409.85,14.62,21.61,553.9,2388.09,9061.24,1.3,47.5,521.78,2388.1,8132.94,8.4597,0.03,393,2388,100.0,38.92,23.3717
19,0.0021,-0.0005,100.0,518.67,641.97,1586.95,1390.1,14.62,21.61,554.54,2388.0,9057.81,1.3,47.17,522.35,2387.97,8142.07,8.3961,0.03,390,2388,100.0,39.08,23.3528
98,0.0022,-0.0002,100.0,518.67,642.76,1587.42,1411.17,14.62,21.61,553.32,2388.03,9067.46,1.3,47.63,521.85,2388.08,8145.42,8.4336,0.03,393,2388,100.0,38.85,23.2354
238,0.0014,-0.0003,100.0,518.67,644.02,1593.76,1424.77,14.62,21.61,552.44,2388.11,9132.31,1.3,47.95,520.64,2388.15,8195.16,8.4917,0.03,394,2388,100.0,38.65,23.1168
109,-0.0031,0.0001,100.0,518.67,642.17,1578.66,1403.88,14.62,21.61,554.95,2388.07,9055.69,1.3,47.2,522.17,2388.03,8136.79,8.4345,0.03,393,2388,100.0,38.98,23.4442
116,0.0003,0.0004,100.0,518.67,642.06,1588.22,1400.17,14.62,21.61,553.42,2388.01,9063.36,1.3,47.2,522.05,2388.01,8136.42,8.383,0.03,392,2388,100.0,38.88,23.3085
137,0.001,-0.0004,100.0,518.67,642.98,1595.51,1409.53,14.62,21.61,552.28,2388.16,9044.91,1.3,47.71,520.78,2388.2,8120.85,8.5041,0.03,394,2388,100.0,38.52,23.1236
46,0.0008,0.0001,100.0,518.67,642.26,1586.46,1404.42,14.62,21.61,553.29,2388.04,9071.98,1.3,47.41,521.8,2388.03,8142.1,8.4241,0.03,391,2388,100.0,38.96,23.3982
177,-0.0004,0.0002,100.0,518.67,642.36,1585.89,1407.83,14.62,21.61,553.99,2388.1,9078.76,1.3,47.51,521.76,2388.03,8154.89,8.416,0.03,392,2388,100.0,38.9,23.3162
27,0.0004,-0.0001,100.0,518.67,642.75,1582.76,1395.56,14.62,21.61,554.84,2388.06,9059.07,1.3,47.21,522.36,2388.02,8141.68,8.4032,0.03,390,2388,100.0,38.9,23.4244
95,-0.0023,0.0005,100.0,518.67,641.95,1589.76,1391.34,14.62,21.61,554.28,2388.0,9054.98,1.3,47.12,522.44,2388.03,8140.47,8.392,0.03,392,2388,100.0,38.95,23.4605
85,0.0001,-0.0003,100.0,518.67,642.49,1587.62,1407.37,14.62,21.61,553.13,2388.11,9058.96,1.3,47.44,521.88,2388.08,8137.37,8.4021,0.03,394,2388,100.0,38.8,23.2185
156,-0.0024,0.0005,100.0,518.67,642.78,1595.17,1407.74,14.62,21.61,552.67,2388.04,9064.99,1.3,47.42,521.56,2388.07,8145.59,8.4413,0.03,392,2388,100.0,38.73,23.317
18,-0.0031,0.0003,100.0,518.67,642.5,1585.74,1390.17,14.62,21.61,554.52,2388.01,9065.7,1.3,47.17,522.27,2387.96,8141.5,8.4231,0.03,392,2388,100.0,39.1,23.3507
66,0.0019,-0.0003,100.0,518.67,642.88,1585.93,1409.01,14.62,21.61,554.01,2388.1,9045.3,1.3,47.6,521.36,2388.1,8126.94,8.4136,0.03,393,2388,100.0,38.76,23.2017
53,-0.0016,-0.0,100.0,518.67,642.86,1593.67,1408.88,14.62,21.61,552.92,2388.12,9059.56,1.3,47.73,521.03,2388.15,8136.31,8.4671,0.03,395,2388,100.0,38.84,23.1943
121,0.0007,-0.0004,100.0,518.67,643.19,1590.55,1411.28,14.62,21.61,553.36,2388.11,9062.95,1.3,47.61,520.92,2388.16,8137.96,8.4777,0.03,393,2388,100.0,38.82,23.2822
210,-0.0023,0.0004,100.0,518.67,642.7,1597.82,1413.54,14.62,21.61,553.19,2388.09,9097.13,1.3,47.55,520.7,2388.07,8175.08,8.4521,0.03,393,2388,100.0,38.83,23.2972
82,0.0035,-0.0001,100.0,518.67,641.86,1587.24,1402.78,14.62,21.61,554.17,2388.01,9055.28,1.3,47.19,522.3,2388.0,8135.13,8.3428,0.03,391,2388,100.0,39.17,23.4491
213,-0.0008,0.0002,100.0,518.67,642.75,1601.66,1418.35,14.62,21.61,552.6,2388.26,9085.17,1.3,47.96,520.73,2388.17,8156.85,8.5081,0.03,395,2388,100.0,38.64,23.2173
212,0.0015,0.0005,100.0,518.67,643.37,1602.44,1432.71,14.62,21.61,552.73,2388.46,9226.6,1.3,48.09,520.36,2388.49,8288.26,8.5117,0.03,398,2388,100.0,38.72,23.0834
25,0.0018,-0.0004,100.0,518.67,642.34,1588.46,1398.95,14.62,21.61,554.47,2388.02,9053.97,1.3,47.19,522.48,2388.0,8145.9,8.387,0.03,391,2388,100.0,39.09,23.3641
133,0.0001,0.0002,100.0,518.67,642.12,1589.34,1407.58,14.62,21.61,554.75,2387.99,9055.71,1.3,47.31,522.66,2388.01,8138.36,8.4005,0.03,392,2388,100.0,38.91,23.3258
142,-0.0014,0.0003,100.0,518.67,642.57,1597.92,1406.16,14.62,21.61,552.9,2388.11,9066.34,1.3,47.4,521.01,2388.09,8146.36,8.4549,0.03,393,2388,100.0,39.01,23.2053
2,-0.0008,0.0001,100.0,518.67,642.57,1580.54,1398.95,14.62,21.61,554.31,2387.93,9068.79,1.3,47.2,522.53,2387.99,8155.6,8.3873,0.03,390,2388,100.0,39.01,23.4461
201,-0.0025,0.0003,100.0,518.67,642.26,1589.08,1407.48,14.62,21.61,553.72,2388.05,9093.9,1.3,47.51,521.6,2388.07,8172.32,8.4336,0.03,393,2388,100.0,38.87,23.1862
124,0.0002,0.0004,100.0,518.67,642.76,1595.89,1412.12,14.62,21.61,552.83,2388.17,9054.35,1.3,47.99,520.69,2388.15,8136.13,8.4964,0.03,393,2388,100.0,38.66,23.2345
11,0.0021,0.0005,100.0,518.67,642.3,1577.49,1397.93,14.62,21.61,554.62,2387.98,9061.3,1.3,47.19,521.87,2387.99,8144.82,8.4145,0.03,393,2388,100.0,39.05,23.3646
120,-0.0012,-0.0003,100.0,518.67,643.29,1589.25,1414.59,14.62,21.61,552.05,2388.16,9049.77,1.3,47.74,521.07,2388.15,8135.07,8.5021,0.03,393,2388,100.0,38.83,23.2224
202,-0.0009,0.0004,100.0,518.67,643.6,1602.94,1428.07,14.62,21.61,551.46,2388.25,9047.82,1.3,47.87,519.64,2388.26,8125.67,8.5078,0.03,398,2388,100.0,38.37,23.0895
66,0.0005,-0.0002,100.0,518.67,642.26,1584.6,1394.01,14.62,21.61,554.11,2388.06,9054.62,1.3,47.17,522.65,2387.98,8138.89,8.4121,0.03,392,2388,100.0,39.0,23.426
11,0.0,-0.0002,100.0,518.67,642.4,1592.61,1400.94,14.62,21.61,554.17,2388.02,9064.84,1.3,47.25,522.05,2388.05,8145.21,8.4108,0.03,393,2388,100.0,38.94,23.3792
221,0.0008,-0.0004,100.0,518.67,643.14,1596.25,1424.94,14.62,21.61,552.14,2388.23,9062.56,1.3,48.24,520.45,2388.22,8133.85,8.4918,0.03,395,2388,100.0,38.65,23.1631
140,0.004,-0.0003,100.0,518.67,642.58,1597.01,1412.54,14.62,21.61,553.18,2388.13,9040.91,1.3,47.71,521.31,2388.15,8127.0,8.4738,0.03,394,2388,100.0,38.86,23.2843
137,0.0021,0.0004,100.0,518.67,642.35,1585.35,1408.59,14.62,21.61,553.73,2388.09,9085.86,1.3,47.39,521.1,2388.09,8163.63,8.477,0.03,393,2388,100.0,38.77,23.2531
6,-0.0016,0.0003,100.0,518.67,642.42,1588.53,1406.54,14.62,21.61,553.79,2388.14,9059.66,1.3,47.27,521.66,2388.09,8147.72,8.4172,0.03,394,2388,100.0,38.91,23.3354
65,0.0007,0.0004,100.0,518.67,642.49,1581.95,1394.86,14.62,21.61,554.71,2388.03,9057.72,1.3,47.09,522.36,2387.98,8138.39,8.3967,0.03,392,2388,100.0,39.18,23.3452
101,0.0027,-0.0001,100.0,518.67,642.66,1584.07,1411.65,14.62,21.61,552.81,2388.15,9051.11,1.3,47.65,520.67,2388.08,8131.79,8.4495,0.03,394,2388,100.0,38.62,23.2358
199,0.0017,-0.0003,100.0,518.67,643.98,1600.76,1419.82,14.62,21.61,552.32,2388.18,9129.71,1.3,47.82,519.88,2388.16,8203.71,8.5026,0.03,397,2388,100.0,38.67,23.1232
33,0.0025,-0.0001,100.0,518.67,641.78,1583.2,1393.37,14.62,21.6,554.53,2388.01,9060.11,1.3,47.15,522.26,2388.02,8144.21,8.388,0.03,392,2388,100.0,39.19,23.4803
8,-0.0009,-0.0004,100.0,518.67,642.05,1583.58,1391.06,14.62,21.61,555.12,2387.93,9054.72,1.3,47.01,522.92,2388.02,8140.22,8.3638,0.03,391,2388,100.0,39.14,23.3932
133,0.0008,-0.0004,100.0,518.67,642.79,1588.7,1410.09,14.62,21.61,553.43,2388.2,9059.78,1.3,47.73,521.34,2388.13,8143.65,8.4286,0.03,394,2388,100.0,38.78,23.1529
35,0.0016,-0.0001,100.0,518.67,642.02,1589.52,1400.73,14.62,21.61,554.69,2387.98,9066.53,1.3,47.02,522.59,2388.0,8148.51,8.4298,0.03,391,2388,100.0,39.09,23.4587
188,-0.0002,-0.0002,100.0,518.67,643.42,1596.46,1431.49,14.62,21.61,551.75,2388.25,9055.32,1.3,48.0,520.5,2388.28,8123.25,8.4991,0.03,397,2388,100.0,38.47,23.1048
126,0.0009,0.0005,100.0,518.67,642.36,1590.39,1403.2,14.62,21.61,553.62,2388.07,9061.52,1.3,47.29,522.07,2388.08,8145.09,8.4022,0.03,392,2388,100.0,39.05,23.2746
73,-0.0024,0.0001,100.0,518.67,642.84,1595.12,1411.97,14.62,21.61,553.55,2388.1,9040.62,1.3,47.44,521.1,2388.1,8120.54,8.4772,0.03,394,2388,100.0,38.75,23.2638
262,-0.0044,0.0,100.0,518.67,643.52,1606.63,1427.59,14.62,21.61,551.91,2388.14,9134.04,1.3,47.85,520.53,2388.18,8202.03,8.5447,0.03,396,2388,100.0,38.42,23.1534
187,-0.0001,-0.0002,100.0,518.67,642.62,1599.39,1413.47,14.62,21.61,554.13,2388.04,9118.25,1.3,47.52,521.57,2388.07,8191.67,8.4314,0.03,394,2388,100.0,38.78,23.3541
85,0.0032,-0.0004,100.0,518.67,642.12,1580.62,1402.36,14.62,21.61,553.34,2388.07,9061.74,1.3,47.41,521.64,2388.02,8147.8,8.4204,0.03,393,2388,100.0,38.83,23.4441
42,0.0016,0.0002,100.0,518.67,642.12,1581.07,1404.24,14.62,21.61,553.64,2388.08,9062.71,1.3,47.37,521.8,2388.08,8141.96,8.4318,0.03,394,2388,100.0,39.04,23.3231
60,-0.0017,-0.0004,100.0,518.67,642.25,1596.61,1413.02,14.62,21.61,553.21,2388.14,9052.12,1.3,47.72,521.49,2388.12,8129.47,8.4115,0.03,394,2388,100.0,38.75,23.3122
121,-0.0015,0.0002,100.0,518.67,642.98,1594.55,1417.41,14.62,21.61,551.98,2388.18,9045.17,1.3,47.95,520.03,2388.23,8123.03,8.4754,0.03,394,2388,100.0,38.56,23.2132
23,-0.0008,0.0002,100.0,518.67,642.09,1577.46,1393.88,14.62,21.61,554.33,2387.97,9054.54,1.3,47.13,522.87,2388.01,8142.43,8.4198,0.03,391,2388,100.0,38.89,23.4135
232,-0.0006,-0.0002,100.0,518.67,642.92,1589.88,1403.38,14.62,21.61,553.66,2388.12,9059.72,1.3,47.54,521.55,2388.11,8135.2,8.4359,0.03,392,2388,100.0,38.76,23.2917
259,-0.0004,-0.0,100.0,518.67,644.11,1593.8,1421.9,14.62,21.61,552.41,2388.18,9081.07,1.3,47.82,520.29,2388.13,8160.1,8.4978,0.03,396,2388,100.0,38.31,23.1363
93,-0.004,0.0003,100.0,518.67,642.68,1596.87,1414.28,14.62,21.61,552.61,2388.15,9040.98,1.3,47.65,520.68,2388.16,8130.6,8.4524,0.03,394,2388,100.0,38.84,23.1542
59,-0.0021,-0.0005,100.0,518.67,642.75,1588.77,1402.77,14.62,21.61,553.94,2388.13,9049.83,1.3,47.39,522.19,2388.11,8130.28,8.413,0.03,393,2388,100.0,38.83,23.3805
1,-0.001,-0.0002,100.0,518.67,641.94,1594.32,1405.5,14.62,21.61,554.14,2388.07,9051.55,1.3,47.46,520.87,2388.11,8131.99,8.4393,0.03,392,2388,100.0,38.76,23.3793
58,-0.0001,0.0001,100.0,518.67,642.63,1589.69,1406.58,14.62,21.61,552.93,2388.15,9055.06,1.3,47.49,521.41,2388.14,8132.03,8.4663,0.03,394,2388,100.0,38.66,23.1991
153,0.0008,-0.0003,100.0,518.67,643.29,1601.55,1422.36,14.62,21.61,551.82,2388.21,9054.75,1.3,47.84,519.87,2388.26,8130.64,8.5108,0.03,394,2388,100.0,38.64,23.1301
254,0.0012,0.0001,100.0,518.67,642.75,1587.43,1416.38,14.62,21.61,552.48,2388.12,9064.29,1.3,47.9,520.31,2388.12,8138.78,8.4766,0.03,394,2388,100.0,38.59,23.1635
131,0.0034,0.0,100.0,518.67,642.42,1588.11,1415.53,14.62,21.61,553.26,2388.04,9069.6,1.3,47.7,520.87,2388.09,8154.82,8.469,0.03,392,2388,100.0,38.78,23.266
136,-0.0005,0.0003,100.0,518.67,642.03,1585.65,1399.82,14.62,21.61,554.85,2388.08,9077.75,1.3,47.36,521.57,2388.0,8140.73,8.4335,0.03,393,2388,100.0,38.97,23.5463
192,-0.0014,0.0003,100.0,518.67,643.57,1598.71,1422.94,14.62,21.61,552.31,2388.11,9119.14,1.3,47.82,520.75,2388.12,8191.78,8.469,0.03,396,2388,100.0,38.55,23.0794
204,0.002,0.0,100.0,518.67,643.34,1587.42,1418.81,14.62,21.61,552.44,2388.07,9146.09,1.3,47.54,521.44,2388.05,8216.44,8.4793,0.03,396,2388,100.0,38.74,23.2117
126,0.0031,-0.0003,100.0,518.67,643.36,1598.07,1410.26,14.62,21.61,552.96,2388.09,9063.96,1.3,47.66,521.07,2388.13,8143.02,8.4716,0.03,393,2388,100.0,38.86,23.241
58,0.0009,-0.0002,100.0,518.67,642.25,1584.98,1403.11,14.62,21.61,555.15,2388.02,9053.93,1.3,47.25,522.61,2387.95,8142.66,8.3839,0.03,393,2388,100.0,39.02,23.5089
110,0.0014,-0.0003,100.0,518.67,642.28,1586.12,1401.54,14.62,21.61,554.52,2388.03,9059.82,1.3,47.57,521.56,2388.03,8137.15,8.4099,0.03,392,2388,100.0,38.9,23.2249
94,0.0016,-0.0002,100.0,518.67,642.29,1586.88,1399.23,14.62,21.61,554.24,2387.98,9057.75,1.3,47.27,522.35,2387.96,8135.45,8.4748,0.03,392,2388,100.0,39.11,23.5011
168,-0.0005,0.0,100.0,518.67,643.95,1599.55,1428.01,14.62,21.61,551.52,2388.32,9039.08,1.3,48.13,519.34,2388.37,8117.61,8.4846,0.03,395,2388,100.0,38.41,23.1322
211,-0.0016,0.0002,100.0,518.67,643.47,1597.16,1419.52,14.62,21.61,552.1,2388.19,9105.75,1.3,48.06,520.81,2388.12,8172.44,8.453,0.03,395,2388,100.0,38.42,23.2101
167,-0.0057,0.0003,100.0,518.67,643.58,1602.02,1422.57,14.62,21.61,551.68,2388.16,9085.74,1.3,47.96,519.95,2388.19,8161.46,8.5057,0.03,397,2388,100.0,38.62,23.1322
165,-0.0012,-0.0004,100.0,518.67,642.96,1593.1,1408.09,14.62,21.61,552.55,2388.09,9085.53,1.3,47.68,521.91,2388.2,8146.41,8.4479,0.03,393,2388,100.0,38.69,23.2733
76,0.0018,0.0005,100.0,518.67,643.23,1587.38,1412.78,14.62,21.61,552.38,2388.16,9037.99,1.3,47.69,520.38,2388.12,8121.6,8.4449,0.03,393,2388,100.0,38.74,23.2642
134,0.0006,-0.0,100.0,518.67,642.57,1583.3,1397.33,14.62,21.61,553.66,2388.11,9061.55,1.3,47.52,521.35,2388.06,8131.16,8.4224,0.03,393,2388,100.0,38.78,23.3362
145,-0.0,0.0003,100.0,518.67,643.56,1599.55,1423.96,14.62,21.61,551.38,2388.12,9118.9,1.3,48.07,520.74,2388.14,8185.61,8.5521,0.03,395,2388,100.0,38.69,23.15
173,-0.0016,0.0005,100.0,518.67,642.74,1583.96,1414.52,14.62,21.61,552.65,2388.05,9072.45,1.3,47.55,520.94,2388.07,8154.03,8.4217,0.03,396,2388,100.0,38.8,23.3128
151,-0.0001,-0.0002,100.0,518.67,642.95,1594.61,1417.77,14.62,21.61,552.47,2388.1,9078.0,1.3,47.65,520.82,2388.12,8156.01,8.4636,0.03,396,2388,100.0,38.53,23.2487
87,-0.0032,-0.0001,100.0,518.67,642.54,1585.19,1398.61,14.62,21.61,554.57,2388.01,9065.1,1.3,47.24,522.33,2388.01,8142.62,8.4166,0.03,392,2388,100.0,38.99,23.4356
143,0.0003,-0.0002,100.0,518.67,642.71,1593.85,1409.66,14.62,21.61,552.72,2388.12,9061.56,1.3,47.64,521.37,2388.06,8141.76,8.4357,0.03,394,2388,100.0,38.71,23.1922
70,-0.0018,0.0001,100.0,518.67,642.77,1588.93,1413.65,14.62,21.61,553.3,2388.13,9048.0,1.3,47.37,521.3,2388.12,8130.88,8.4617,0.03,392,2388,100.0,38.92,23.3295
138,0.0028,-0.0004,100.0,518.67,643.3,1600.93,1419.12,14.62,21.61,552.41,2388.16,9052.86,1.3,47.94,521.02,2388.18,8133.11,8.51,0.03,394,2388,100.0,38.43,23.1726
154,-0.0024,0.0004,100.0,518.67,643.0,1591.31,1408.13,14.62,21.61,553.43,2388.07,9096.5,1.3,47.49,521.97,2388.05,8182.84,8.4023,0.03,392,2388,100.0,38.93,23.2865
153,-0.0007,-0.0003,100.0,518.67,643.44,1597.64,1424.47,14.62,21.61,552.65,2388.16,9043.85,1.3,48.22,520.13,2388.24,8121.13,8.4952,0.03,394,2388,100.0,38.57,23.2405
49,0.0031,-0.0003,100.0,518.67,642.2,1579.41,1393.43,14.62,21.61,554.86,2388.0,9062.79,1.3,47.13,521.8,2388.03,8143.36,8.4061,0.03,391,2388,100.0,38.85,23.3193
224,-0.0018,0.0001,100.0,518.67,643.67,1601.78,1419.34,14.62,21.61,551.28,2388.25,9028.94,1.3,48.32,519.56,2388.31,8116.15,8.5208,0.03,396,2388,100.0,38.32,23.0523
248,0.0009,0.0002,100.0,518.67,643.03,1599.03,1417.35,14.62,21.61,552.62,2388.19,9080.49,1.3,47.98,520.42,2388.15,8158.02,8.5077,0.03,394,2388,100.0,38.52,23.1564
125,-0.0014,-0.0001,100.0,518.67,641.78,1587.36,1401.62,14.62,21.61,554.73,2388.06,9066.57,1.3,47.37,522.09,2387.99,8148.84,8.3653,0.03,391,2388,100.0,38.98,23.3872
103,-0.0012,0.0,100.0,518.67,641.91,1584.21,1402.82,14.62,21.61,554.44,2387.98,9069.21,1.3,47.36,522.0,2388.04,8150.45,8.4417,0.03,392,2388,100.0,38.94,23.2994
189,-0.0006,0.0002,100.0,518.67,644.18,1596.17,1428.01,14.62,21.61,550.7,2388.27,9044.55,1.3,48.08,519.58,2388.33,8117.51,8.5183,0.03,395,2388,100.0,38.48,23.1127
148,-0.0018,-0.0001,100.0,518.67,643.09,1593.59,1418.28,14.62,21.61,553.32,2388.1,9092.25,1.3,47.67,521.91,2388.07,8171.39,8.4355,0.03,393,2388,100.0,38.88,23.2993
125,-0.0008,-0.0003,100.0,518.67,643.73,1596.02,1428.69,14.62,21.61,552.19,2388.25,9034.23,1.3,48.05,520.3,2388.24,8111.17,8.4859,0.03,395,2388,100.0,38.61,23.1055
97,0.0022,0.0005,100.0,518.67,641.98,1588.9,1406.27,14.62,21.61,553.79,2388.03,9056.62,1.3,47.14,522.42,2388.02,8134.87,8.4119,0.03,392,2388,100.0,39.04,23.3906
130,-0.0006,0.0,100.0,518.67,642.57,1584.08,1410.11,14.62,21.61,553.51,2388.1,9089.67,1.3,47.53,521.55,2388.09,8168.38,8.4656,0.03,392,2388,100.0,38.85,23.322
24,-0.0027,-0.0002,100.0,518.67,642.68,1583.76,1396.06,14.62,21.6,554.07,2387.98,9068.84,1.3,47.2,522.3,2388.06,8142.22,8.3667,0.03,390,2388,100.0,38.94,23.3466
121,-0.0005,-0.0002,100.0,518.67,642.81,1588.5,1422.45,14.62,21.61,552.92,2388.13,9071.14,1.3,47.68,521.18,2388.13,8146.29,8.4361,0.03,394,2388,100.0,38.68,23.1697
59,-0.0007,0.0001,100.0,518.67,642.49,1587.03,1402.82,14.62,21.61,554.33,2388.05,9067.53,1.3,47.44,522.35,2388.01,8139.9,8.4218,0.03,392,2388,100.0,38.85,23.3302
179,0.003,-0.0002,100.0,518.67,643.54,1603.55,1423.67,14.62,21.61,550.96,2388.28,9043.93,1.3,48.27,519.84,2388.37,8119.37,8.5452,0.03,395,2388,100.0,38.64,23.0212
215,-0.0024,-0.0001,100.0,518.67,643.34,1594.58,1418.44,14.62,21.61,551.59,2388.21,9062.7,1.3,47.92,520.53,2388.22,8137.86,8.4852,0.03,398,2388,100.0,38.58,23.2726
45,-0.003,-0.0003,100.0,518.67,642.71,1595.96,1417.33,14.62,21.61,553.71,2388.11,9045.2,1.3,47.5,521.14,2388.12,8125.81,8.4419,0.03,393,2388,100.0,38.79,23.2857
97,0.0,0.0003,100.0,518.67,642.85,1590.23,1412.59,14.62,21.61,552.91,2388.16,9041.37,1.3,47.57,520.72,2388.09,8131.0,8.4448,0.03,394,2388,100.0,38.76,23.3442
186,-0.0031,-0.0002,100.0,518.67,643.58,1597.97,1425.29,14.62,21.61,551.75,2388.14,9134.14,1.3,47.88,520.39,2388.16,8196.38,8.474,0.03,396,2388,100.0,38.56,23.1217
104,-0.0038,-0.0003,100.0,518.67,642.66,1586.58,1417.13,14.62,21.61,553.28,2388.15,9051.34,1.3,47.74,520.96,2388.12,8136.43,8.4525,0.03,394,2388,100.0,38.73,23.2646
27,0.0006,0.0005,100.0,518.67,642.12,1585.44,1402.31,14.62,21.61,555.16,2388.03,9058.01,1.3,47.03,522.11,2388.06,8137.73,8.4077,0.03,392,2388,100.0,38.96,23.4275
105,0.0002,0.0002,100.0,518.67,642.79,1593.2,1416.14,14.62,21.61,552.83,2388.16,9047.89,1.3,47.74,521.26,2388.15,8126.11,8.4636,0.03,393,2388,100.0,38.63,23.2653
169,-0.0004,0.0003,100.0,518.67,642.26,1581.85,1406.06,14.62,21.61,553.06,2388.06,9059.37,1.3,47.33,521.77,2388.09,8141.96,8.4214,0.03,391,2388,100.0,38.93,23.3766
176,-0.0013,-0.0004,100.0,518.67,643.17,1598.07,1416.81,14.62,21.61,552.38,2388.17,9068.33,1.3,47.72,520.34,2388.22,8144.84,8.4588,0.03,395,2388,100.0,38.76,23.1601
68,0.001,-0.0004,100.0,518.67,643.14,1584.12,1415.83,14.62,21.61,553.32,2388.09,9046.75,1.3,47.33,521.08,2388.1,8127.79,8.4388,0.03,394,2388,100.0,38.66,23.3793
97,0.0003,-0.0002,100.0,518.67,642.25,1581.34,1405.52,14.62,21.61,554.0,2388.0,9055.23,1.3,47.3,522.13,2388.04,8139.72,8.4229,0.03,391,2388,100.0,39.06,23.3329
136,0.001,-0.0003,100.0,518.67,642.06,1582.91,1402.67,14.62,21.61,554.5,2388.05,9056.59,1.3,47.09,521.86,2387.99,8142.13,8.3889,0.03,389,2388,100.0,39.0,23.4236
53,-0.0008,-0.0001,100.0,518.67,642.32,1590.99,1409.69,14.62,21.61,553.98,2388.07,9069.89,1.3,47.36,522.31,2388.07,8144.54,8.4061,0.03,394,2388,100.0,38.91,23.354
121,-0.0,0.0003,100.0,518.67,643.11,1594.33,1417.67,14.62,21.61,553.44,2388.12,9056.15,1.3,47.64,521.07,2388.12,8130.16,8.4469,0.03,394,2388,100.0,38.72,23.2883
104,-0.0006,0.0002,100.0,518.67,642.8,1590.26,1411.59,14.62,21.61,553.29,2388.12,9079.04,1.3,47.64,521.37,2388.06,8151.72,8.4773,0.03,393,2388,100.0,38.84,23.2414
145,0.0036,-0.0005,100.0,518.67,643.36,1591.29,1412.79,14.62,21.61,552.78,2388.16,9081.27,1.3,47.85,520.97,2388.06,8149.53,8.4581,0.03,396,2388,100.0,38.56,23.1519
149,0.0039,-0.0002,100.0,518.67,642.96,1599.58,1416.69,14.62,21.61,553.65,2388.1,9058.61,1.3,47.5,521.57,2388.15,8140.97,8.4603,0.03,393,2388,100.0,38.96,23.3478
68,-0.0049,0.0002,100.0,518.67,643.13,1592.02,1409.43,14.62,21.61,553.16,2388.12,9049.47,1.3,47.54,520.89,2388.18,8125.26,8.4225,0.03,394,2388,100.0,38.86,23.3131
127,-0.0006,-0.0003,100.0,518.67,642.33,1579.33,1410.12,14.62,21.61,553.98,2387.95,9070.64,1.3,47.28,521.68,2388.03,8152.82,8.441,0.03,393,2388,100.0,39.01,23.351
61,-0.002,0.0,100.0,518.67,642.48,1584.18,1409.68,14.62,21.61,553.54,2388.08,9056.54,1.3,47.4,521.35,2388.1,8143.85,8.4483,0.03,392,2388,100.0,38.87,23.2895
59,0.0024,0.0001,100.0,518.67,642.13,1585.0,1398.72,14.62,21.61,554.46,2388.0,9072.67,1.3,47.18,522.11,2388.05,8145.31,8.3847,0.03,392,2388,100.0,38.98,23.3135
64,0.0022,0.0002,100.0,518.67,642.8,1592.07,1402.07,14.62,21.61,553.46,2388.08,9053.94,1.3,47.53,521.86,2388.1,8136.91,8.4536,0.03,394,2388,100.0,38.78,23.2062
48,-0.0047,-0.0004,100.0,518.67,642.12,1588.77,1395.26,14.62,21.61,554.4,2387.99,9060.49,1.3,47.26,522.08,2388.03,8137.73,8.4192,0.03,393,2388,100.0,39.06,23.2875
92,0.0011,-0.0003,100.0,518.67,642.97,1592.3,1404.11,14.62,21.61,552.9,2388.14,9060.41,1.3,47.8,520.49,2388.15,8137.97,8.4608,0.03,393,2388,100.0,38.66,23.2315
171,0.002,-0.0004,100.0,518.67,642.5,1597.58,1413.44,14.62,21.61,553.7,2388.01,9067.38,1.3,47.58,521.55,2388.11,8152.38,8.4055,0.03,392,2388,100.0,38.88,23.3681
98,-0.0008,0.0005,100.0,518.67,642.52,1589.76,1409.98,14.62,21.61,553.35,2388.14,9060.92,1.3,47.77,521.13,2388.04,8135.83,8.4606,0.03,393,2388,100.0,38.81,23.2063
96,0.0004,0.0003,100.0,518.67,642.09,1585.58,1411.03,14.62,21.61,554.38,2388.0,9059.49,1.3,47.23,522.21,2388.05,8145.95,8.4467,0.03,393,2388,100.0,39.12,23.4229
70,0.0027,-0.0001,100.0,518.67,642.73,1599.06,1404.95,14.62,21.61,553.53,2388.17,9058.52,1.3,47.56,520.91,2388.15,8133.12,8.4668,0.03,392,2388,100.0,38.76,23.3064
206,-0.0016,0.0002,100.0,518.67,643.36,1596.39,1414.57,14.62,21.61,552.65,2388.11,9067.71,1.3,47.89,520.77,2388.1,8155.46,8.4799,0.03,394,2388,100.0,38.56,23.2333
104,0.001,-0.0002,100.0,518.67,642.76,1594.99,1416.7,14.62,21.61,553.03,2388.13,9046.2,1.3,47.66,521.16,2388.22,8123.86,8.4696,0.03,395,2388,100.0,38.69,23.3088
35,-0.0042,-0.0004,100.0,518.67,641.89,1586.02,1394.03,14.62,21.61,554.35,2388.0,9054.58,1.3,47.14,522.31,2387.99,8134.15,8.4024,0.03,394,2388,100.0,39.0,23.3953
143,-0.0033,0.0,100.0,518.67,642.97,1597.63,1415.83,14.62,21.61,552.81,2388.1,9085.6,1.3,47.76,520.57,2388.1,8166.44,8.4619,0.03,392,2388,100.0,38.7,23.1373
130,0.0012,-0.0003,100.0,518.67,642.98,1594.42,1404.66,14.62,21.61,553.51,2388.09,9078.63,1.3,47.5,521.68,2388.11,8154.28,8.4407,0.03,392,2388,100.0,38.68,23.198
36,0.0007,-0.0004,100.0,518.67,642.07,1595.45,1401.54,14.62,21.61,553.94,2388.04,9065.98,1.3,47.18,522.28,2387.96,8144.64,8.4215,0.03,393,2388,100.0,39.1,23.3164
57,-0.0008,0.0002,100.0,518.67,642.3,1582.75,1393.11,14.62,21.61,554.17,2387.96,9053.35,1.3,47.06,522.54,2387.98,8143.12,8.3668,0.03,393,2388,100.0,39.1,23.3244
93,0.0005,0.0003,100.0,518.67,642.08,1591.47,1405.21,14.62,21.61,553.49,2388.03,9077.37,1.3,47.26,522.51,2387.98,8150.27,8.3908,0.03,390,2388,100.0,38.97,23.4075
194,0.0002,-0.0001,100.0,518.67,643.74,1602.99,1425.86,14.62,21.61,551.42,2388.27,9063.27,1.3,48.08,519.58,2388.24,8130.93,8.549,0.03,395,2388,100.0,38.58,23.0638
3,-0.0002,-0.0004,100.0,518.67,641.96,1586.33,1396.56,14.62,21.6,555.45,2387.98,9048.37,1.3,47.12,522.93,2388.07,8138.47,8.3995,0.03,390,2388,100.0,39.09,23.4523
107,0.0017,0.0003,100.0,518.67,642.56,1588.92,1410.89,14.62,21.61,552.87,2388.14,9062.07,1.3,47.66,521.11,2388.14,8136.64,8.4372,0.03,393,2388,100.0,38.67,23.2237
274,-0.0013,0.0002,100.0,518.67,642.52,1600.44,1411.3,14.62,21.61,552.28,2388.16,9051.55,1.3,47.65,520.49,2388.18,8136.55,8.4082,0.03,394,2388,100.0,38.93,23.3377
163,-0.0022,-0.0004,100.0,518.67,641.95,1590.62,1398.22,14.62,21.61,553.91,2388.06,9075.71,1.3,47.51,521.97,2388.06,8150.8,8.4407,0.03,393,2388,100.0,38.91,23.3253
60,-0.0013,-0.0001,100.0,518.67,642.44,1589.24,1416.54,14.62,21.61,553.12,2388.03,9070.84,1.3,47.32,521.79,2388.02,8144.09,8.4086,0.03,392,2388,100.0,38.86,23.3714
33,0.0024,0.0002,100.0,518.67,642.36,1586.39,1408.79,14.62,21.61,553.76,2388.14,9042.0,1.3,47.5,521.88,2388.08,8131.86,8.4183,0.03,393,2388,100.0,38.91,23.2622
136,0.0016,0.0002,100.0,518.67,643.58,1599.97,1415.55,14.62,21.61,553.37,2388.09,9090.81,1.3,47.68,520.64,2388.12,8154.86,8.4787,0.03,395,2388,100.0,38.76,23.2007
32,0.0016,0.0005,100.0,518.67,642.8,1588.21,1404.26,14.62,21.61,553.55,2388.06,9061.85,1.3,47.3,521.6,2388.08,8142.91,8.4452,0.03,392,2388,100.0,38.74,23.2932
138,0.0004,-0.0004,100.0,518.67,642.95,1591.72,1412.68,14.62,21.61,553.31,2388.12,9057.54,1.3,47.55,521.15,2388.11,8135.19,8.4393,0.03,392,2388,100.0,38.93,23.3196
47,-0.0012,-0.0001,100.0,518.67,642.52,1596.73,1409.98,14.62,21.61,553.49,2388.15,9040.61,1.3,47.61,521.16,2388.14,8122.14,8.4817,0.03,393,2388,100.0,38.9,23.272
115,0.0011,-0.0,100.0,518.67,642.73,1581.93,1410.58,14.62,21.61,552.68,2388.19,9048.77,1.3,47.63,520.97,2388.14,8134.24,8.4493,0.03,394,2388,100.0,38.73,23.2831
52,0.0031,0.0003,100.0,518.67,642.05,1589.38,1392.05,14.62,21.61,554.4,2387.99,9065.4,1.3,47.37,522.17,2388.01,8147.35,8.4303,0.03,391,2388,100.0,38.83,23.4014
16,0.0014,-0.0004,100.0,518.67,643.08,1594.84,1405.9,14.62,21.61,554.13,2388.09,9061.88,1.3,47.32,521.63,2388.08,8136.78,8.4041,0.03,393,2388,100.0,38.97,23.2768
122,-0.0011,0.0004,100.0,518.67,642.7,1584.04,1409.04,14.62,21.61,552.65,2388.15,9045.59,1.3,47.62,521.29,2388.16,8118.13,8.4174,0.03,392,2388,100.0,38.86,23.2898
127,0.0002,-0.0002,100.0,518.67,642.69,1589.56,1400.51,14.62,21.61,553.63,2388.06,9066.51,1.3,47.44,521.36,2388.11,8147.79,8.452,0.03,393,2388,100.0,38.79,23.3247
103,-0.0043,-0.0003,100.0,518.67,642.91,1599.13,1410.29,14.62,21.61,553.3,2388.09,9042.37,1.3,47.58,521.43,2388.12,8121.94,8.401,0.03,393,2388,100.0,38.87,23.3257
123,0.0002,-0.0002,100.0,518.67,642.17,1582.85,1408.4,14.62,21.61,554.05,2388.08,9063.35,1.3,47.27,521.77,2388.02,8142.79,8.4253,0.03,393,2388,100.0,38.85,23.3931
165,-0.0025,0.0003,100.0,518.67,642.93,1590.32,1411.59,14.62,21.61,553.43,2388.11,9052.22,1.3,47.47,521.46,2388.16,8133.73,8.4636,0.03,394,2388,100.0,38.73,23.2484
32,0.0006,-0.0004,100.0,518.67,642.54,1583.83,1396.26,14.62,21.61,553.75,2388.01,9058.88,1.3,47.27,521.63,2388.04,8137.36,8.4476,0.03,392,2388,100.0,38.94,23.3449
108,0.0013,0.0002,100.0,518.67,642.06,1583.94,1399.22,14.62,21.61,554.39,2388.05,9055.59,1.3,47.22,521.83,2388.07,8135.57,8.4221,0.03,393,2388,100.0,38.95,23.387
82,-0.0033,0.0004,100.0,518.67,642.8,1574.88,1402.7,14.62,21.61,554.61,2388.02,9058.68,1.3,47.15,522.71,2388.06,8136.11,8.3809,0.03,392,2388,100.0,38.91,23.2813
187,-0.0018,-0.0004,100.0,518.67,643.66,1597.73,1431.95,14.62,21.61,551.39,2388.21,9088.75,1.3,48.02,520.29,2388.21,8153.27,8.5203,0.03,395,2388,100.0,38.52,23.0518
209,-0.0022,0.0004,100.0,518.67,642.79,1592.08,1418.53,14.62,21.61,553.15,2388.09,9105.93,1.3,47.89,521.57,2388.08,8177.4,8.4461,0.03,395,2388,100.0,38.86,23.1302
42,0.0005,-0.0004,100.0,518.67,642.12,1584.66,1401.38,14.62,21.61,553.94,2388.08,9057.06,1.3,47.49,522.23,2388.05,8130.88,8.4137,0.03,392,2388,100.0,39.0,23.375
112,-0.0014,-0.0002,100.0,518.67,643.11,1591.99,1407.55,14.62,21.61,553.35,2388.11,9061.1,1.3,47.58,521.3,2388.09,8140.43,8.4796,0.03,394,2388,100.0,38.66,23.3286
134,-0.0011,-0.0003,100.0,518.67,642.67,1588.91,1413.19,14.62,21.61,553.36,2388.1,9073.19,1.3,47.54,520.8,2388.1,8151.48,8.4653,0.03,396,2388,100.0,38.59,23.2933
171,0.0019,0.0,100.0,518.67,642.35,1583.32,1410.58,14.62,21.61,553.38,2388.08,9070.39,1.3,47.3,521.58,2388.09,8141.82,8.4206,0.03,393,2388,100.0,39.0,23.3274
129,0.0027,-0.0004,100.0,518.67,642.87,1593.23,1415.28,14.62,21.61,553.68,2388.07,9074.97,1.3,47.55,521.68,2388.11,8150.11,8.4213,0.03,394,2388,100.0,38.73,23.2198
165,-0.0026,-0.0002,100.0,518.67,641.79,1591.36,1406.71,14.62,21.61,553.8,2388.05,9060.84,1.3,47.54,521.49,2388.11,8145.36,8.4254,0.03,393,2388,100.0,38.87,23.3645
132,-0.0019,0.0004,100.0,518.67,643.06,1595.34,1415.01,14.62,21.61,553.18,2388.17,9045.07,1.3,47.69,520.77,2388.14,8127.56,8.4841,0.03,394,2388,100.0,38.69,23.2147
182,0.0004,-0.0002,100.0,518.67,643.59,1595.18,1426.6,14.62,21.61,552.48,2388.15,9079.29,1.3,47.68,520.31,2388.17,8151.9,8.4869,0.03,396,2388,100.0,38.62,23.2242
135,-0.0042,0.0005,100.0,518.67,642.46,1581.75,1400.67,14.62,21.61,553.71,2388.05,9062.22,1.3,47.29,522.29,2388.07,8146.17,8.3862,0.03,392,2388,100.0,38.95,23.3298
138,-0.0033,0.0002,100.0,518.67,642.34,1592.09,1409.56,14.62,21.61,552.96,2388.17,9059.42,1.3,47.65,521.16,2388.16,8135.41,8.457,0.03,394,2388,100.0,38.83,23.3225
126,0.0003,0.0003,100.0,518.67,643.05,1595.42,1416.7,14.62,21.61,552.83,2388.18,9054.96,1.3,47.91,520.36,2388.17,8134.32,8.4762,0.03,394,2388,100.0,38.68,23.1765
159,0.0016,-0.0001,100.0,518.67,642.33,1591.55,1403.24,14.62,21.61,553.57,2388.11,9050.51,1.3,47.5,521.66,2388.1,8142.78,8.4563,0.03,393,2388,100.0,38.76,23.222
178,0.0013,-0.0,100.0,518.67,642.55,1599.13,1410.31,14.62,21.61,552.5,2388.1,9062.08,1.3,47.62,521.33,2388.09,8139.39,8.436,0.03,393,2388,100.0,38.94,23.251
66,-0.002,-0.0,100.0,518.67,642.63,1586.69,1410.05,14.62,21.61,553.41,2388.11,9059.07,1.3,47.27,521.92,2388.09,8140.02,8.4461,0.03,393,2388,100.0,38.76,23.2552
93,0.0007,0.0002,100.0,518.67,642.39,1590.18,1407.21,14.62,21.61,553.35,2388.12,9057.96,1.3,47.56,521.93,2388.08,8139.9,8.4281,0.03,392,2388,100.0,38.68,23.3493
43,-0.001,0.0002,100.0,518.67,642.22,1591.15,1401.26,14.62,21.61,553.76,2388.04,9052.57,1.3,47.25,522.52,2388.0,8136.14,8.3858,0.03,391,2388,100.0,38.96,23.3464
68,-0.0006,-0.0003,100.0,518.67,642.72,1591.46,1404.84,14.62,21.61,552.79,2388.1,9053.15,1.3,47.53,521.77,2388.15,8129.3,8.434,0.03,393,2388,100.0,38.82,23.2709
108,0.0031,-0.0001,100.0,518.67,642.53,1596.06,1401.95,14.62,21.61,553.94,2388.1,9057.76,1.3,47.32,521.6,2388.04,8144.56,8.4335,0.03,392,2388,100.0,38.92,23.2729
161,0.0019,-0.0,100.0,518.67,643.27,1604.36,1419.95,14.62,21.61,552.61,2388.08,9092.28,1.3,47.67,520.82,2388.1,8160.21,8.443,0.03,394,2388,100.0,38.48,23.2537
106,-0.0018,-0.0005,100.0,518.67,643.09,1592.15,1405.52,14.62,21.61,553.08,2388.06,9066.7,1.3,47.54,521.06,2388.12,8146.24,8.4437,0.03,394,2388,100.0,38.65,23.3943
15,-0.0034,-0.0001,100.0,518.67,642.96,1591.16,1409.03,14.62,21.61,553.47,2388.09,9063.58,1.3,47.77,520.82,2388.09,8131.34,8.465,0.03,392,2388,100.0,38.79,23.1692
39,-0.004,0.0004,100.0,518.67,642.44,1593.23,1413.65,14.62,21.61,553.35,2388.13,9046.5,1.3,47.51,520.9,2388.15,8125.4,8.4423,0.03,393,2388,100.0,38.67,23.2188
75,0.002,0.0,100.0,518.67,642.87,1588.77,1415.56,14.62,21.61,552.88,2388.08,9058.67,1.3,47.6,521.36,2388.12,8132.59,8.4545,0.03,393,2388,100.0,38.77,23.2344
122,-0.0014,-0.0001,100.0,518.67,643.83,1599.38,1432.9,14.62,21.61,551.45,2388.23,9035.77,1.3,48.08,519.73,2388.33,8110.95,8.4953,0.03,394,2388,100.0,38.62,23.1146
3,0.0006,-0.0004,100.0,518.67,642.13,1583.81,1396.23,14.62,21.6,554.32,2388.01,9066.04,1.3,47.27,521.84,2387.99,8139.99,8.3898,0.03,391,2388,100.0,39.1,23.5312
25,0.0013,0.0002,100.0,518.67,641.9,1583.38,1399.16,14.62,21.61,554.18,2388.02,9058.81,1.3,47.36,522.76,2387.94,8147.42,8.372,0.03,393,2388,100.0,39.15,23.5212
165,0.0005,0.0003,100.0,518.67,642.37,1594.24,1415.13,14.62,21.61,552.43,2388.16,9062.21,1.3,47.71,520.75,2388.13,8139.5,8.493,0.03,395,2388,100.0,38.66,23.2438
203,-0.0027,0.0001,100.0,518.67,644.13,1602.22,1433.01,14.62,21.61,551.32,2388.27,9041.64,1.3,48.09,519.67,2388.31,8115.21,8.488,0.03,395,2388,100.0,38.33,23.1111
109,0.0017,0.0004,100.0,518.67,642.13,1590.81,1404.35,14.62,21.61,553.15,2388.08,9066.38,1.3,47.49,521.74,2388.08,8147.23,8.4188,0.03,394,2388,100.0,38.73,23.2951
73,-0.0027,0.0,100.0,518.67,641.81,1589.23,1401.56,14.62,21.61,554.98,2388.0,9056.93,1.3,47.26,522.59,2388.05,8139.82,8.3749,0.03,392,2388,100.0,38.95,23.4929
188,-0.0004,-0.0002,100.0,518.67,642.79,1594.86,1422.6,14.62,21.61,553.14,2388.07,9092.04,1.3,47.87,520.79,2388.14,8160.44,8.4657,0.03,395,2388,100.0,38.85,23.1549
67,0.0008,0.0001,100.0,518.67,643.05,1589.46,1407.97,14.62,21.61,553.48,2388.06,9065.02,1.3,47.39,521.46,2388.05,8140.76,8.4314,0.03,393,2388,100.0,38.77,23.3704
139,0.0009,-0.0005,100.0,518.67,643.28,1591.23,1418.23,14.62,21.61,552.38,2388.14,9039.41,1.3,47.94,521.03,2388.12,8117.46,8.4807,0.03,393,2388,100.0,38.61,23.152
132,0.0033,-0.0003,100.0,518.67,642.95,1592.71,1419.52,14.62,21.61,552.51,2388.05,9094.23,1.3,47.85,520.9,2388.09,8165.49,8.4794,0.03,395,2388,100.0,38.67,23.1766
15,-0.0021,-0.0004,100.0,518.67,642.25,1579.36,1393.54,14.62,21.61,554.83,2387.96,9058.21,1.3,47.18,521.83,2388.02,8148.24,8.3826,0.03,392,2388,100.0,39.08,23.4616
62,-0.0007,0.0001,100.0,518.67,643.14,1590.7,1403.58,14.62,21.61,553.08,2388.11,9046.72,1.3,47.58,521.39,2388.07,8127.76,8.4275,0.03,393,2388,100.0,38.73,23.3659
28,-0.0002,-0.0001,100.0,518.67,642.6,1584.15,1407.58,14.62,21.61,553.64,2388.08,9054.48,1.3,47.53,521.37,2388.08,8133.1,8.3979,0.03,394,2388,100.0,38.79,23.2776
53,0.0047,-0.0,100.0,518.67,642.13,1584.49,1400.43,14.62,21.61,553.53,2388.05,9063.24,1.3,47.29,522.26,2388.03,8144.72,8.3792,0.03,394,2388,100.0,38.83,23.353
142,0.0017,-0.0004,100.0,518.67,642.13,1583.6,1406.34,14.62,21.61,553.05,2388.09,9067.56,1.3,47.52,521.21,2388.06,8150.45,8.4627,0.03,395,2388,100.0,38.84,23.3417
162,0.0,0.0005,100.0,518.67,643.02,1594.85,1410.34,14.62,21.61,553.92,2388.04,9055.64,1.3,47.29,521.79,2388.15,8133.29,8.4432,0.03,392,2388,100.0,39.01,23.3423
21,-0.0009,0.0001,100.0,518.67,642.0,1589.19,1393.77,14.62,21.6,554.58,2388.02,9054.31,1.3,47.15,522.12,2388.04,8136.81,8.3887,0.03,392,2388,100.0,39.23,23.4249
125,0.0007,-0.0003,100.0,518.67,642.54,1594.88,1414.32,14.62,21.61,552.88,2388.09,9061.02,1.3,47.69,521.2,2388.12,8150.46,8.4821,0.03,394,2388,100.0,38.73,23.3224
201,-0.0009,0.0002,100.0,518.67,643.25,1599.83,1421.53,14.62,21.61,551.81,2388.28,9043.27,1.3,48.02,519.57,2388.25,8120.05,8.5122,0.03,396,2388,100.0,38.59,23.0646
225,-0.0038,0.0005,100.0,518.67,643.35,1595.95,1423.18,14.62,21.61,551.37,2388.29,9046.08,1.3,48.0,520.09,2388.25,8119.34,8.4932,0.03,396,2388,100.0,38.63,23.0751
68,-0.0043,0.0003,100.0,518.67,642.27,1590.24,1415.01,14.62,21.61,552.91,2388.1,9067.68,1.3,47.57,521.52,2388.09,8149.23,8.4352,0.03,392,2388,100.0,38.94,23.25
148,0.0029,0.0001,100.0,518.67,643.15,1588.13,1406.62,14.62,21.61,553.04,2388.16,9077.43,1.3,47.58,521.03,2388.1,8154.66,8.4469,0.03,393,2388,100.0,38.85,23.3063
85,0.0014,0.0,100.0,518.67,641.98,1585.81,1399.85,14.62,21.61,554.4,2388.02,9063.35,1.3,47.41,522.28,2387.99,8140.51,8.408,0.03,391,2388,100.0,39.15,23.4231
219,0.0002,-0.0003,100.0,518.67,643.5,1593.99,1416.4,14.62,21.61,552.22,2388.12,9089.97,1.3,47.79,520.65,2388.12,8162.82,8.4974,0.03,396,2388,100.0,38.53,23.0962
86,-0.001,0.0003,100.0,518.67,642.59,1592.08,1404.47,14.62,21.61,552.75,2388.11,9056.78,1.3,47.61,521.07,2388.08,8141.93,8.4545,0.03,392,2388,100.0,38.86,23.3123
113,-0.0006,0.0003,100.0,518.67,642.96,1592.95,1407.37,14.62,21.61,553.42,2388.07,9063.84,1.3,47.54,520.45,2388.1,8134.47,8.4672,0.03,393,2388,100.0,38.83,23.3092
62,-0.0001,-0.0004,100.0,518.67,642.09,1588.38,1402.1,14.62,21.61,552.69,2388.13,9052.94,1.3,47.41,520.83,2388.12,8135.09,8.4092,0.03,391,2388,100.0,38.91,23.2064
124,0.0045,-0.0002,100.0,518.67,642.6,1581.02,1416.0,14.62,21.61,553.01,2388.15,9047.33,1.3,47.81,520.75,2388.14,8130.04,8.4587,0.03,395,2388,100.0,38.66,23.169
61,-0.0016,-0.0003,100.0,518.67,642.83,1591.85,1417.72,14.62,21.61,553.94,2388.15,9052.27,1.3,47.56,521.7,2388.1,8129.53,8.4457,0.03,391,2388,100.0,38.91,23.433
136,-0.0004,-0.0004,100.0,518.67,643.05,1589.27,1407.67,14.62,21.61,553.68,2388.14,9055.58,1.3,47.46,521.33,2388.12,8134.1,8.436,0.03,392,2388,100.0,38.81,23.216
114,-0.0009,-0.0001,100.0,518.67,643.28,1587.42,1415.36,14.62,21.61,553.27,2388.17,9063.98,1.3,47.55,520.79,2388.1,8134.44,8.4782,0.03,395,2388,100.0,38.74,23.2443
127,-0.0,0.0001,100.0,518.67,642.77,1590.04,1408.29,14.62,21.61,553.12,2388.12,9064.6,1.3,47.68,521.0,2388.11,8135.74,8.4604,0.03,394,2388,100.0,38.7,23.1846
138,-0.0017,-0.0005,100.0,518.67,642.82,1586.14,1411.12,14.62,21.61,553.03,2388.07,9067.42,1.3,47.54,521.19,2388.09,8147.81,8.4734,0.03,394,2388,100.0,38.85,23.3948
150,0.0005,-0.0002,100.0,518.67,642.79,1585.79,1412.85,14.62,21.61,554.72,2388.13,9045.47,1.3,47.64,521.42,2388.17,8130.45,8.4098,0.03,394,2388,100.0,38.85,23.3574
89,0.0003,0.0001,100.0,518.67,642.6,1595.61,1410.14,14.62,21.61,553.43,2388.07,9074.96,1.3,47.47,520.92,2388.08,8145.83,8.4042,0.03,394,2388,100.0,38.86,23.1602
76,-0.0009,-0.0003,100.0,518.67,642.63,1590.84,1408.48,14.62,21.61,553.0,2388.12,9043.37,1.3,47.56,521.92,2388.12,8125.5,8.4614,0.03,394,2388,100.0,38.64,23.2522
115,-0.0023,0.0003,100.0,518.67,643.37,1595.82,1420.94,14.62,21.61,552.27,2388.18,9085.54,1.3,47.78,520.24,2388.2,8154.98,8.4449,0.03,396,2388,100.0,38.73,23.2096
60,0.0003,0.0,100.0,518.67,642.02,1589.47,1397.64,14.62,21.61,554.26,2387.96,9060.38,1.3,47.02,522.3,2387.97,8146.46,8.3747,0.03,391,2388,100.0,38.98,23.3717
181,0.0033,-0.0003,100.0,518.67,642.86,1596.76,1415.11,14.62,21.61,552.3,2388.17,9053.01,1.3,47.73,520.83,2388.18,8129.93,8.4666,0.03,394,2388,100.0,38.62,23.2802
98,-0.0019,0.0003,100.0,518.67,642.05,1588.96,1399.88,14.62,21.61,554.68,2388.01,9054.65,1.3,47.16,522.36,2388.05,8137.11,8.4126,0.03,391,2388,100.0,38.94,23.4385
114,-0.0054,0.0002,100.0,518.67,641.98,1589.52,1403.52,14.62,21.61,554.24,2388.06,9066.28,1.3,47.17,521.77,2388.0,8140.12,8.3951,0.03,392,2388,100.0,38.85,23.4966
125,-0.0015,-0.0001,100.0,518.67,642.57,1587.4,1411.02,14.62,21.61,552.74,2388.14,9068.41,1.3,47.49,521.7,2388.12,8153.46,8.4253,0.03,394,2388,100.0,39.01,23.4306
60,0.0038,0.0004,100.0,518.67,642.0,1578.56,1400.34,14.62,21.61,554.39,2388.02,9061.22,1.3,47.21,521.89,2388.02,8138.92,8.3925,0.03,391,2388,100.0,38.92,23.3673
194,-0.0003,-0.0003,100.0,518.67,643.1,1592.38,1404.64,14.62,21.61,553.86,2388.05,9065.99,1.3,47.69,522.17,2388.1,8142.38,8.4304,0.03,393,2388,100.0,38.9,23.3282
106,-0.0022,0.0002,100.0,518.67,642.25,1593.42,1401.6,14.62,21.61,553.81,2387.99,9058.09,1.3,47.45,522.34,2388.02,8149.05,8.4079,0.03,391,2388,100.0,38.79,23.4032
166,0.0023,0.0004,100.0,518.67,642.07,1595.52,1413.1,14.62,21.61,552.94,2388.15,9045.46,1.3,47.72,521.36,2388.15,8129.15,8.5107,0.03,394,2388,100.0,38.77,23.3062
45,0.0024,0.0004,100.0,518.67,642.56,1578.99,1403.09,14.62,21.61,555.6,2387.96,9060.77,1.3,47.02,523.21,2387.96,8135.25,8.4064,0.03,391,2388,100.0,38.99,23.405
99,0.0004,0.0001,100.0,518.67,642.18,1593.27,1412.33,14.62,21.61,553.43,2388.09,9044.13,1.3,47.59,521.25,2388.08,8126.45,8.3965,0.03,393,2388,100.0,38.88,23.2881
120,-0.0001,0.0004,100.0,518.67,642.01,1589.61,1394.39,14.62,21.61,554.42,2388.05,9056.54,1.3,47.22,521.62,2388.01,8136.11,8.3666,0.03,391,2388,100.0,39.18,23.4077
110,-0.0018,-0.0001,100.0,518.67,642.32,1591.99,1404.23,14.62,21.61,552.94,2388.12,9042.54,1.3,47.94,520.61,2388.12,8128.38,8.455,0.03,395,2388,100.0,38.73,23.2382
61,0.0012,-0.0,100.0,518.67,642.42,1588.6,1396.54,14.62,21.61,553.53,2388.08,9048.82,1.3,47.42,522.15,2388.12,8128.4,8.4084,0.03,393,2388,100.0,38.77,23.3468
9,-0.0006,-0.0005,100.0,518.67,641.81,1581.84,1396.05,14.62,21.61,554.84,2388.0,9061.75,1.3,47.29,522.55,2387.96,8147.68,8.4158,0.03,392,2388,100.0,38.85,23.4162
74,0.0007,0.0002,100.0,518.67,641.75,1584.17,1392.6,14.62,21.61,554.62,2388.06,9065.72,1.3,47.29,522.32,2387.96,8146.03,8.3904,0.03,392,2388,100.0,38.85,23.3813
49,-0.0016,-0.0002,100.0,518.67,641.96,1575.0,1399.38,14.62,21.61,554.37,2388.02,9055.62,1.3,47.27,522.86,2388.05,8135.44,8.4135,0.03,393,2388,100.0,38.98,23.477
32,-0.0033,-0.0004,100.0,518.67,642.07,1583.16,1393.16,14.62,21.6,554.65,2388.05,9059.82,1.3,47.41,522.22,2388.0,8140.07,8.4297,0.03,392,2388,100.0,38.99,23.4403
194,-0.0011,-0.0003,100.0,518.67,643.63,1593.07,1420.46,14.62,21.61,551.95,2388.22,9067.53,1.3,47.93,520.44,2388.1,8143.64,8.473,0.03,395,2388,100.0,38.63,23.1526
81,-0.0022,0.0004,100.0,518.67,642.7,1591.64,1410.58,14.62,21.61,553.19,2388.1,9041.16,1.3,47.65,520.73,2388.11,8123.75,8.449,0.03,393,2388,100.0,38.64,23.2651
146,0.0018,0.0002,100.0,518.67,643.39,1592.18,1419.52,14.62,21.61,551.95,2388.2,9056.09,1.3,47.77,520.19,2388.17,8133.17,8.4815,0.03,395,2388,100.0,38.71,23.0928
57,-0.0016,0.0001,100.0,518.67,642.44,1577.63,1398.72,14.62,21.61,554.86,2388.06,9068.03,1.3,47.12,522.45,2387.99,8146.66,8.3993,0.03,392,2388,100.0,39.05,23.3403
148,0.0012,0.0001,100.0,518.67,642.87,1591.66,1418.66,14.62,21.61,552.68,2388.17,9066.51,1.3,47.84,520.62,2388.14,8142.83,8.469,0.03,394,2388,100.0,38.47,23.2967
67,-0.0008,-0.0002,100.0,518.67,642.34,1586.98,1408.9,14.62,21.61,552.71,2388.17,9050.32,1.3,47.52,521.16,2388.17,8129.03,8.4179,0.03,393,2388,100.0,38.61,23.2829
207,0.0008,-0.0003,100.0,518.67,642.59,1585.09,1418.64,14.62,21.61,553.19,2388.05,9089.76,1.3,47.69,521.33,2388.08,8166.66,8.4453,0.03,394,2388,100.0,38.84,23.3964
13,-0.0041,0.0004,100.0,518.67,642.45,1595.05,1413.46,14.62,21.61,552.68,2388.12,9046.53,1.3,47.67,521.21,2388.12,8121.41,8.4276,0.03,394,2388,100.0,38.8,23.3091
85,0.0019,0.0004,100.0,518.67,642.88,1588.02,1414.32,14.62,21.61,553.09,2388.19,9061.97,1.3,47.6,521.33,2388.08,8144.3,8.4339,0.03,393,2388,100.0,38.71,23.2003
158,0.001,0.0002,100.0,518.67,642.32,1590.45,1413.96,14.62,21.61,553.71,2387.99,9094.69,1.3,47.5,521.74,2388.03,8170.44,8.4051,0.03,392,2388,100.0,38.96,23.2618
28,-0.0002,-0.0005,100.0,518.67,642.35,1590.34,1405.9,14.62,21.61,552.88,2388.1,9064.39,1.3,47.38,521.03,2388.08,8139.93,8.423,0.03,391,2388,100.0,38.91,23.3204
10,0.0045,0.0002,100.0,518.67,641.92,1583.96,1401.38,14.62,21.6,553.94,2387.97,9059.24,1.3,47.36,522.7,2387.96,8138.19,8.3983,0.03,391,2388,100.0,38.98,23.4457
31,0.0022,-0.0,100.0,518.67,642.86,1584.4,1410.95,14.62,21.61,554.48,2388.13,9048.44,1.3,47.48,521.42,2388.12,8125.14,8.4283,0.03,392,2388,100.0,38.8,23.3948
149,-0.0026,0.0003,100.0,518.67,642.39,1587.92,1406.46,14.62,21.61,554.05,2388.06,9070.15,1.3,47.35,521.77,2388.02,8152.37,8.3653,0.03,392,2388,100.0,38.89,23.4141
167,0.0013,-0.0002,100.0,518.67,642.72,1586.62,1412.88,14.62,21.61,552.62,2388.1,9070.21,1.3,47.68,520.93,2388.1,8151.98,8.4839,0.03,391,2388,100.0,38.91,23.2461
81,0.0015,0.0,100.0,518.67,642.44,1598.81,1418.07,14.62,21.61,553.13,2388.18,9041.18,1.3,47.59,520.64,2388.12,8123.52,8.4418,0.03,394,2388,100.0,38.75,23.1679
4,-0.0027,-0.0,100.0,518.67,642.37,1583.64,1399.57,14.62,21.61,553.79,2388.08,9053.81,1.3,47.28,522.12,2388.04,8132.61,8.4006,0.03,392,2388,100.0,38.97,23.2563
139,0.0009,-0.0001,100.0,518.67,643.29,1593.63,1415.81,14.62,21.61,552.33,2388.11,9097.77,1.3,47.58,521.19,2388.13,8168.15,8.4635,0.03,395,2388,100.0,38.66,23.2089
66,0.0008,0.0002,100.0,518.67,641.94,1588.61,1397.85,14.62,21.61,553.84,2388.02,9051.34,1.3,47.32,521.59,2388.05,8138.73,8.4025,0.03,390,2388,100.0,39.0,23.2788
64,0.0024,0.0004,100.0,518.67,642.51,1585.11,1407.61,14.62,21.61,553.0,2388.12,9051.36,1.3,47.61,521.2,2388.17,8126.89,8.4751,0.03,393,2388,100.0,38.88,23.3147
77,-0.0028,-0.0001,100.0,518.67,642.9,1595.62,1414.26,14.62,21.61,553.04,2388.15,9037.13,1.3,47.73,521.2,2388.17,8127.89,8.4324,0.03,395,2388,100.0,38.9,23.2269
148,0.005,0.0005,100.0,518.67,642.7,1602.88,1416.34,14.62,21.61,552.46,2388.15,9089.6,1.3,47.83,520.67,2388.11,8161.07,8.4826,0.03,394,2388,100.0,38.78,23.1352
162,0.0028,0.0003,100.0,518.67,641.71,1588.83,1401.23,14.62,21.61,553.95,2388.06,9062.65,1.3,47.42,522.09,2388.01,8134.78,8.3739,0.03,392,2388,100.0,39.05,23.4045
155,0.0026,0.0005,100.0,518.67,643.02,1598.22,1409.55,14.62,21.61,552.93,2388.06,9127.81,1.3,47.92,520.55,2388.12,8191.47,8.4941,0.03,396,2388,100.0,38.61,23.2125
193,-0.0046,0.0004,100.0,518.67,643.3,1595.24,1421.35,14.62,21.61,552.59,2388.28,9060.73,1.3,48.01,520.15,2388.22,8129.62,8.5062,0.03,395,2388,100.0,38.57,23.1319
103,-0.0009,-0.0002,100.0,518.67,642.23,1587.28,1403.56,14.62,21.61,553.08,2388.07,9050.84,1.3,47.53,521.83,2388.09,8137.93,8.4197,0.03,392,2388,100.0,39.09,23.3005
31,0.0026,0.0003,100.0,518.67,642.39,1587.81,1404.79,14.62,21.61,553.72,2388.13,9044.68,1.3,47.57,521.31,2388.1,8123.31,8.4139,0.03,393,2388,100.0,38.96,23.3071
75,-0.0013,0.0001,100.0,518.67,642.26,1594.3,1403.98,14.62,21.61,553.35,2388.13,9037.84,1.3,47.7,521.71,2388.11,8125.82,8.4434,0.03,394,2388,100.0,38.81,23.3079
171,-0.0005,-0.0003,100.0,518.67,642.62,1585.32,1403.53,14.62,21.61,552.97,2388.08,9063.96,1.3,47.66,521.46,2388.16,8143.62,8.4832,0.03,394,2388,100.0,38.83,23.282
8,-0.0022,-0.0004,100.0,518.67,642.24,1580.72,1408.6,14.62,21.61,553.27,2388.13,9053.9,1.3,47.48,521.96,2388.07,8129.63,8.4129,0.03,393,2388,100.0,38.83,23.2389
119,-0.0,0.0003,100.0,518.67,643.23,1592.27,1406.44,14.62,21.61,552.7,2388.19,9079.77,1.3,47.54,520.77,2388.13,8153.57,8.4931,0.03,395,2388,100.0,38.73,23.2514
72,0.0039,0.0002,100.0,518.67,642.31,1586.55,1400.07,14.62,21.61,554.72,2388.02,9068.75,1.3,47.37,522.35,2388.0,8144.45,8.391,0.03,391,2388,100.0,39.03,23.3448
310,-0.0019,0.0002,100.0,518.67,643.2,1588.64,1413.82,14.62,21.61,552.72,2388.13,9063.86,1.3,47.82,520.78,2388.23,8136.18,8.4977,0.03,393,2388,100.0,38.71,23.109
137,0.0005,-0.0001,100.0,518.67,643.7,1592.24,1413.75,14.62,21.61,553.05,2388.21,9041.11,1.3,47.78,520.94,2388.15,8117.24,8.4241,0.03,393,2388,100.0,38.72,23.357
24,0.0002,-0.0002,100.0,518.67,643.12,1585.76,1399.39,14.62,21.61,553.18,2388.13,9046.47,1.3,47.45,521.42,2388.09,8133.9,8.4293,0.03,393,2388,100.0,38.99,23.3995
84,0.0013,-0.0001,100.0,518.67,642.74,1586.75,1407.51,14.62,21.61,553.4,2388.07,9062.51,1.3,47.37,521.42,2388.07,8137.21,8.4447,0.03,393,2388,100.0,38.61,23.2227
153,-0.0008,-0.0001,100.0,518.67,643.73,1598.38,1421.08,14.62,21.61,552.27,2388.14,9129.24,1.3,47.78,519.94,2388.17,8193.7,8.5,0.03,397,2388,100.0,38.31,23.1185
15,-0.0018,-0.0003,100.0,518.67,642.43,1583.82,1402.13,14.62,21.61,553.64,2388.11,9052.22,1.3,47.3,522.5,2388.08,8127.56,8.4199,0.03,391,2388,100.0,38.99,23.35
29,0.0034,-0.0,100.0,518.67,642.79,1583.54,1409.43,14.62,21.61,553.21,2388.11,9047.45,1.3,47.6,521.29,2388.13,8125.26,8.4204,0.03,393,2388,100.0,38.63,23.2957
18,0.0029,-0.0002,100.0,518.67,642.34,1590.23,1403.38,14.62,21.61,553.79,2388.0,9062.85,1.3,47.24,522.54,2388.01,8138.32,8.4223,0.03,392,2388,100.0,38.89,23.2589
151,0.0027,0.0003,100.0,518.67,642.49,1585.53,1401.98,14.62,21.61,554.6,2388.03,9074.79,1.3,47.28,522.41,2388.05,8156.83,8.3896,0.03,393,2388,100.0,38.91,23.3245
55,-0.0001,0.0002,100.0,518.67,642.41,1594.2,1399.08,14.62,21.61,554.34,2388.03,9058.13,1.3,47.22,522.09,2388.03,8141.34,8.4135,0.03,393,2388,100.0,38.9,23.4306
98,-0.0019,-0.0004,100.0,518.67,641.91,1592.21,1401.4,14.62,21.61,553.52,2388.01,9074.76,1.3,47.46,521.91,2388.1,8146.81,8.4168,0.03,392,2388,100.0,38.9,23.2685
103,0.0019,-0.0001,100.0,518.67,642.79,1589.91,1410.57,14.62,21.61,553.53,2388.09,9051.17,1.3,47.5,521.51,2388.18,8134.73,8.4653,0.03,393,2388,100.0,38.64,23.2856
271,-0.0015,0.0003,100.0,518.67,643.07,1602.53,1430.37,14.62,21.61,551.02,2388.15,9099.46,1.3,48.19,519.79,2388.21,8168.61,8.5376,0.03,396,2388,100.0,38.39,23.0373
33,-0.0033,-0.0001,100.0,518.67,643.33,1587.75,1407.25,14.62,21.61,553.56,2388.12,9056.46,1.3,47.43,521.45,2388.1,8129.92,8.4495,0.03,391,2388,100.0,38.94,23.32
147,0.0,-0.0001,100.0,518.67,643.04,1592.47,1409.15,14.62,21.61,553.02,2388.13,9085.3,1.3,47.74,521.37,2388.08,8159.92,8.504,0.03,393,2388,100.0,38.51,23.2651
68,0.0043,0.0001,100.0,518.67,642.65,1579.04,1406.14,14.62,21.61,553.21,2388.16,9043.91,1.3,47.56,520.81,2388.16,8130.2,8.465,0.03,393,2388,100.0,38.91,23.3583
176,-0.0036,0.0001,100.0,518.67,642.28,1597.97,1415.24,14.62,21.61,553.17,2388.13,9072.06,1.3,47.48,521.06,2388.04,8148.21,8.428,0.03,393,2388,100.0,38.91,23.2682
121,-0.0004,0.0002,100.0,518.67,642.67,1595.6,1406.64,14.62,21.61,553.37,2388.09,9058.82,1.3,47.72,520.99,2388.15,8135.71,8.4439,0.03,394,2388,100.0,38.79,23.1428
36,0.0023,0.0,100.0,518.67,642.32,1585.56,1401.31,14.62,21.61,553.46,2388.07,9053.06,1.3,47.52,521.24,2388.1,8135.68,8.452,0.03,391,2388,100.0,38.98,23.3515
154,0.0022,-0.0002,100.0,518.67,642.9,1600.59,1421.96,14.62,21.61,552.18,2388.16,9101.43,1.3,47.9,520.66,2388.13,8168.13,8.4994,0.03,395,2388,100.0,38.41,23.1594
186,0.0007,-0.0002,100.0,518.67,643.03,1597.18,1420.9,14.62,21.61,552.53,2388.12,9091.74,1.3,47.85,521.16,2388.11,8167.18,8.4665,0.03,395,2388,100.0,38.77,23.2148
147,0.0024,0.0002,100.0,518.67,643.36,1592.43,1412.61,14.62,21.61,553.35,2388.21,9044.91,1.3,48.03,520.97,2388.25,8127.69,8.5014,0.03,396,2388,100.0,38.78,23.2155
191,-0.0004,-0.0001,100.0,518.67,643.1,1600.68,1420.32,14.62,21.61,552.93,2388.13,9090.79,1.3,47.75,520.77,2388.11,8158.48,8.5004,0.03,395,2388,100.0,38.72,23.2813
325,-0.0006,-0.0002,100.0,518.67,643.22,1590.55,1417.65,14.62,21.61,552.11,2388.16,9061.77,1.3,47.84,520.46,2388.19,8135.71,8.5068,0.03,396,2388,100.0,38.63,23.2539
170,0.0011,-0.0001,100.0,518.67,642.45,1603.25,1420.22,14.62,21.61,552.27,2388.19,9065.38,1.3,47.73,520.26,2388.16,8142.19,8.4649,0.03,395,2388,100.0,38.75,23.1639
113,0.0049,-0.0,100.0,518.67,642.45,1592.23,1406.55,14.62,21.61,552.96,2388.12,9070.94,1.3,47.65,521.51,2388.12,8148.18,8.4517,0.03,394,2388,100.0,38.73,23.4086
73,0.0024,0.0004,100.0,518.67,642.77,1586.44,1408.1,14.62,21.61,553.62,2388.05,9060.67,1.3,47.47,521.9,2388.03,8137.61,8.4477,0.03,393,2388,100.0,38.99,23.3245
43,0.0047,0.0001,100.0,518.67,641.91,1589.55,1398.73,14.62,21.61,555.57,2387.96,9072.56,1.3,47.1,522.13,2388.01,8140.65,8.34,0.03,390,2388,100.0,38.9,23.4371
90,-0.0008,-0.0002,100.0,518.67,642.36,1597.84,1406.26,14.62,21.61,554.58,2388.06,9068.61,1.3,47.4,521.92,2388.08,8146.94,8.3972,0.03,393,2388,100.0,38.81,23.2711
3,-0.0001,0.0,100.0,518.67,642.57,1592.17,1411.88,14.62,21.61,552.92,2388.14,9054.7,1.3,47.57,521.3,2388.11,8139.92,8.4546,0.03,393,2388,100.0,38.58,23.3094
218,0.0015,-0.0001,100.0,518.67,643.33,1598.76,1415.13,14.62,21.61,553.18,2388.06,9182.87,1.3,47.59,520.88,2388.1,8243.81,8.5131,0.03,395,2388,100.0,38.72,23.1518
32,0.0005,-0.0003,100.0,518.67,642.33,1591.38,1400.36,14.62,21.61,554.96,2388.04,9050.97,1.3,47.25,521.92,2388.07,8129.7,8.4148,0.03,392,2388,100.0,39.02,23.4999
37,-0.0033,0.0005,100.0,518.67,642.28,1587.03,1392.82,14.62,21.61,554.76,2388.01,9058.88,1.3,47.29,522.06,2388.03,8143.42,8.4062,0.03,392,2388,100.0,38.94,23.486
122,0.0026,-0.0001,100.0,518.67,643.3,1593.68,1413.97,14.62,21.61,553.43,2388.15,9042.39,1.3,47.6,520.92,2388.12,8131.81,8.4256,0.03,393,2388,100.0,38.86,23.2793
145,0.0037,0.0001,100.0,518.67,642.38,1585.08,1403.53,14.62,21.61,553.62,2388.11,9060.03,1.3,47.51,521.55,2388.12,8130.7,8.4306,0.03,392,2388,100.0,38.91,23.3228
49,0.0022,0.0002,100.0,518.67,642.47,1597.28,1408.45,14.62,21.61,553.69,2388.16,9038.38,1.3,47.81,521.69,2388.11,8131.45,8.4282,0.03,394,2388,100.0,38.78,23.2095
78,-0.0017,0.0001,100.0,518.67,642.62,1582.58,1397.84,14.62,21.61,554.96,2388.03,9071.95,1.3,47.2,522.81,2388.05,8141.95,8.4269,0.03,391,2388,100.0,38.98,23.4772
102,0.0004,-0.0001,100.0,518.67,642.95,1595.14,1417.98,14.62,21.61,551.75,2388.15,9059.28,1.3,47.81,520.81,2388.13,8138.9,8.469,0.03,393,2388,100.0,38.8,23.225
216,-0.0028,0.0001,100.0,518.67,643.1,1595.6,1419.4,14.62,21.61,552.01,2388.1,9106.96,1.3,47.67,520.79,2388.12,8190.1,8.4468,0.03,395,2388,100.0,38.68,23.1628
81,0.0,-0.0004,100.0,518.67,642.86,1583.48,1410.48,14.62,21.61,552.76,2388.12,9060.55,1.3,47.83,521.01,2388.09,8136.25,8.4246,0.03,393,2388,100.0,38.83,23.2744
198,-0.002,-0.0005,100.0,518.67,642.75,1595.13,1424.51,14.62,21.61,552.03,2388.15,9086.83,1.3,48.02,520.39,2388.13,8165.76,8.4854,0.03,395,2388,100.0,38.65,23.1176
68,0.0013,-0.0003,100.0,518.67,642.06,1581.71,1395.15,14.62,21.61,554.45,2388.06,9060.4,1.3,47.19,522.19,2387.95,8144.48,8.3639,0.03,390,2388,100.0,38.99,23.4764
119,-0.0013,0.0001,100.0,518.67,642.6,1597.6,1409.75,14.62,21.61,553.3,2388.1,9081.31,1.3,47.48,520.94,2388.1,8150.12,8.4698,0.03,394,2388,100.0,38.79,23.2105
74,0.0012,-0.0001,100.0,518.67,643.31,1590.59,1407.23,14.62,21.61,552.96,2388.14,9040.94,1.3,47.54,520.98,2388.14,8129.43,8.4913,0.03,392,2388,100.0,38.72,23.1645
94,-0.0057,0.0001,100.0,518.67,642.36,1582.25,1410.45,14.62,21.61,553.67,2388.04,9061.54,1.3,47.42,521.88,2388.04,8145.97,8.4406,0.03,393,2388,100.0,38.99,23.2051
75,-0.0003,-0.0003,100.0,518.67,642.42,1593.17,1400.47,14.62,21.61,554.13,2388.08,9057.3,1.3,47.43,521.95,2388.14,8138.83,8.4095,0.03,393,2388,100.0,38.85,23.3053
137,0.0034,0.0003,100.0,518.67,642.82,1585.75,1398.79,14.62,21.61,553.84,2388.08,9052.73,1.3,47.35,521.84,2388.05,8136.61,8.4433,0.03,393,2388,100.0,38.92,23.3069
102,0.0009,-0.0002,100.0,518.67,643.0,1591.51,1412.9,14.62,21.61,552.77,2388.2,9047.64,1.3,47.78,520.63,2388.09,8121.74,8.4626,0.03,394,2388,100.0,38.83,23.2054
59,0.0,0.0002,100.0,518.67,642.48,1587.68,1406.69,14.62,21.61,553.21,2388.08,9054.89,1.3,47.43,521.47,2388.08,8132.27,8.4778,0.03,392,2388,100.0,39.03,23.3373
80,-0.0002,-0.0004,100.0,518.67,641.94,1591.96,1393.58,14.62,21.61,553.91,2388.06,9043.67,1.3,47.64,521.52,2388.1,8134.66,8.4235,0.03,392,2388,100.0,38.89,23.3613
121,-0.0035,0.0002,100.0,518.67,643.19,1604.11,1412.62,14.62,21.61,553.48,2388.1,9051.02,1.3,47.58,520.99,2388.12,8135.07,8.4977,0.03,393,2388,100.0,38.76,23.1846
70,-0.0039,0.0004,100.0,518.67,643.23,1596.7,1406.13,14.62,21.61,552.81,2388.12,9063.47,1.3,47.63,521.14,2388.13,8133.92,8.4366,0.03,393,2388,100.0,38.79,23.1273
219,0.0029,0.0001,100.0,518.67,642.88,1592.52,1412.91,14.62,21.61,553.28,2388.02,9074.41,1.3,47.71,521.74,2388.12,8147.72,8.46,0.03,393,2388,100.0,38.78,23.371
39,0.0041,0.0001,100.0,518.67,642.09,1584.27,1393.72,14.62,21.61,555.02,2387.98,9060.8,1.3,47.03,522.37,2388.02,8142.46,8.395,0.03,391,2388,100.0,39.18,23.3393
170,0.0003,0.0,100.0,518.67,643.15,1590.61,1410.52,14.62,21.61,552.82,2388.09,9070.52,1.3,47.77,520.84,2388.18,8149.97,8.49,0.03,394,2388,100.0,38.86,23.1917
177,0.0039,0.0,100.0,518.67,643.4,1600.06,1416.9,14.62,21.61,552.38,2388.16,9054.13,1.3,47.78,520.3,2388.19,8130.69,8.4835,0.03,396,2388,100.0,38.62,23.1796
238,0.0011,-0.0004,100.0,518.67,643.14,1595.09,1420.25,14.62,21.61,553.35,2388.08,9114.28,1.3,47.77,520.63,2388.06,8178.71,8.4438,0.03,395,2388,100.0,38.67,23.0958
30,-0.0016,-0.0003,100.0,518.67,642.86,1594.49,1400.58,14.62,21.61,553.52,2388.15,9048.31,1.3,47.4,521.62,2388.12,8133.57,8.4577,0.03,393,2388,100.0,38.9,23.2759
176,-0.0009,-0.0,100.0,518.67,643.56,1599.13,1422.81,14.62,21.61,552.87,2388.15,9088.79,1.3,47.79,520.56,2388.14,8175.49,8.515,0.03,395,2388,100.0,38.64,23.0654
13,-0.0012,-0.0004,100.0,518.67,642.19,1583.7,1400.17,14.62,21.61,553.56,2388.07,9053.27,1.3,47.34,521.98,2388.11,8128.76,8.4204,0.03,394,2388,100.0,38.84,23.1843
40,0.0013,0.0004,100.0,518.67,641.99,1585.55,1411.86,14.62,21.61,553.69,2388.13,9062.62,1.3,47.41,521.68,2388.12,8134.21,8.4448,0.03,393,2388,100.0,38.55,23.3491
91,0.001,0.0003,100.0,518.67,643.58,1592.55,1416.53,14.62,21.61,552.89,2388.11,9068.33,1.3,47.68,520.85,2388.09,8144.45,8.4574,0.03,393,2388,100.0,38.7,23.2028
129,0.0015,-0.0004,100.0,518.67,642.28,1580.19,1398.93,14.62,21.61,554.37,2388.03,9085.25,1.3,47.23,522.12,2388.01,8158.56,8.414,0.03,393,2388,100.0,38.82,23.3757
139,-0.0013,0.0002,100.0,518.67,643.06,1594.37,1422.19,14.62,21.61,552.42,2388.21,9057.49,1.3,47.76,520.49,2388.24,8129.93,8.5011,0.03,395,2388,100.0,38.66,23.159
23,-0.0022,-0.0005,100.0,518.67,642.38,1584.38,1395.99,14.62,21.61,554.79,2388.01,9065.78,1.3,47.39,522.6,2388.01,8143.61,8.415,0.03,392,2388,100.0,39.06,23.3853
191,0.0005,-0.0001,100.0,518.67,642.74,1593.95,1411.49,14.62,21.61,553.03,2388.11,9076.78,1.3,48.0,521.29,2388.12,8151.66,8.4549,0.03,393,2388,100.0,38.62,23.295
123,-0.0012,0.0003,100.0,518.67,643.4,1601.63,1423.86,14.62,21.61,552.16,2388.23,9035.67,1.3,48.02,519.25,2388.25,8112.69,8.4965,0.03,395,2388,100.0,38.47,23.1253
140,-0.0016,-0.0001,100.0,518.67,642.5,1587.3,1411.6,14.62,21.61,553.66,2388.12,9054.73,1.3,47.68,521.51,2388.17,8136.42,8.4524,0.03,393,2388,100.0,38.89,23.3631
165,0.0041,-0.0002,100.0,518.67,642.97,1594.52,1406.3,14.62,21.61,551.74,2388.17,9063.14,1.3,47.87,520.46,2388.18,8134.49,8.4423,0.03,395,2388,100.0,38.62,23.1345
15,-0.0006,0.0003,100.0,518.67,642.68,1590.54,1408.6,14.62,21.61,553.92,2388.08,9043.54,1.3,47.61,521.52,2388.12,8123.34,8.4266,0.03,392,2388,100.0,38.95,23.2796
84,0.0019,0.0003,100.0,518.67,642.34,1591.66,1418.72,14.62,21.61,553.73,2388.13,9065.54,1.3,47.58,521.27,2388.09,8142.82,8.447,0.03,394,2388,100.0,38.9,23.2996
62,0.0027,-0.0004,100.0,518.67,641.99,1587.1,1402.55,14.62,21.61,553.73,2388.11,9065.67,1.3,47.31,521.75,2388.02,8138.3,8.4194,0.03,389,2388,100.0,38.92,23.3303
33,-0.0011,-0.0003,100.0,518.67,642.62,1589.7,1405.17,14.62,21.61,553.47,2388.09,9057.95,1.3,47.51,521.45,2388.1,8140.88,8.4503,0.03,391,2388,100.0,38.91,23.2315
177,0.001,0.0004,100.0,518.67,643.16,1595.49,1415.35,14.62,21.61,551.88,2388.12,9119.15,1.3,47.98,521.02,2388.07,8192.54,8.4571,0.03,395,2388,100.0,38.62,23.15
142,0.0034,0.0002,100.0,518.67,642.41,1591.21,1416.28,14.62,21.61,552.97,2388.17,9058.04,1.3,47.58,520.8,2388.1,8142.15,8.418,0.03,393,2388,100.0,38.59,23.2429
184,0.0004,-0.0004,100.0,518.67,643.32,1598.81,1425.71,14.62,21.61,551.84,2388.18,9090.3,1.3,48.15,519.85,2388.22,8156.73,8.5082,0.03,396,2388,100.0,38.46,23.143
114,-0.001,-0.0002,100.0,518.67,642.5,1591.84,1400.5,14.62,21.61,553.72,2388.07,9051.93,1.3,47.42,521.95,2388.1,8132.82,8.4199,0.03,392,2388,100.0,38.93,23.416
123,0.0001,-0.0002,100.0,518.67,642.46,1592.13,1404.88,14.62,21.61,554.19,2388.05,9084.82,1.3,47.24,522.15,2388.03,8162.09,8.3914,0.03,392,2388,100.0,38.88,23.4414
74,-0.0013,0.0004,100.0,518.67,641.8,1588.06,1408.11,14.62,21.61,553.81,2388.02,9053.02,1.3,47.04,521.83,2387.99,8142.38,8.3945,0.03,393,2388,100.0,39.01,23.2357
54,-0.0001,0.0002,100.0,518.67,642.38,1586.48,1396.48,14.62,21.61,555.23,2388.04,9056.31,1.3,46.95,522.49,2387.99,8149.75,8.435,0.03,392,2388,100.0,39.05,23.3583
181,-0.0017,0.0004,100.0,518.67,642.46,1583.92,1409.66,14.62,21.61,554.03,2388.02,9074.26,1.3,47.35,521.68,2388.02,8161.25,8.3988,0.03,394,2388,100.0,38.92,23.3106
189,-0.0012,0.0,100.0,518.67,642.99,1603.0,1424.73,14.62,21.61,551.58,2388.11,9098.74,1.3,47.95,520.74,2388.18,8161.31,8.4963,0.03,396,2388,100.0,38.51,23.1421
114,0.0005,0.0002,100.0,518.67,643.37,1596.4,1422.4,14.62,21.61,552.66,2388.18,9051.24,1.3,47.92,520.94,2388.27,8130.55,8.5157,0.03,394,2388,100.0,38.74,23.2054
146,-0.0017,0.0001,100.0,518.67,642.84,1592.44,1411.11,14.62,21.61,553.19,2388.09,9080.39,1.3,47.54,521.1,2388.12,8156.44,8.4544,0.03,394,2388,100.0,38.76,23.3391
165,-0.002,0.0004,100.0,518.67,642.88,1597.62,1421.31,14.62,21.61,551.43,2388.22,9052.19,1.3,48.11,520.14,2388.24,8125.11,8.4989,0.03,394,2388,100.0,38.51,23.077
55,-0.0001,-0.0006,100.0,518.67,642.62,1576.89,1398.21,14.62,21.61,553.88,2388.01,9053.11,1.3,47.08,522.37,2388.01,8139.75,8.3878,0.03,391,2388,100.0,39.07,23.268
77,-0.0014,0.0001,100.0,518.67,642.5,1589.91,1410.4,14.62,21.61,552.55,2388.05,9059.14,1.3,47.52,521.94,2388.04,8137.35,8.4364,0.03,393,2388,100.0,38.81,23.3197
149,0.0003,-0.0001,100.0,518.67,642.65,1594.84,1416.43,14.62,21.61,552.65,2388.15,9058.93,1.3,47.73,520.6,2388.15,8126.81,8.465,0.03,394,2388,100.0,38.79,23.2704
233,0.0018,0.0002,100.0,518.67,643.74,1601.33,1415.61,14.62,21.61,552.12,2388.09,9121.68,1.3,47.59,520.68,2388.08,8188.82,8.4898,0.03,394,2388,100.0,38.92,23.1941
38,0.0009,-0.0001,100.0,518.67,641.66,1583.68,1398.96,14.62,21.61,554.18,2388.06,9068.32,1.3,47.06,522.41,2387.96,8144.52,8.409,0.03,391,2388,100.0,39.14,23.5379
113,-0.0009,0.0004,100.0,518.67,642.01,1590.1,1419.08,14.62,21.61,553.33,2388.12,9084.23,1.3,47.66,521.38,2388.11,8154.77,8.4996,0.03,394,2388,100.0,38.86,23.2555
107,0.0015,0.0001,100.0,518.67,642.74,1591.35,1395.01,14.62,21.61,554.07,2388.04,9048.54,1.3,47.15,521.74,2388.1,8137.3,8.3911,0.03,391,2388,100.0,39.03,23.3286
241,0.0024,-0.0,100.0,518.67,642.68,1593.74,1416.66,14.62,21.61,552.63,2388.2,9070.12,1.3,47.58,520.3,2388.16,8148.53,8.4898,0.03,396,2388,100.0,38.63,23.2605
54,-0.0022,0.0004,100.0,518.67,642.36,1582.51,1389.74,14.62,21.61,554.28,2388.01,9072.89,1.3,47.23,522.81,2387.98,8151.56,8.3968,0.03,391,2388,100.0,39.09,23.4496
7,0.001,-0.0002,100.0,518.67,642.52,1589.19,1408.88,14.62,21.61,553.22,2388.12,9054.19,1.3,47.77,520.98,2388.13,8132.14,8.4382,0.03,393,2388,100.0,38.83,23.2568
79,-0.0005,-0.0004,100.0,518.67,642.58,1586.81,1414.27,14.62,21.61,553.35,2388.12,9064.77,1.3,47.51,521.42,2388.12,8133.79,8.43,0.03,393,2388,100.0,38.83,23.2583
103,-0.0015,0.0004,100.0,518.67,643.32,1584.99,1413.41,14.62,21.61,553.91,2388.11,9048.37,1.3,47.55,521.98,2388.15,8129.44,8.4346,0.03,394,2388,100.0,38.95,23.2454
118,-0.002,0.0004,100.0,518.67,642.67,1590.93,1419.59,14.62,21.61,552.65,2388.14,9055.67,1.3,47.6,520.83,2388.13,8129.55,8.4561,0.03,393,2388,100.0,38.63,23.2876
128,0.0009,-0.0004,100.0,518.67,643.26,1591.31,1419.94,14.62,21.61,552.54,2388.22,9060.34,1.3,47.74,520.41,2388.15,8136.59,8.4518,0.03,394,2388,100.0,38.52,23.1884
26,-0.0007,-0.0002,100.0,518.67,642.64,1581.12,1405.47,14.62,21.61,553.63,2388.06,9049.68,1.3,47.59,521.6,2388.12,8126.36,8.409,0.03,393,2388,100.0,38.72,23.3239
190,0.0013,0.0004,100.0,518.67,642.48,1592.5,1405.73,14.62,21.61,554.4,2388.06,9059.23,1.3,47.2,521.73,2388.03,8139.4,8.4128,0.03,393,2388,100.0,39.04,23.2623
282,0.0012,-0.0,100.0,518.67,643.94,1598.56,1426.87,14.62,21.61,552.29,2388.23,9092.2,1.3,48.27,520.05,2388.18,8168.43,8.5149,0.03,397,2388,100.0,38.44,23.094
136,0.0016,-0.0003,100.0,518.67,642.76,1594.54,1419.31,14.62,21.61,553.04,2388.11,9083.38,1.3,47.87,520.54,2388.11,8159.78,8.4652,0.03,394,2388,100.0,38.6,23.2626
45,-0.0004,0.0002,100.0,518.67,642.33,1589.66,1408.84,14.62,21.61,554.52,2388.07,9067.54,1.3,47.44,521.67,2388.01,8144.68,8.3736,0.03,394,2388,100.0,38.86,23.2566
21,0.0011,-0.0005,100.0,518.67,642.6,1595.95,1405.17,14.62,21.61,553.26,2388.06,9058.42,1.3,47.67,521.37,2388.06,8138.69,8.4371,0.03,393,2388,100.0,38.96,23.4632
129,-0.0,-0.0003,100.0,518.67,642.2,1591.85,1405.09,14.62,21.61,553.67,2388.13,9038.41,1.3,47.54,521.44,2388.13,8126.23,8.4082,0.03,393,2388,100.0,38.83,23.2383
180,-0.0026,-0.0002,100.0,518.67,643.49,1595.1,1427.51,14.62,21.61,551.09,2388.28,9037.02,1.3,48.16,519.68,2388.31,8123.28,8.5442,0.03,396,2388,100.0,38.35,23.0042
139,0.0032,-0.0001,100.0,518.67,642.56,1593.15,1414.45,14.62,21.61,553.13,2388.11,9072.38,1.3,47.59,521.35,2388.04,8143.72,8.458,0.03,394,2388,100.0,38.82,23.184
193,-0.0009,-0.0001,100.0,518.67,643.61,1602.13,1424.76,14.62,21.61,551.73,2388.19,9163.9,1.3,48.09,520.24,2388.15,8220.91,8.4963,0.03,396,2388,100.0,38.41,23.0797
174,0.0007,0.0002,100.0,518.67,643.3,1599.02,1424.88,14.62,21.61,551.61,2388.27,9052.29,1.3,48.0,520.54,2388.21,8128.82,8.5059,0.03,395,2388,100.0,38.8,23.1571
171,-0.0035,0.0005,100.0,518.67,643.06,1595.83,1416.74,14.62,21.61,552.41,2388.11,9063.75,1.3,47.67,521.53,2388.14,8131.37,8.4464,0.03,392,2388,100.0,38.68,23.2776
109,0.0029,0.0001,100.0,518.67,642.67,1589.44,1408.36,14.62,21.61,553.63,2388.07,9072.53,1.3,47.44,521.54,2388.12,8149.43,8.4397,0.03,394,2388,100.0,38.77,23.3458
100,0.0008,0.0004,100.0,518.67,642.33,1595.63,1418.78,14.62,21.61,552.73,2388.16,9051.11,1.3,47.72,520.59,2388.21,8126.0,8.4532,0.03,394,2388,100.0,38.75,23.1026
264,-0.0017,0.0005,100.0,518.67,643.47,1610.1,1424.48,14.62,21.61,552.17,2388.18,9086.82,1.3,48.07,520.47,2388.15,8154.78,8.522,0.03,395,2388,100.0,38.67,23.2342
100,-0.0072,-0.0002,100.0,518.67,642.31,1581.27,1396.71,14.62,21.61,554.04,2388.02,9064.87,1.3,47.35,522.32,2388.04,8149.76,8.4034,0.03,393,2388,100.0,39.07,23.3664
40,-0.0012,0.0004,100.0,518.67,642.05,1586.67,1396.39,14.62,21.61,554.69,2387.99,9057.13,1.3,47.19,522.32,2388.02,8142.68,8.3823,0.03,393,2388,100.0,38.94,23.3871
15,-0.0014,-0.0001,100.0,518.67,642.69,1600.63,1414.01,14.62,21.61,552.0,2388.19,9045.78,1.3,47.46,521.0,2388.09,8127.87,8.4551,0.03,394,2388,100.0,38.71,23.3128
63,-0.0024,-0.0003,100.0,518.67,641.91,1581.59,1397.66,14.62,21.61,553.58,2388.04,9062.67,1.3,47.34,522.27,2388.06,8144.19,8.3693,0.03,392,2388,100.0,39.16,23.516
37,-0.0012,0.0005,100.0,518.67,642.26,1580.95,1397.82,14.62,21.61,554.18,2388.01,9066.29,1.3,47.34,522.64,2388.01,8138.22,8.4527,0.03,393,2388,100.0,38.94,23.4543
61,-0.0044,-0.0001,100.0,518.67,642.28,1587.19,1406.7,14.62,21.61,553.4,2388.11,9056.67,1.3,47.53,521.12,2388.2,8141.19,8.4389,0.03,393,2388,100.0,38.67,23.3028
186,-0.0026,-0.0001,100.0,518.67,642.89,1591.9,1418.86,14.62,21.61,553.36,2388.07,9078.33,1.3,47.67,521.33,2388.11,8158.02,8.4693,0.03,394,2388,100.0,38.66,23.2836
22,0.0,-0.0005,100.0,518.67,642.64,1586.07,1402.21,14.62,21.61,554.02,2388.03,9068.32,1.3,47.45,522.39,2388.06,8146.76,8.3947,0.03,391,2388,100.0,38.87,23.2809
84,-0.0007,0.0003,100.0,518.67,642.51,1587.35,1403.91,14.62,21.61,553.22,2388.19,9050.91,1.3,47.64,520.98,2388.15,8130.31,8.459,0.03,392,2388,100.0,38.88,23.3614
70,0.0005,0.0004,100.0,518.67,642.01,1581.0,1395.29,14.62,21.61,554.21,2388.01,9051.08,1.3,47.36,522.16,2388.08,8133.15,8.4323,0.03,391,2388,100.0,38.95,23.4108
142,-0.0011,0.0005,100.0,518.67,642.51,1590.73,1409.63,14.62,21.61,552.35,2388.13,9082.67,1.3,47.6,520.95,2388.07,8159.57,8.4967,0.03,392,2388,100.0,38.75,23.2984
60,-0.0016,-0.0001,100.0,518.67,642.27,1580.72,1394.66,14.62,21.61,554.13,2387.95,9054.99,1.3,47.19,522.51,2387.98,8139.3,8.3781,0.03,392,2388,100.0,39.0,23.489
256,-0.0009,0.0002,100.0,518.67,642.7,1589.31,1414.76,14.62,21.61,553.42,2388.11,9061.47,1.3,47.82,521.66,2388.13,8139.57,8.4537,0.03,394,2388,100.0,38.76,23.2914
194,-0.0043,0.0004,100.0,518.67,643.87,1600.98,1422.67,14.62,21.61,552.07,2388.26,9056.58,1.3,48.24,519.84,2388.25,8128.25,8.4807,0.03,396,2388,100.0,38.63,23.1066
11,0.0026,0.0001,100.0,518.67,642.46,1584.69,1402.15,14.62,21.61,554.0,2388.07,9047.78,1.3,47.34,522.33,2388.06,8135.69,8.4025,0.03,393,2388,100.0,38.99,23.3497
130,-0.0041,-0.0002,100.0,518.67,642.27,1584.29,1406.42,14.62,21.61,553.63,2388.07,9061.3,1.3,47.5,521.56,2388.09,8140.92,8.413,0.03,394,2388,100.0,38.93,23.3508
91,-0.0005,0.0002,100.0,518.67,642.89,1588.1,1411.83,14.62,21.61,553.42,2388.12,9059.63,1.3,47.48,521.18,2388.12,8141.82,8.4518,0.03,393,2388,100.0,38.82,23.2709
278,-0.002,0.0004,100.0,518.67,643.73,1604.42,1436.14,14.62,21.61,551.71,2388.22,9102.34,1.3,48.09,519.63,2388.22,8170.0,8.5054,0.03,397,2388,100.0,38.4,23.1366
64,0.0004,-0.0004,100.0,518.67,642.43,1592.62,1401.17,14.62,21.61,553.17,2388.05,9049.03,1.3,47.36,521.91,2388.01,8131.8,8.4113,0.03,393,2388,100.0,38.57,23.3415
9,-0.0013,-0.0002,100.0,518.67,642.1,1580.37,1398.73,14.62,21.61,554.04,2388.02,9065.66,1.3,47.22,522.47,2387.96,8143.39,8.4109,0.03,391,2388,100.0,39.15,23.3135
91,-0.0003,0.0001,100.0,518.67,642.37,1591.12,1407.44,14.62,21.61,553.99,2388.09,9081.26,1.3,47.6,522.21,2387.97,8156.38,8.4346,0.03,393,2388,100.0,38.82,23.3234
219,0.0001,-0.0001,100.0,518.67,643.68,1605.06,1420.58,14.62,21.61,552.51,2388.19,9080.95,1.3,47.98,519.95,2388.28,8161.45,8.5145,0.03,396,2388,100.0,38.65,23.2159
98,-0.0011,-0.0,100.0,518.67,642.35,1597.29,1416.01,14.62,21.61,552.73,2388.14,9056.22,1.3,47.75,520.49,2388.16,8145.6,8.3951,0.03,394,2388,100.0,38.73,23.2734
68,0.0008,-0.0003,100.0,518.67,642.16,1586.02,1403.38,14.62,21.61,553.77,2388.07,9056.67,1.3,47.5,522.0,2388.14,8136.54,8.4437,0.03,393,2388,100.0,38.97,23.3935
31,0.0007,0.0004,100.0,518.67,642.84,1589.54,1409.44,14.62,21.61,553.3,2388.13,9053.52,1.3,47.4,521.68,2388.11,8126.69,8.4045,0.03,394,2388,100.0,38.74,23.3012
43,0.0009,0.0001,100.0,518.67,642.48,1590.83,1406.74,14.62,21.61,553.36,2388.07,9066.87,1.3,47.32,522.04,2388.07,8147.04,8.395,0.03,392,2388,100.0,39.0,23.2502
193,-0.001,-0.0004,100.0,518.67,643.55,1605.53,1423.36,14.62,21.61,551.92,2388.19,9095.68,1.3,48.18,519.92,2388.19,8166.72,8.4926,0.03,395,2388,100.0,38.53,23.1081
93,-0.0015,-0.0001,100.0,518.67,642.03,1590.02,1404.11,14.62,21.61,554.4,2388.01,9078.34,1.3,47.32,521.53,2388.08,8155.76,8.4119,0.03,391,2388,100.0,38.87,23.3321
174,-0.0001,-0.0002,100.0,518.67,642.64,1599.81,1422.58,14.62,21.61,552.32,2388.22,9041.25,1.3,48.0,520.22,2388.21,8119.17,8.4476,0.03,393,2388,100.0,38.57,23.0357
246,-0.0021,-0.0004,100.0,518.67,643.03,1599.22,1424.23,14.62,21.61,551.53,2388.19,9086.62,1.3,48.06,520.39,2388.15,8161.96,8.4553,0.03,395,2388,100.0,38.67,23.1453
68,-0.0006,-0.0001,100.0,518.67,642.73,1593.25,1413.68,14.62,21.61,553.45,2388.1,9069.39,1.3,47.34,522.14,2388.12,8147.8,8.428,0.03,392,2388,100.0,38.8,23.3597
51,-0.001,0.0003,100.0,518.67,642.81,1585.54,1400.42,14.62,21.61,553.73,2388.02,9047.09,1.3,47.12,521.91,2388.05,8134.36,8.4504,0.03,393,2388,100.0,38.94,23.3651
120,0.0018,-0.0001,100.0,518.67,643.39,1600.21,1419.3,14.62,21.61,552.95,2388.29,9040.99,1.3,47.62,520.17,2388.22,8117.34,8.4742,0.03,395,2388,100.0,38.48,23.1435
45,-0.0032,0.0004,100.0,518.67,642.03,1582.99,1397.49,14.62,21.61,554.82,2388.0,9056.6,1.3,47.16,522.39,2387.95,8142.3,8.3736,0.03,392,2388,100.0,39.03,23.4351
55,0.0001,0.0003,100.0,518.67,642.29,1576.47,1397.52,14.62,21.61,554.18,2388.12,9066.42,1.3,47.23,522.28,2388.05,8146.94,8.387,0.03,392,2388,100.0,38.95,23.3158
86,-0.0012,0.0004,100.0,518.67,641.84,1588.8,1403.56,14.62,21.61,553.69,2388.1,9047.26,1.3,47.38,521.82,2388.09,8130.06,8.4173,0.03,394,2388,100.0,38.94,23.3945
143,0.0025,0.0004,100.0,518.67,642.21,1585.8,1394.37,14.62,21.61,554.3,2387.99,9095.35,1.3,47.36,521.65,2388.01,8172.29,8.4349,0.03,393,2388,100.0,38.99,23.4394
208,0.0004,0.0004,100.0,518.67,642.6,1590.29,1407.93,14.62,21.61,553.09,2388.05,9061.96,1.3,47.51,521.64,2388.11,8140.99,8.458,0.03,394,2388,100.0,38.75,23.2931
47,-0.0007,0.0004,100.0,518.67,641.74,1593.18,1396.56,14.62,21.61,553.37,2388.01,9059.45,1.3,47.48,522.16,2388.01,8140.59,8.3926,0.03,390,2388,100.0,39.06,23.3375
165,0.0008,-0.0002,100.0,518.67,642.29,1592.6,1402.31,14.62,21.61,553.4,2388.03,9073.04,1.3,47.41,521.81,2388.05,8152.71,8.3999,0.03,391,2388,100.0,38.92,23.2709
92,0.0015,0.0004,100.0,518.67,642.41,1590.17,1403.99,14.62,21.61,554.49,2388.08,9055.76,1.3,47.55,521.56,2388.12,8143.49,8.4255,0.03,393,2388,100.0,38.79,23.284
1,-0.0011,-0.0004,100.0,518.67,642.25,1589.3,1409.25,14.62,21.61,553.83,2388.03,9050.25,1.3,47.49,521.34,2388.1,8122.88,8.4875,0.03,393,2388,100.0,38.95,23.2628
17,0.0004,-0.0003,100.0,518.67,642.28,1586.23,1394.06,14.62,21.61,554.31,2388.02,9067.37,1.3,47.04,522.52,2387.98,8147.85,8.4156,0.03,390,2388,100.0,39.03,23.3913
126,-0.0018,-0.0004,100.0,518.67,642.97,1584.93,1420.15,14.62,21.61,552.99,2388.13,9073.51,1.3,47.62,521.4,2388.14,8149.6,8.4645,0.03,394,2388,100.0,38.79,23.2482
164,0.0018,0.0004,100.0,518.67,643.17,1593.99,1421.13,14.62,21.61,553.49,2388.1,9058.68,1.3,47.57,520.52,2388.17,8140.33,8.4629,0.03,394,2388,100.0,38.79,23.229
129,0.0025,0.0004,100.0,518.67,642.88,1590.88,1416.49,14.62,21.61,552.52,2388.17,9055.05,1.3,47.85,520.4,2388.15,8128.44,8.4572,0.03,395,2388,100.0,38.6,23.1416
47,-0.0008,0.0004,100.0,518.67,643.04,1597.01,1406.95,14.62,21.61,553.97,2388.05,9057.8,1.3,47.45,522.03,2388.08,8136.36,8.4127,0.03,394,2388,100.0,39.24,23.3204
22,-0.0018,0.0003,100.0,518.67,642.21,1591.23,1407.09,14.62,21.61,552.39,2388.08,9055.42,1.3,47.57,521.41,2388.16,8138.1,8.4825,0.03,392,2388,100.0,38.8,23.3909
27,-0.0007,0.0004,100.0,518.67,642.41,1592.51,1409.84,14.62,21.61,553.69,2388.13,9046.1,1.3,47.49,521.6,2388.13,8122.99,8.4303,0.03,392,2388,100.0,38.94,23.2167
134,-0.0012,-0.0004,100.0,518.67,644.09,1605.88,1430.21,14.62,21.61,551.7,2388.18,9101.06,1.3,48.07,519.38,2388.18,8172.19,8.5328,0.03,397,2388,100.0,38.28,23.0637
74,-0.0017,-0.0005,100.0,518.67,642.31,1586.39,1416.03,14.62,21.61,553.72,2388.11,9053.05,1.3,47.54,521.27,2388.14,8127.25,8.4426,0.03,392,2388,100.0,38.8,23.1674
67,-0.0023,-0.0002,100.0,518.67,642.17,1587.07,1404.48,14.62,21.61,554.29,2388.08,9060.12,1.3,47.38,522.31,2388.05,8146.81,8.4276,0.03,391,2388,100.0,38.91,23.3862
144,0.0015,-0.0005,100.0,518.67,643.68,1590.73,1425.19,14.62,21.61,551.58,2388.33,9038.57,1.3,47.97,520.04,2388.23,8121.4,8.5121,0.03,395,2388,100.0,38.55,23.2047
193,-0.0003,0.0001,100.0,518.67,642.55,1589.42,1414.49,14.62,21.61,552.88,2388.09,9088.74,1.3,47.57,521.71,2388.02,8166.44,8.4162,0.03,393,2388,100.0,38.72,23.2404
17,-0.0008,0.0003,100.0,518.67,642.06,1583.64,1406.43,14.62,21.6,554.16,2388.0,9070.49,1.3,47.06,522.62,2388.05,8152.64,8.3696,0.03,391,2388,100.0,38.85,23.4428
13,-0.0027,0.0,100.0,518.67,641.46,1584.87,1402.07,14.62,21.61,554.73,2387.99,9054.42,1.3,47.15,522.12,2388.0,8144.55,8.406,0.03,393,2388,100.0,39.02,23.5109
99,0.0022,0.0001,100.0,518.67,642.51,1588.5,1400.65,14.62,21.61,553.98,2387.98,9071.09,1.3,47.28,522.54,2388.05,8150.79,8.4058,0.03,390,2388,100.0,39.03,23.3504
54,-0.0015,-0.0004,100.0,518.67,642.49,1598.95,1409.73,14.62,21.61,553.81,2388.14,9056.1,1.3,47.59,521.99,2388.14,8126.43,8.4264,0.03,395,2388,100.0,38.77,23.3513
24,0.0013,-0.0002,100.0,518.67,642.64,1587.84,1408.88,14.62,21.61,552.66,2388.1,9042.18,1.3,47.54,521.47,2388.14,8119.7,8.4512,0.03,394,2388,100.0,38.77,23.2691
158,-0.0002,0.0005,100.0,518.67,643.22,1593.07,1415.83,14.62,21.61,551.98,2388.22,9047.53,1.3,48.08,520.21,2388.2,8129.73,8.4849,0.03,393,2388,100.0,38.74,23.3006
135,-0.0023,-0.0001,100.0,518.67,643.57,1599.64,1417.99,14.62,21.61,552.18,2388.24,9054.31,1.3,47.92,520.33,2388.26,8124.13,8.5098,0.03,394,2388,100.0,38.6,23.114
33,0.0034,0.0001,100.0,518.67,642.29,1587.38,1405.33,14.62,21.61,553.9,2388.08,9064.09,1.3,47.38,521.83,2388.05,8141.57,8.4567,0.03,391,2388,100.0,38.79,23.2188
44,-0.002,-0.0002,100.0,518.67,642.67,1588.97,1397.97,14.62,21.61,552.55,2388.11,9056.0,1.3,47.58,521.61,2388.1,8138.74,8.4454,0.03,395,2388,100.0,38.78,23.3451
164,-0.0023,-0.0003,100.0,518.67,643.57,1590.89,1415.32,14.62,21.61,553.16,2388.08,9082.87,1.3,47.56,520.83,2388.08,8155.72,8.4377,0.03,393,2388,100.0,38.61,23.2545
76,0.0014,-0.0004,100.0,518.67,641.9,1586.43,1404.36,14.62,21.61,553.85,2388.06,9060.61,1.3,47.28,522.46,2387.96,8142.51,8.4246,0.03,392,2388,100.0,39.05,23.4147
83,-0.0025,-0.0003,100.0,518.67,643.08,1589.53,1404.95,14.62,21.61,553.7,2388.05,9065.41,1.3,47.42,521.91,2388.07,8150.37,8.4156,0.03,392,2388,100.0,38.78,23.2308
55,0.001,-0.0004,100.0,518.67,642.89,1589.28,1407.39,14.62,21.61,553.87,2388.11,9061.96,1.3,47.6,520.85,2388.09,8135.81,8.4096,0.03,391,2388,100.0,38.82,23.2144
148,0.0005,-0.0,100.0,518.67,643.33,1597.24,1415.9,14.62,21.61,552.45,2388.14,9065.2,1.3,47.96,520.54,2388.17,8136.69,8.4605,0.03,394,2388,100.0,38.89,23.0668
35,-0.0,-0.0002,100.0,518.67,641.91,1585.18,1396.24,14.62,21.61,554.76,2387.98,9064.02,1.3,47.21,522.72,2388.06,8138.38,8.4236,0.03,392,2388,100.0,39.16,23.4367
82,0.0015,0.0004,100.0,518.67,643.12,1588.05,1411.68,14.62,21.61,553.54,2388.11,9051.48,1.3,47.65,521.32,2388.08,8133.77,8.4611,0.03,393,2388,100.0,38.62,23.3497
83,-0.0021,0.0003,100.0,518.67,641.76,1585.4,1397.5,14.62,21.61,554.15,2387.98,9069.92,1.3,47.17,521.97,2388.0,8150.5,8.4005,0.03,392,2388,100.0,38.83,23.4324
267,0.0031,0.0004,100.0,518.67,643.51,1608.86,1421.63,14.62,21.61,551.75,2388.1,9151.9,1.3,47.93,520.84,2388.18,8215.02,8.5067,0.03,396,2388,100.0,38.44,23.1876
208,-0.0017,0.0001,100.0,518.67,642.38,1590.81,1409.99,14.62,21.61,553.08,2388.15,9058.21,1.3,47.6,520.26,2388.15,8137.29,8.4713,0.03,394,2388,100.0,38.95,23.293
126,0.0001,0.0005,100.0,518.67,643.15,1599.98,1420.01,14.62,21.61,552.09,2388.26,9045.89,1.3,47.9,520.26,2388.19,8123.39,8.5094,0.03,395,2388,100.0,38.51,23.1537
27,0.0022,0.0004,100.0,518.67,642.55,1593.03,1395.38,14.62,21.61,554.34,2387.97,9073.71,1.3,47.08,522.77,2387.95,8144.51,8.3595,0.03,392,2388,100.0,39.03,23.4669
163,-0.001,0.0001,100.0,518.67,643.65,1602.86,1419.81,14.62,21.61,550.42,2388.26,9029.11,1.3,47.96,520.14,2388.26,8115.17,8.5042,0.03,396,2388,100.0,38.42,23.1404
130,-0.0017,-0.0004,100.0,518.67,643.41,1595.04,1418.48,14.62,21.61,551.9,2388.24,9043.58,1.3,47.86,520.32,2388.24,8128.96,8.4336,0.03,396,2388,100.0,38.69,23.1258
16,-0.0017,0.0,100.0,518.67,642.47,1586.89,1399.49,14.62,21.61,553.78,2388.03,9062.57,1.3,47.14,522.59,2388.03,8146.31,8.3916,0.03,392,2388,100.0,38.95,23.3416
18,-0.0001,-0.0005,100.0,518.67,642.75,1593.13,1406.56,14.62,21.61,553.37,2388.1,9047.39,1.3,47.6,521.63,2388.18,8124.01,8.3984,0.03,393,2388,100.0,38.94,23.1498
148,0.0036,-0.0001,100.0,518.67,643.02,1597.38,1418.73,14.62,21.61,551.66,2388.22,9059.03,1.3,47.92,520.32,2388.22,8126.23,8.4928,0.03,394,2388,100.0,38.43,23.121
259,0.0043,-0.0001,100.0,518.67,644.15,1599.33,1435.04,14.62,21.61,551.97,2388.19,9075.94,1.3,47.97,519.1,2388.24,8145.75,8.5162,0.03,396,2388,100.0,38.46,23.0596
61,-0.0005,0.0001,100.0,518.67,642.05,1583.88,1393.56,14.62,21.61,554.41,2388.01,9050.78,1.3,47.19,522.41,2388.04,8138.47,8.4082,0.03,392,2388,100.0,38.99,23.3624
37,0.0021,-0.0002,100.0,518.67,642.22,1583.19,1392.92,14.62,21.61,555.34,2387.99,9055.9,1.3,47.31,522.26,2387.99,8143.49,8.4177,0.03,392,2388,100.0,39.11,23.4552
9,0.0008,0.0002,100.0,518.67,642.53,1582.27,1399.12,14.62,21.61,553.57,2388.0,9056.76,1.3,47.5,522.66,2388.03,8139.81,8.4297,0.03,391,2388,100.0,39.05,23.3284
209,-0.0006,-0.0002,100.0,518.67,642.79,1585.13,1405.09,14.62,21.61,553.82,2388.1,9064.99,1.3,47.62,521.19,2388.08,8137.47,8.4505,0.03,393,2388,100.0,38.75,23.2816
102,-0.0058,0.0004,100.0,518.67,642.16,1584.69,1402.89,14.62,21.61,553.74,2388.07,9059.28,1.3,47.45,522.31,2388.01,8137.85,8.4326,0.03,393,2388,100.0,38.98,23.4357
253,0.0025,-0.0004,100.0,518.67,643.26,1596.33,1422.78,14.62,21.61,552.21,2388.14,9096.8,1.3,47.84,520.15,2388.18,8161.39,8.4922,0.03,397,2388,100.0,38.53,23.2026
114,-0.0013,0.0,100.0,518.67,642.62,1589.31,1409.5,14.62,21.61,553.45,2388.16,9085.75,1.3,47.62,520.56,2388.12,8154.36,8.4495,0.03,393,2388,100.0,38.75,23.3215
12,0.0003,-0.0001,100.0,518.67,642.96,1590.68,1406.24,14.62,21.61,553.98,2388.1,9052.12,1.3,47.44,521.53,2388.14,8129.72,8.4189,0.03,394,2388,100.0,38.75,23.3658
112,-0.0021,0.0003,100.0,518.67,642.2,1594.87,1412.42,14.62,21.61,553.26,2388.06,9058.45,1.3,47.51,521.86,2388.14,8129.0,8.4227,0.03,393,2388,100.0,38.86,23.2675
116,-0.0019,0.0004,100.0,518.67,642.64,1599.91,1417.13,14.62,21.61,552.98,2388.14,9053.55,1.3,47.66,521.07,2388.14,8130.66,8.4542,0.03,394,2388,100.0,38.73,23.3121
63,0.0003,-0.0,100.0,518.67,642.53,1590.99,1406.93,14.62,21.61,553.27,2388.08,9049.11,1.3,47.41,521.71,2388.05,8125.43,8.4582,0.03,394,2388,100.0,38.85,23.3362
115,-0.0019,0.0001,100.0,518.67,642.47,1588.83,1409.51,14.62,21.61,553.28,2388.12,9054.23,1.3,47.55,521.32,2388.11,8130.71,8.4213,0.03,392,2388,100.0,38.87,23.4081
168,-0.0013,-0.0005,100.0,518.67,643.27,1605.39,1424.66,14.62,21.61,551.99,2388.19,9120.77,1.3,48.07,519.95,2388.18,8194.39,8.5478,0.03,394,2388,100.0,38.43,23.0102
53,0.0032,0.0004,100.0,518.67,642.56,1584.63,1408.94,14.62,21.61,553.14,2388.06,9060.79,1.3,47.46,522.0,2388.07,8141.03,8.4146,0.03,392,2388,100.0,38.78,23.3635
110,0.001,0.0,100.0,518.67,642.61,1587.91,1409.73,14.62,21.61,553.39,2388.17,9040.57,1.3,47.59,520.66,2388.18,8118.24,8.408,0.03,394,2388,100.0,38.85,23.2346
172,0.0001,-0.0002,100.0,518.67,642.9,1592.19,1414.09,14.62,21.61,553.12,2388.08,9083.27,1.3,47.49,521.11,2388.11,8156.42,8.4514,0.03,393,2388,100.0,38.8,23.2291
168,0.0011,0.0004,100.0,518.67,642.85,1593.11,1405.85,14.62,21.61,553.0,2388.06,9070.01,1.3,47.63,521.56,2388.02,8157.27,8.4502,0.03,392,2388,100.0,38.83,23.2959
98,-0.0026,-0.0001,100.0,518.67,642.53,1590.54,1413.09,14.62,21.61,553.34,2388.14,9066.85,1.3,47.55,521.33,2388.13,8139.36,8.461,0.03,392,2388,100.0,38.53,23.3426
36,-0.0003,-0.0004,100.0,518.67,642.27,1590.78,1413.47,14.62,21.61,553.27,2388.08,9054.84,1.3,47.48,521.12,2388.1,8127.22,8.404,0.03,393,2388,100.0,38.94,23.2578
47,-0.0005,0.0003,100.0,518.67,641.82,1578.14,1396.33,14.62,21.61,555.05,2387.97,9054.61,1.3,47.25,521.84,2388.02,8144.42,8.4105,0.03,391,2388,100.0,38.91,23.4262
80,0.0067,-0.0004,100.0,518.67,642.71,1591.58,1411.07,14.62,21.61,553.65,2388.12,9051.04,1.3,47.48,521.19,2388.16,8129.4,8.4636,0.03,392,2388,100.0,39.0,23.2872
46,-0.0048,-0.0005,100.0,518.67,641.97,1584.78,1403.02,14.62,21.61,553.91,2388.04,9059.07,1.3,47.17,522.34,2387.96,8139.87,8.4241,0.03,391,2388,100.0,38.87,23.4554
76,-0.0017,0.0001,100.0,518.67,642.89,1585.87,1404.59,14.62,21.61,553.14,2388.09,9056.22,1.3,47.3,521.69,2388.05,8134.11,8.4534,0.03,393,2388,100.0,38.87,23.33
41,-0.0032,0.0004,100.0,518.67,642.12,1587.96,1394.48,14.62,21.61,554.26,2388.01,9060.24,1.3,47.31,522.53,2388.03,8151.48,8.4488,0.03,393,2388,100.0,38.96,23.3425
157,-0.0005,-0.0,100.0,518.67,642.82,1591.95,1401.39,14.62,21.61,554.36,2388.05,9117.58,1.3,47.5,522.01,2388.01,8180.59,8.4341,0.03,393,2388,100.0,38.86,23.2617
141,0.0013,-0.0002,100.0,518.67,643.12,1590.49,1414.89,14.62,21.61,553.02,2388.14,9078.09,1.3,47.77,521.5,2388.11,8154.82,8.4868,0.03,394,2388,100.0,38.58,23.2571
66,0.0011,0.0002,100.0,518.67,642.73,1581.98,1411.95,14.62,21.61,552.87,2388.1,9055.96,1.3,47.63,521.57,2388.07,8134.26,8.4369,0.03,394,2388,100.0,39.04,23.2346
161,0.004,0.0003,100.0,518.67,642.67,1588.38,1412.6,14.62,21.61,553.09,2388.08,9106.12,1.3,47.79,521.39,2388.11,8183.52,8.448,0.03,394,2388,100.0,38.73,23.0868
185,0.0017,-0.0005,100.0,518.67,642.33,1580.72,1404.39,14.62,21.61,553.99,2388.12,9061.07,1.3,47.49,521.18,2388.06,8146.7,8.4405,0.03,394,2388,100.0,38.83,23.4062
211,-0.0006,-0.0005,100.0,518.67,642.96,1605.71,1433.16,14.62,21.61,551.77,2388.2,9097.78,1.3,48.14,520.18,2388.21,8173.23,8.4635,0.03,396,2388,100.0,38.25,23.0423
99,-0.0001,0.0004,100.0,518.67,642.13,1586.34,1399.85,14.62,21.61,552.83,2388.07,9066.1,1.3,47.45,521.82,2388.14,8146.58,8.4487,0.03,393,2388,100.0,38.86,23.2877
21,-0.0013,0.0001,100.0,518.67,641.9,1580.28,1400.49,14.62,21.61,554.12,2388.01,9059.69,1.3,47.22,522.73,2388.05,8138.83,8.4199,0.03,392,2388,100.0,39.23,23.4448
1,-0.0007,-0.0004,100.0,518.67,641.82,1589.7,1400.6,14.62,21.61,554.36,2388.06,9046.19,1.3,47.47,521.66,2388.02,8138.62,8.4195,0.03,392,2388,100.0,39.06,23.419
80,-0.0019,0.0,100.0,518.67,642.4,1590.48,1407.36,14.62,21.61,552.65,2388.1,9061.05,1.3,47.45,520.98,2388.11,8146.05,8.44,0.03,392,2388,100.0,38.71,23.37
160,-0.0004,0.0005,100.0,518.67,643.31,1595.32,1415.59,14.62,21.61,552.9,2388.09,9070.25,1.3,47.81,521.27,2388.14,8142.16,8.4556,0.03,397,2388,100.0,38.73,23.1871
112,-0.0022,-0.0004,100.0,518.67,642.29,1580.31,1404.73,14.62,21.61,554.96,2388.11,9062.57,1.3,47.16,521.61,2388.1,8138.96,8.4012,0.03,392,2388,100.0,39.0,23.4581
106,-0.0004,-0.0001,100.0,518.67,642.48,1585.6,1409.05,14.62,21.61,553.53,2388.05,9081.04,1.3,47.48,521.22,2388.09,8159.22,8.4638,0.03,392,2388,100.0,38.73,23.1954
173,-0.0029,0.0002,100.0,518.67,643.45,1597.11,1423.89,14.62,21.61,551.37,2388.26,9032.51,1.3,48.05,519.93,2388.24,8111.88,8.4775,0.03,396,2388,100.0,38.6,23.1312
18,-0.0001,-0.0001,100.0,518.67,642.2,1593.38,1409.63,14.62,21.61,552.95,2388.17,9042.87,1.3,47.71,521.19,2388.1,8115.54,8.4579,0.03,393,2388,100.0,38.98,23.2242
39,0.0012,-0.0003,100.0,518.67,642.18,1591.04,1394.96,14.62,21.61,553.98,2387.99,9075.7,1.3,47.35,521.75,2388.01,8154.62,8.3753,0.03,392,2388,100.0,39.18,23.3421
129,0.0019,-0.0001,100.0,518.67,641.78,1590.87,1395.24,14.62,21.61,554.01,2388.06,9068.22,1.3,47.32,521.83,2388.03,8150.05,8.4173,0.03,392,2388,100.0,38.94,23.2828
32,0.0026,-0.0004,100.0,518.67,642.0,1582.29,1395.04,14.62,21.61,554.47,2387.97,9062.42,1.3,47.11,522.77,2387.95,8147.15,8.3576,0.03,392,2388,100.0,39.03,23.4168
158,0.0012,-0.0001,100.0,518.67,643.7,1598.55,1437.88,14.62,21.61,551.59,2388.23,9095.15,1.3,48.29,519.83,2388.23,8160.09,8.5497,0.03,396,2388,100.0,38.22,23.0342
33,-0.0007,0.0001,100.0,518.67,642.65,1586.61,1400.47,14.62,21.61,552.91,2388.03,9057.01,1.3,47.6,521.81,2388.05,8142.84,8.409,0.03,393,2388,100.0,38.93,23.3823
49,0.0006,-0.0002,100.0,518.67,642.31,1586.18,1412.48,14.62,21.61,552.89,2388.13,9045.15,1.3,47.68,522.08,2388.1,8132.71,8.4241,0.03,393,2388,100.0,38.78,23.2968
78,0.0031,0.0004,100.0,518.67,642.35,1590.28,1406.97,14.62,21.61,553.14,2388.03,9065.35,1.3,47.64,521.97,2388.03,8142.11,8.4081,0.03,391,2388,100.0,38.8,23.2835
49,-0.0017,0.0004,100.0,518.67,642.28,1583.82,1397.94,14.62,21.61,554.61,2387.99,9058.71,1.3,47.2,522.17,2387.98,8142.06,8.3839,0.03,391,2388,100.0,39.12,23.3419
15,-0.0036,-0.0001,100.0,518.67,642.17,1587.61,1394.65,14.62,21.6,554.16,2388.02,9070.49,1.3,47.31,522.47,2388.01,8148.07,8.4253,0.03,392,2388,100.0,39.14,23.4874
22,-0.0001,-0.0004,100.0,518.67,642.36,1581.65,1408.38,14.62,21.61,554.21,2388.05,9062.68,1.3,47.44,521.75,2388.1,8136.41,8.3917,0.03,391,2388,100.0,38.94,23.3777
26,-0.0034,-0.0004,100.0,518.67,642.79,1596.22,1402.24,14.62,21.61,553.01,2388.12,9065.03,1.3,47.48,521.64,2388.09,8136.92,8.452,0.03,395,2388,100.0,38.62,23.1935
44,-0.0005,0.0005,100.0,518.67,641.72,1590.2,1400.09,14.62,21.6,553.94,2388.03,9055.95,1.3,47.17,522.35,2387.99,8142.0,8.4216,0.03,392,2388,100.0,38.94,23.3515
93,0.0019,-0.0001,100.0,518.67,642.7,1587.11,1402.29,14.62,21.61,554.17,2388.02,9076.52,1.3,47.43,522.23,2388.05,8151.3,8.4343,0.03,393,2388,100.0,38.93,23.3579
49,-0.0048,0.0003,100.0,518.67,642.05,1584.38,1397.22,14.62,21.61,554.33,2388.01,9068.64,1.3,47.23,522.01,2387.98,8143.78,8.3989,0.03,391,2388,100.0,39.05,23.371
6,-0.0013,0.0002,100.0,518.67,641.82,1571.99,1397.98,14.62,21.61,553.56,2387.95,9060.16,1.3,47.26,522.6,2388.02,8143.69,8.3724,0.03,392,2388,100.0,38.93,23.4899
140,-0.001,-0.0004,100.0,518.67,643.12,1593.11,1404.92,14.62,21.61,553.18,2388.09,9055.01,1.3,47.48,521.68,2388.1,8141.58,8.4686,0.03,392,2388,100.0,38.8,23.3253
15,-0.0003,0.0001,100.0,518.67,642.11,1582.02,1406.85,14.62,21.61,553.75,2388.1,9044.48,1.3,47.2,521.85,2388.06,8125.89,8.4046,0.03,393,2388,100.0,38.93,23.4104
2,0.0026,-0.0001,100.0,518.67,642.65,1586.85,1407.05,14.62,21.61,553.99,2388.06,9064.74,1.3,47.32,522.29,2388.07,8141.85,8.4543,0.03,392,2388,100.0,38.74,23.5065
195,-0.001,-0.0004,100.0,518.67,643.84,1601.67,1429.44,14.62,21.61,551.55,2388.16,9097.21,1.3,48.12,520.3,2388.17,8162.39,8.5201,0.03,395,2388,100.0,38.54,23.0818
133,-0.0022,-0.0002,100.0,518.67,642.19,1577.58,1405.78,14.62,21.61,553.86,2388.07,9056.16,1.3,47.47,521.34,2388.07,8135.66,8.4078,0.03,394,2388,100.0,39.05,23.2832
51,0.0026,-0.0,100.0,518.67,643.17,1588.28,1406.11,14.62,21.61,553.11,2388.1,9062.12,1.3,47.46,521.13,2388.11,8141.1,8.4609,0.03,393,2388,100.0,38.9,23.233
66,-0.0022,-0.0001,100.0,518.67,642.68,1588.12,1404.56,14.62,21.61,553.42,2388.12,9053.66,1.3,47.52,521.9,2388.12,8130.46,8.4193,0.03,393,2388,100.0,38.81,23.2994
231,0.0022,-0.0001,100.0,518.67,642.63,1584.94,1412.29,14.62,21.61,553.32,2388.13,9078.28,1.3,47.76,521.38,2388.13,8148.92,8.4417,0.03,395,2388,100.0,38.82,23.3352
133,-0.0027,-0.0001,100.0,518.67,643.17,1595.73,1421.87,14.62,21.61,552.6,2388.16,9086.35,1.3,47.84,520.7,2388.1,8166.49,8.4554,0.03,393,2388,100.0,38.73,23.2046
159,0.0004,0.0004,100.0,518.67,642.35,1599.09,1406.3,14.62,21.61,553.48,2388.05,9105.0,1.3,47.39,522.01,2388.02,8186.2,8.4451,0.03,394,2388,100.0,38.91,23.3701
3,0.0042,0.0,100.0,518.67,641.78,1585.31,1400.54,14.62,21.61,553.67,2388.12,9051.11,1.3,47.39,521.46,2388.09,8125.17,8.435,0.03,394,2388,100.0,38.82,23.2387
180,-0.0038,0.0002,100.0,518.67,643.28,1592.47,1425.74,14.62,21.61,551.82,2388.08,9124.41,1.3,47.9,520.18,2388.1,8197.22,8.4731,0.03,396,2388,100.0,38.76,23.1245
72,-0.0001,-0.0005,100.0,518.67,642.85,1584.8,1409.4,14.62,21.61,553.28,2388.07,9070.38,1.3,47.5,522.03,2388.13,8142.34,8.4406,0.03,392,2388,100.0,38.82,23.2761
99,-0.0002,0.0001,100.0,518.67,643.25,1591.29,1415.57,14.62,21.61,552.79,2388.16,9060.37,1.3,47.71,520.66,2388.12,8134.91,8.4287,0.03,394,2388,100.0,38.68,23.3497
122,0.0016,-0.0002,100.0,518.67,643.03,1589.73,1414.77,14.62,21.61,552.94,2388.12,9075.46,1.3,47.69,521.32,2388.05,8156.4,8.4373,0.03,393,2388,100.0,38.78,23.153
20,0.0002,0.0003,100.0,518.67,642.29,1572.67,1394.47,14.62,21.6,554.41,2388.0,9058.46,1.3,47.09,522.09,2388.01,8138.34,8.3674,0.03,392,2388,100.0,39.24,23.4428
173,-0.0023,-0.0003,100.0,518.67,643.86,1605.08,1432.1,14.62,21.61,551.54,2388.22,9172.54,1.3,48.28,519.97,2388.14,8240.39,8.5099,0.03,398,2388,100.0,38.4,22.9874
177,-0.0015,0.0001,100.0,518.67,642.92,1592.53,1414.73,14.62,21.61,553.3,2388.22,9063.23,1.3,47.74,520.56,2388.17,8144.99,8.4738,0.03,395,2388,100.0,38.69,23.1155
141,0.0003,-0.0003,100.0,518.67,643.0,1583.94,1412.73,14.62,21.61,552.67,2388.12,9062.92,1.3,47.59,521.55,2388.19,8145.93,8.4551,0.03,393,2388,100.0,38.61,23.3516
192,0.0016,-0.0001,100.0,518.67,642.93,1591.79,1409.32,14.62,21.61,553.19,2388.17,9057.62,1.3,47.46,520.64,2388.12,8133.59,8.4582,0.03,393,2388,100.0,38.94,23.3407
130,-0.0012,0.0002,100.0,518.67,643.14,1588.93,1415.13,14.62,21.61,552.34,2388.13,9098.26,1.3,47.76,521.13,2388.16,8172.5,8.4932,0.03,393,2388,100.0,38.71,23.1785
135,0.0009,-0.0002,100.0,518.67,642.02,1580.12,1404.56,14.62,21.61,554.52,2388.01,9051.53,1.3,47.34,522.13,2388.03,8129.68,8.4108,0.03,392,2388,100.0,38.91,23.3992
152,0.0008,0.0004,100.0,518.67,642.71,1594.38,1415.78,14.62,21.61,553.31,2388.1,9084.92,1.3,47.72,520.8,2388.13,8160.4,8.46,0.03,394,2388,100.0,38.62,23.201
204,-0.0006,-0.0001,100.0,518.67,643.86,1598.86,1427.74,14.62,21.61,551.12,2388.24,9059.76,1.3,47.99,519.63,2388.31,8131.7,8.4722,0.03,396,2388,100.0,38.41,23.0637
165,0.0006,-0.0002,100.0,518.67,642.64,1586.58,1409.72,14.62,21.61,553.3,2388.14,9091.95,1.3,47.47,520.98,2388.07,8161.42,8.4256,0.03,395,2388,100.0,38.76,23.3594
137,-0.0004,-0.0003,100.0,518.67,644.15,1596.45,1432.49,14.62,21.61,550.95,2388.32,9036.5,1.3,48.26,519.07,2388.28,8108.28,8.5533,0.03,394,2388,100.0,38.24,23.0412
43,0.0009,0.0004,100.0,518.67,643.0,1588.38,1406.64,14.62,21.61,553.33,2388.09,9055.01,1.3,47.52,521.41,2388.08,8139.11,8.4503,0.03,393,2388,100.0,39.09,23.2629
76,0.0009,0.0,100.0,518.67,642.92,1601.85,1409.0,14.62,21.61,553.93,2388.11,9045.3,1.3,47.56,521.33,2388.13,8131.12,8.4467,0.03,394,2388,100.0,38.75,23.2092
97,-0.0001,0.0002,100.0,518.67,642.19,1589.82,1405.18,14.62,21.61,553.52,2388.09,9059.85,1.3,47.48,521.48,2388.13,8138.24,8.4546,0.03,391,2388,100.0,38.92,23.2866
146,0.0017,0.0004,100.0,518.67,643.71,1589.2,1413.64,14.62,21.61,553.85,2388.07,9109.59,1.3,47.43,521.16,2388.03,8183.78,8.458,0.03,393,2388,100.0,38.74,23.331
163,-0.0026,-0.0002,100.0,518.67,642.37,1598.88,1409.36,14.62,21.61,553.9,2388.02,9092.77,1.3,47.61,520.85,2388.03,8165.11,8.4683,0.03,394,2388,100.0,38.88,23.3096
189,0.0022,-0.0004,100.0,518.67,643.05,1594.45,1418.05,14.62,21.61,552.74,2388.11,9064.61,1.3,47.89,521.26,2388.19,8144.31,8.4764,0.03,395,2388,100.0,38.61,23.2704
43,-0.0016,0.0002,100.0,518.67,641.34,1584.5,1396.26,14.62,21.61,553.72,2388.03,9055.69,1.3,47.02,522.43,2388.08,8139.6,8.4054,0.03,393,2388,100.0,39.09,23.3709
166,0.0001,-0.0003,100.0,518.67,642.4,1592.82,1415.63,14.62,21.61,553.87,2388.07,9066.35,1.3,47.56,520.81,2388.12,8145.37,8.4388,0.03,392,2388,100.0,38.97,23.2978
172,0.0058,-0.0003,100.0,518.67,643.47,1600.63,1406.05,14.62,21.61,553.15,2388.06,9143.07,1.3,47.82,521.35,2388.05,8211.4,8.4363,0.03,394,2388,100.0,38.85,23.2209
35,0.004,-0.0,100.0,518.67,643.13,1594.79,1406.94,14.62,21.61,553.33,2388.14,9045.08,1.3,47.27,521.66,2388.14,8119.6,8.4148,0.03,391,2388,100.0,38.94,23.2157
141,0.0051,0.0004,100.0,518.67,642.9,1599.73,1420.41,14.62,21.61,552.92,2388.14,9062.38,1.3,47.62,521.73,2388.13,8136.49,8.4522,0.03,395,2388,100.0,38.84,23.1094
5,0.0039,0.0002,100.0,518.67,642.31,1587.08,1408.78,14.62,21.61,553.4,2388.1,9044.92,1.3,47.5,521.76,2388.07,8125.88,8.4607,0.03,394,2388,100.0,38.73,23.3338
199,-0.0009,0.0002,100.0,518.67,643.68,1597.76,1418.77,14.62,21.61,551.23,2388.25,9051.72,1.3,48.0,519.71,2388.28,8120.9,8.5103,0.03,396,2388,100.0,38.63,23.1097
16,-0.0009,0.0003,100.0,518.67,641.81,1584.15,1405.48,14.62,21.61,553.85,2388.11,9064.26,1.3,47.43,521.75,2388.01,8138.77,8.4279,0.03,392,2388,100.0,38.89,23.288
18,0.001,0.0003,100.0,518.67,642.33,1589.33,1396.85,14.62,21.61,554.96,2388.07,9038.26,1.3,47.33,521.78,2388.05,8126.71,8.4167,0.03,390,2388,100.0,38.96,23.3844
25,-0.0003,0.0002,100.0,518.67,642.9,1588.45,1414.77,14.62,21.61,553.52,2388.08,9052.01,1.3,47.5,521.37,2388.1,8134.85,8.4596,0.03,394,2388,100.0,38.87,23.3002
204,0.0026,-0.0001,100.0,518.67,643.11,1580.1,1412.49,14.62,21.61,552.36,2388.11,9061.04,1.3,47.65,520.49,2388.17,8146.3,8.4868,0.03,394,2388,100.0,38.74,23.2261
54,-0.0024,0.0005,100.0,518.67,642.22,1585.77,1395.13,14.62,21.61,554.6,2388.01,9055.78,1.3,47.29,521.85,2388.04,8143.16,8.3783,0.03,391,2388,100.0,38.94,23.4104
118,-0.0005,0.0004,100.0,518.67,642.43,1589.58,1397.3,14.62,21.61,554.27,2388.02,9083.68,1.3,47.46,521.13,2388.02,8154.7,8.4467,0.03,391,2388,100.0,38.93,23.389
112,0.0014,-0.0002,100.0,518.67,643.48,1588.27,1415.87,14.62,21.61,552.81,2388.17,9061.73,1.3,47.89,521.35,2388.13,8135.31,8.4529,0.03,394,2388,100.0,38.82,23.1502
36,0.0004,0.0005,100.0,518.67,642.06,1590.71,1399.61,14.62,21.61,553.99,2387.98,9065.7,1.3,47.23,522.56,2388.01,8140.15,8.4054,0.03,393,2388,100.0,39.09,23.2457
162,0.0007,0.0,100.0,518.67,643.31,1588.03,1415.55,14.62,21.61,552.7,2388.11,9092.14,1.3,47.7,520.88,2388.11,8165.3,8.5071,0.03,393,2388,100.0,38.79,23.1656
180,0.0022,0.0005,100.0,518.67,643.21,1596.12,1418.7,14.62,21.61,552.58,2388.15,9133.19,1.3,47.72,520.7,2388.12,8195.12,8.4777,0.03,395,2388,100.0,38.42,23.1092
130,0.0005,0.0002,100.0,518.67,642.89,1597.1,1420.47,14.62,21.61,552.91,2388.17,9051.98,1.3,47.83,520.48,2388.18,8128.11,8.4835,0.03,395,2388,100.0,38.75,23.122
91,-0.0022,0.0003,100.0,518.67,642.49,1589.4,1400.75,14.62,21.61,554.2,2388.05,9059.84,1.3,47.21,522.22,2388.03,8140.34,8.4495,0.03,393,2388,100.0,39.07,23.4234
1,-0.0017,-0.0005,100.0,518.67,642.24,1582.88,1410.66,14.62,21.61,553.57,2388.07,9047.42,1.3,47.44,521.76,2388.06,8128.48,8.4181,0.03,395,2388,100.0,38.9,23.3554
52,-0.0035,0.0002,100.0,518.67,642.57,1588.86,1415.7,14.62,21.61,553.38,2388.19,9043.59,1.3,47.54,521.19,2388.17,8123.22,8.4475,0.03,393,2388,100.0,38.91,23.339
9,0.0008,0.0001,100.0,518.67,642.12,1590.98,1394.8,14.62,21.61,553.69,2388.05,9046.46,1.3,47.29,521.79,2388.05,8125.69,8.3728,0.03,392,2388,100.0,39.05,23.4066
102,0.0029,-0.0003,100.0,518.67,642.77,1587.02,1406.42,14.62,21.61,553.68,2388.08,9066.58,1.3,47.48,521.81,2388.1,8146.76,8.4507,0.03,393,2388,100.0,38.88,23.3409
33,0.0013,0.0002,100.0,518.67,642.7,1587.7,1412.03,14.62,21.61,553.62,2388.12,9050.47,1.3,47.35,521.98,2388.12,8128.95,8.4289,0.03,394,2388,100.0,39.04,23.2675
62,0.0039,-0.0001,100.0,518.67,642.28,1590.47,1408.57,14.62,21.61,552.73,2388.08,9038.06,1.3,47.77,520.8,2388.11,8117.78,8.4276,0.03,394,2388,100.0,38.69,23.2194
172,0.0015,-0.0002,100.0,518.67,643.28,1597.1,1417.89,14.62,21.61,552.65,2388.14,9129.92,1.3,47.88,520.72,2388.06,8208.53,8.5017,0.03,395,2388,100.0,38.66,23.0502
39,0.0024,-0.0,100.0,518.67,642.73,1581.9,1398.09,14.62,21.6,554.9,2388.04,9044.26,1.3,47.18,522.18,2388.07,8140.96,8.4254,0.03,392,2388,100.0,39.21,23.4269
89,0.0001,0.0005,100.0,518.67,641.38,1590.93,1390.62,14.62,21.61,554.48,2388.05,9063.21,1.3,47.38,522.2,2388.04,8135.79,8.4068,0.03,391,2388,100.0,38.97,23.3878
141,-0.0026,-0.0003,100.0,518.67,642.71,1581.51,1403.74,14.62,21.61,554.28,2388.07,9066.81,1.3,47.36,521.84,2388.1,8153.43,8.4452,0.03,393,2388,100.0,38.93,23.2287
140,0.0011,0.0004,100.0,518.67,642.64,1586.41,1405.88,14.62,21.61,553.16,2388.01,9075.39,1.3,47.43,521.11,2388.09,8155.58,8.4166,0.03,395,2388,100.0,38.88,23.2367
147,0.0,0.0005,100.0,518.67,643.04,1592.89,1412.3,14.62,21.61,553.29,2388.12,9087.63,1.3,47.49,521.27,2388.11,8164.43,8.4026,0.03,394,2388,100.0,38.97,23.234
259,0.0006,-0.0003,100.0,518.67,642.78,1597.65,1416.63,14.62,21.61,552.58,2388.12,9088.69,1.3,47.91,520.52,2388.13,8153.52,8.5312,0.03,395,2388,100.0,38.48,23.1053
82,-0.0033,-0.0003,100.0,518.67,642.98,1598.06,1410.12,14.62,21.61,552.83,2388.18,9046.23,1.3,47.46,521.3,2388.11,8127.91,8.4622,0.03,394,2388,100.0,38.72,23.3299
329,0.0022,-0.0001,100.0,518.67,643.1,1598.81,1426.96,14.62,21.61,551.79,2388.18,9056.36,1.3,48.04,520.5,2388.2,8135.63,8.5046,0.03,393,2388,100.0,38.53,23.1994
156,-0.0028,0.0001,100.0,518.67,643.51,1597.49,1418.19,14.62,21.61,552.46,2388.09,9087.62,1.3,47.87,520.47,2388.08,8162.83,8.4469,0.03,393,2388,100.0,38.6,23.2617
174,-0.0021,-0.0003,100.0,518.67,642.63,1590.38,1416.95,14.62,21.61,552.75,2388.1,9076.64,1.3,47.66,521.25,2388.11,8145.91,8.4507,0.03,395,2388,100.0,38.68,23.2352
101,-0.0068,0.0001,100.0,518.67,642.26,1589.04,1402.74,14.62,21.61,554.83,2388.05,9058.42,1.3,47.37,522.02,2388.11,8147.22,8.4682,0.03,392,2388,100.0,38.83,23.4186
176,0.0053,-0.0001,100.0,518.67,643.2,1588.0,1412.74,14.62,21.61,552.13,2388.1,9085.48,1.3,47.72,521.35,2388.09,8166.33,8.42,0.03,394,2388,100.0,38.66,23.2887
87,-0.0047,-0.0001,100.0,518.67,642.83,1588.33,1412.09,14.62,21.61,553.3,2388.04,9054.62,1.3,47.36,521.41,2388.08,8141.68,8.4799,0.03,394,2388,100.0,38.85,23.3301
138,0.0018,0.0004,100.0,518.67,643.79,1600.39,1423.73,14.62,21.61,552.47,2388.12,9112.02,1.3,47.78,520.55,2388.14,8179.58,8.5029,0.03,397,2388,100.0,38.46,23.1376
207,0.0005,-0.0003,100.0,518.67,642.53,1592.09,1408.91,14.62,21.61,552.98,2388.03,9104.16,1.3,47.67,520.7,2388.12,8182.03,8.4714,0.03,395,2388,100.0,38.74,23.1952
141,0.0001,-0.0001,100.0,518.67,643.34,1592.34,1413.57,14.62,21.61,553.29,2388.14,9074.48,1.3,47.71,520.82,2388.05,8147.0,8.4295,0.03,396,2388,100.0,38.83,23.2378
153,-0.0012,-0.0001,100.0,518.67,643.44,1597.84,1422.09,14.62,21.61,552.66,2388.15,9090.64,1.3,47.86,520.29,2388.13,8165.24,8.4838,0.03,395,2388,100.0,38.49,23.2527
74,0.0021,-0.0003,100.0,518.67,642.03,1578.3,1400.9,14.62,21.61,554.04,2387.98,9073.84,1.3,47.39,522.45,2387.99,8151.75,8.4105,0.03,391,2388,100.0,38.95,23.3725
103,-0.0025,0.0004,100.0,518.67,642.96,1589.82,1416.65,14.62,21.61,552.7,2388.19,9045.33,1.3,47.7,521.19,2388.12,8128.38,8.4453,0.03,394,2388,100.0,38.75,23.213
74,-0.0002,0.0001,100.0,518.67,643.01,1597.17,1411.47,14.62,21.61,553.88,2388.13,9056.2,1.3,47.58,521.18,2388.11,8132.44,8.4609,0.03,393,2388,100.0,38.81,23.2078
182,-0.001,0.0003,100.0,518.67,644.21,1602.08,1426.62,14.62,21.61,551.9,2388.26,9041.23,1.3,47.98,520.46,2388.25,8119.67,8.5158,0.03,397,2388,100.0,38.43,23.1787
109,-0.0038,0.0002,100.0,518.67,642.33,1592.21,1414.4,14.62,21.61,554.3,2388.02,9070.17,1.3,47.42,522.65,2388.04,8152.9,8.4354,0.03,393,2388,100.0,38.87,23.3895
18,-0.0036,0.0002,100.0,518.67,642.47,1583.49,1394.65,14.62,21.61,553.92,2387.98,9073.12,1.3,47.21,522.31,2388.04,8149.43,8.388,0.03,392,2388,100.0,38.87,23.4165
121,0.0019,-0.0004,100.0,518.67,642.61,1596.47,1408.81,14.62,21.61,552.8,2388.08,9066.33,1.3,47.53,520.77,2388.06,8142.16,8.4261,0.03,393,2388,100.0,38.78,23.349
123,-0.0019,-0.0002,100.0,518.67,642.57,1582.27,1394.88,14.62,21.61,554.33,2388.02,9079.59,1.3,47.37,522.52,2388.0,8156.98,8.4051,0.03,391,2388,100.0,38.92,23.3722
128,0.0023,-0.0003,100.0,518.67,643.18,1603.68,1419.46,14.62,21.61,552.27,2388.25,9045.36,1.3,48.07,520.29,2388.2,8120.53,8.4803,0.03,395,2388,100.0,38.56,23.1868
99,-0.0005,-0.0,100.0,518.67,641.88,1590.83,1407.25,14.62,21.61,553.55,2388.06,9062.44,1.3,47.25,521.21,2388.06,8149.18,8.4613,0.03,393,2388,100.0,38.88,23.3056
71,-0.0018,-0.0004,100.0,518.67,642.48,1590.17,1403.92,14.62,21.61,554.27,2388.11,9053.08,1.3,47.55,521.26,2388.09,8132.61,8.4199,0.03,392,2388,100.0,38.75,23.3169
353,0.0028,-0.0001,100.0,518.67,643.73,1598.88,1425.36,14.62,21.61,551.97,2388.25,9056.35,1.3,47.93,519.74,2388.27,8135.64,8.538,0.03,396,2388,100.0,38.44,23.1361
31,0.0004,-0.0004,100.0,518.67,641.99,1580.38,1402.78,14.62,21.61,554.33,2388.02,9061.92,1.3,47.37,522.74,2388.04,8139.69,8.406,0.03,392,2388,100.0,39.03,23.4515
104,-0.0041,-0.0004,100.0,518.67,642.74,1593.31,1411.92,14.62,21.61,553.47,2388.09,9078.01,1.3,47.53,521.2,2388.1,8145.18,8.457,0.03,395,2388,100.0,38.85,23.3644
200,-0.0012,0.0002,100.0,518.67,643.31,1597.29,1425.83,14.62,21.61,552.98,2388.12,9099.12,1.3,47.77,521.14,2388.14,8166.9,8.4732,0.03,397,2388,100.0,38.46,23.1887
104,-0.0005,0.0003,100.0,518.67,642.33,1586.11,1398.41,14.62,21.61,554.85,2388.02,9060.42,1.3,47.22,521.69,2388.02,8141.37,8.3629,0.03,391,2388,100.0,39.18,23.3154
197,0.0021,0.0004,100.0,518.67,642.46,1589.8,1411.75,14.62,21.61,553.48,2388.06,9085.79,1.3,47.4,521.85,2388.03,8166.94,8.4321,0.03,393,2388,100.0,38.96,23.3218
103,0.0006,-0.0005,100.0,518.67,642.7,1583.29,1401.61,14.62,21.61,554.22,2388.06,9059.4,1.3,47.29,521.74,2388.04,8141.12,8.399,0.03,393,2388,100.0,39.0,23.3975
112,-0.002,0.0001,100.0,518.67,642.06,1592.48,1401.81,14.62,21.61,553.6,2387.98,9068.96,1.3,47.25,521.81,2388.04,8149.25,8.4182,0.03,390,2388,100.0,38.91,23.3327
2,-0.0044,0.0,100.0,518.67,642.49,1589.83,1406.99,14.62,21.61,553.99,2388.05,9059.03,1.3,47.33,521.51,2388.06,8137.11,8.4087,0.03,393,2388,100.0,38.77,23.3206
85,0.0028,0.0003,100.0,518.67,643.39,1582.96,1399.09,14.62,21.61,553.01,2388.09,9049.42,1.3,47.41,521.63,2388.14,8136.02,8.4246,0.03,393,2388,100.0,38.9,23.2879
118,-0.0009,0.0001,100.0,518.67,642.81,1588.02,1419.38,14.62,21.61,552.71,2388.09,9053.48,1.3,47.69,520.9,2388.15,8134.71,8.5322,0.03,394,2388,100.0,38.84,23.193
36,-0.0018,0.0001,100.0,518.67,643.05,1588.74,1414.51,14.62,21.61,553.27,2388.08,9044.03,1.3,47.5,521.37,2388.11,8123.2,8.4597,0.03,393,2388,100.0,38.71,23.2801
14,0.0052,0.0004,100.0,518.67,642.88,1591.51,1407.85,14.62,21.61,554.12,2388.1,9045.79,1.3,47.59,521.53,2388.08,8126.82,8.4061,0.03,394,2388,100.0,38.8,23.3946
104,0.0009,0.0005,100.0,518.67,642.94,1587.21,1411.37,14.62,21.61,553.26,2388.11,9056.68,1.3,47.58,521.76,2388.09,8138.65,8.4226,0.03,393,2388,100.0,38.85,23.3277
91,0.0008,-0.0003,100.0,518.67,642.05,1579.7,1405.67,14.62,21.61,554.48,2388.04,9074.45,1.3,47.26,522.54,2388.03,8153.95,8.3967,0.03,391,2388,100.0,38.91,23.3828
120,-0.002,0.0001,100.0,518.67,643.18,1587.28,1412.59,14.62,21.61,551.93,2388.17,9045.56,1.3,47.9,521.01,2388.18,8131.78,8.4773,0.03,393,2388,100.0,38.75,23.3242
83,-0.0013,-0.0003,100.0,518.67,643.13,1577.92,1413.41,14.62,21.61,553.68,2388.14,9046.2,1.3,47.55,521.64,2388.14,8130.09,8.451,0.03,393,2388,100.0,38.92,23.2085
107,-0.0015,-0.0002,100.0,518.67,642.66,1598.6,1405.06,14.62,21.61,553.16,2388.02,9074.24,1.3,47.62,521.28,2388.05,8148.44,8.4392,0.03,394,2388,100.0,38.76,23.3313
102,0.0016,-0.0003,100.0,518.67,642.52,1589.08,1410.26,14.62,21.61,552.9,2388.2,9038.47,1.3,47.55,520.91,2388.18,8122.15,8.4281,0.03,391,2388,100.0,38.71,23.3144
201,-0.0003,-0.0005,100.0,518.67,643.62,1594.8,1424.92,14.62,21.61,551.74,2388.22,9037.15,1.3,47.98,520.45,2388.23,8108.45,8.4727,0.03,396,2388,100.0,38.68,23.0928
137,-0.004,0.0001,100.0,518.67,642.46,1589.05,1399.89,14.62,21.61,553.61,2388.07,9061.1,1.3,47.36,521.78,2388.04,8140.45,8.4321,0.03,394,2388,100.0,38.9,23.3459
229,-0.0012,0.0005,100.0,518.67,643.34,1597.71,1429.25,14.62,21.61,551.15,2388.23,9078.22,1.3,48.21,520.01,2388.22,8149.06,8.4967,0.03,395,2388,100.0,38.38,23.0636
25,-0.0005,-0.0005,100.0,518.67,641.85,1578.67,1396.31,14.62,21.61,555.86,2387.96,9064.74,1.3,47.26,523.12,2388.02,8141.9,8.3949,0.03,392,2388,100.0,39.16,23.3639
20,-0.0023,0.0003,100.0,518.67,642.11,1577.05,1389.2,14.62,21.61,555.07,2387.98,9063.07,1.3,47.31,522.41,2387.96,8145.7,8.4309,0.03,392,2388,100.0,39.09,23.3684
80,-0.002,-0.0006,100.0,518.67,642.53,1584.91,1408.52,14.62,21.61,554.29,2388.04,9070.89,1.3,47.62,521.71,2388.01,8145.66,8.427,0.03,393,2388,100.0,38.85,23.3824
115,0.0017,0.0,100.0,518.67,643.11,1584.82,1399.39,14.62,21.61,552.89,2388.04,9064.63,1.3,47.61,521.77,2388.05,8149.17,8.4147,0.03,394,2388,100.0,38.83,23.3361
94,0.0015,-0.0,100.0,518.67,641.63,1582.07,1399.85,14.62,21.61,554.06,2388.02,9059.23,1.3,47.49,522.11,2388.04,8139.96,8.3899,0.03,392,2388,100.0,39.04,23.3005
6,0.0007,0.0004,100.0,518.67,642.74,1590.35,1413.87,14.62,21.61,554.36,2388.1,9047.58,1.3,47.45,521.91,2388.12,8127.98,8.4588,0.03,394,2388,100.0,38.96,23.3451
105,-0.0005,0.0003,100.0,518.67,642.89,1597.38,1412.6,14.62,21.61,553.2,2388.2,9041.94,1.3,47.68,520.6,2388.12,8124.19,8.4639,0.03,394,2388,100.0,38.79,23.1808
203,0.0048,0.0001,100.0,518.67,641.95,1593.02,1410.33,14.62,21.61,553.2,2388.05,9070.42,1.3,47.58,521.41,2388.12,8137.27,8.4197,0.03,393,2388,100.0,38.7,23.1596
66,-0.0008,-0.0003,100.0,518.67,642.48,1581.56,1402.14,14.62,21.61,553.44,2388.1,9053.21,1.3,47.43,522.09,2388.13,8136.09,8.4741,0.03,392,2388,100.0,38.84,23.3377
54,-0.0021,0.0005,100.0,518.67,642.07,1593.8,1403.69,14.62,21.61,553.79,2388.08,9064.11,1.3,47.38,521.73,2388.1,8139.65,8.4366,0.03,393,2388,100.0,38.89,23.3641
8,-0.0001,-0.0001,100.0,518.67,642.94,1586.14,1412.11,14.62,21.61,552.92,2388.15,9045.97,1.3,47.63,521.24,2388.18,8126.07,8.4106,0.03,392,2388,100.0,38.8,23.279
109,-0.0003,0.0,100.0,518.67,642.06,1588.0,1411.03,14.62,21.61,552.92,2388.08,9060.63,1.3,47.53,521.65,2388.06,8138.97,8.4588,0.03,394,2388,100.0,38.75,23.1486
176,0.0029,0.0003,100.0,518.67,643.3,1590.24,1420.21,14.62,21.61,551.9,2388.22,9075.38,1.3,47.77,520.15,2388.16,8149.52,8.4699,0.03,394,2388,100.0,38.41,23.2056
117,-0.0012,0.0001,100.0,518.67,642.39,1580.64,1406.38,14.62,21.61,554.71,2387.99,9073.18,1.3,47.36,521.88,2388.04,8152.61,8.4382,0.03,392,2388,100.0,38.88,23.33
102,-0.0001,-0.0004,100.0,518.67,642.82,1591.73,1412.22,14.62,21.61,552.7,2388.11,9032.69,1.3,47.73,521.28,2388.19,8121.28,8.4467,0.03,394,2388,100.0,38.61,23.3243
81,-0.0033,-0.0002,100.0,518.67,642.13,1588.28,1412.8,14.62,21.61,553.35,2388.11,9055.69,1.3,47.79,521.23,2388.11,8144.43,8.4056,0.03,393,2388,100.0,38.82,23.2447
146,0.0025,-0.0003,100.0,518.67,643.12,1589.7,1422.79,14.62,21.61,553.58,2388.05,9066.02,1.3,47.54,521.21,2388.08,8159.43,8.4637,0.03,394,2388,100.0,38.84,23.3137
92,-0.0009,0.0003,100.0,518.67,642.64,1586.27,1397.51,14.62,21.61,554.5,2388.1,9054.0,1.3,47.16,522.14,2388.01,8140.6,8.428,0.03,393,2388,100.0,39.02,23.519
185,0.0002,-0.0001,100.0,518.67,642.04,1598.2,1418.44,14.62,21.61,552.57,2388.13,9075.82,1.3,47.85,521.23,2388.12,8153.58,8.5056,0.03,394,2388,100.0,38.88,23.1109
7,-0.0003,-0.0001,100.0,518.67,642.26,1583.78,1417.79,14.62,21.61,553.33,2388.06,9047.15,1.3,47.54,522.18,2388.11,8129.73,8.4786,0.03,393,2388,100.0,38.85,23.3976
31,-0.0011,-0.0002,100.0,518.67,642.24,1586.54,1401.94,14.62,21.6,553.37,2388.07,9057.65,1.3,47.38,521.68,2388.06,8136.94,8.4212,0.03,391,2388,100.0,38.96,23.3953
144,-0.0021,-0.0002,100.0,518.67,642.06,1588.22,1408.86,14.62,21.61,553.87,2388.13,9064.7,1.3,47.24,521.68,2388.07,8142.36,8.4367,0.03,393,2388,100.0,38.9,23.3516
194,0.002,-0.0005,100.0,518.67,643.16,1592.93,1405.97,14.62,21.61,553.69,2388.04,9092.74,1.3,47.51,521.34,2388.05,8167.77,8.4634,0.03,393,2388,100.0,38.89,23.3434
44,0.0024,0.0001,100.0,518.67,642.45,1590.56,1412.61,14.62,21.61,553.88,2388.07,9055.21,1.3,47.59,521.3,2388.04,8136.66,8.4059,0.03,394,2388,100.0,38.94,23.3218
197,-0.0033,0.0004,100.0,518.67,643.04,1590.52,1405.28,14.62,21.61,553.73,2388.12,9060.98,1.3,47.47,521.23,2388.1,8137.19,8.4257,0.03,393,2388,100.0,38.8,23.3436
7,-0.0011,-0.0002,100.0,518.67,642.56,1593.65,1406.83,14.62,21.61,554.18,2388.06,9064.05,1.3,47.41,521.87,2388.04,8145.54,8.4185,0.03,392,2388,100.0,38.75,23.3598
85,-0.0001,-0.0004,100.0,518.67,642.65,1589.74,1411.96,14.62,21.61,553.68,2388.04,9053.73,1.3,47.51,521.36,2388.09,8125.35,8.4754,0.03,394,2388,100.0,38.81,23.2851
80,-0.0018,-0.0003,100.0,518.67,642.4,1589.25,1413.43,14.62,21.61,553.35,2388.11,9061.18,1.3,47.46,521.93,2388.08,8144.03,8.4315,0.03,393,2388,100.0,38.8,23.2943
138,-0.0018,0.0004,100.0,518.67,642.03,1586.7,1410.02,14.62,21.61,554.17,2388.03,9086.91,1.3,47.09,521.9,2388.02,8163.03,8.4059,0.03,393,2388,100.0,38.83,23.3331
75,0.0008,0.0004,100.0,518.67,642.0,1587.11,1393.02,14.62,21.61,554.19,2388.01,9058.79,1.3,47.16,522.2,2388.0,8146.12,8.3973,0.03,391,2388,100.0,39.08,23.3527
81,-0.0014,0.0002,100.0,518.67,642.19,1589.87,1400.7,14.62,21.61,554.41,2388.05,9048.41,1.3,47.4,522.1,2388.08,8126.55,8.451,0.03,391,2388,100.0,38.85,23.4537
167,0.0008,-0.0002,100.0,518.67,642.91,1598.37,1420.92,14.62,21.61,552.45,2388.23,9039.3,1.3,47.73,520.42,2388.26,8120.2,8.4654,0.03,395,2388,100.0,38.71,23.2732
34,-0.0017,0.0002,100.0,518.67,642.62,1592.83,1407.9,14.62,21.61,553.71,2388.06,9061.47,1.3,47.59,521.7,2388.07,8137.26,8.4299,0.03,394,2388,100.0,38.87,23.3331
130,0.0008,-0.0,100.0,518.67,642.08,1580.49,1406.97,14.62,21.61,554.12,2387.96,9070.22,1.3,47.24,521.91,2388.01,8148.93,8.3917,0.03,392,2388,100.0,38.93,23.3635
5,0.003,0.0002,100.0,518.67,642.71,1590.78,1407.27,14.62,21.61,553.82,2388.15,9051.71,1.3,47.47,521.56,2388.13,8128.1,8.4297,0.03,394,2388,100.0,38.78,23.2464
86,-0.0009,-0.0,100.0,518.67,642.72,1596.02,1412.75,14.62,21.61,552.93,2388.13,9063.71,1.3,47.76,520.97,2388.09,8139.61,8.4785,0.03,393,2388,100.0,38.51,23.3101
62,-0.0021,-0.0,100.0,518.67,642.8,1588.81,1405.14,14.62,21.61,553.02,2388.07,9046.04,1.3,47.5,521.93,2388.11,8139.8,8.4306,0.03,392,2388,100.0,38.61,23.4048
7,-0.0039,-0.0,100.0,518.67,642.76,1585.02,1400.97,14.62,21.61,553.84,2388.06,9067.56,1.3,47.31,521.68,2388.05,8142.13,8.4197,0.03,392,2388,100.0,38.93,23.4027
20,0.0006,0.0003,100.0,518.67,641.78,1584.29,1403.8,14.62,21.61,553.69,2388.01,9065.94,1.3,47.12,522.7,2387.99,8144.96,8.3923,0.03,392,2388,100.0,38.95,23.381
173,-0.0001,0.0003,100.0,518.67,642.66,1596.12,1419.76,14.62,21.61,553.16,2388.05,9138.56,1.3,47.65,521.47,2388.12,8209.65,8.4577,0.03,394,2388,100.0,38.72,23.2467
73,-0.0025,-0.0005,100.0,518.67,642.31,1588.56,1395.83,14.62,21.61,553.5,2388.02,9071.05,1.3,47.43,521.54,2388.08,8135.78,8.4799,0.03,393,2388,100.0,38.87,23.3282
89,-0.0007,0.0004,100.0,518.67,642.02,1585.47,1402.98,14.62,21.61,554.73,2388.03,9058.62,1.3,47.15,521.86,2388.04,8140.08,8.4252,0.03,392,2388,100.0,39.0,23.4427
67,0.0,0.0002,100.0,518.67,642.57,1586.59,1412.39,14.62,21.61,554.0,2388.07,9069.14,1.3,47.43,521.83,2388.07,8142.67,8.4508,0.03,395,2388,100.0,38.94,23.3121
209,-0.0002,-0.0003,100.0,518.67,644.31,1598.38,1430.17,14.62,21.61,551.68,2388.34,9026.17,1.3,48.23,519.86,2388.26,8104.82,8.5523,0.03,397,2388,100.0,38.44,23.0791
180,-0.0023,0.0003,100.0,518.67,642.93,1589.16,1401.28,14.62,21.61,554.39,2387.99,9087.2,1.3,47.3,521.83,2387.98,8168.65,8.4082,0.03,392,2388,100.0,38.83,23.3568
81,-0.0032,-0.0003,100.0,518.67,642.53,1589.79,1399.14,14.62,21.61,553.22,2388.02,9070.21,1.3,47.48,521.84,2387.99,8146.2,8.4277,0.03,392,2388,100.0,39.0,23.4094
114,-0.0032,0.0001,100.0,518.67,642.48,1592.92,1410.0,14.62,21.61,553.6,2388.12,9056.9,1.3,47.52,521.45,2388.14,8136.18,8.4536,0.03,393,2388,100.0,38.84,23.3074
84,-0.0037,-0.0004,100.0,518.67,642.41,1586.46,1402.26,14.62,21.61,554.86,2388.06,9050.39,1.3,47.29,522.75,2387.92,8138.11,8.394,0.03,392,2388,100.0,38.95,23.4055
144,-0.001,0.0,100.0,518.67,642.7,1587.86,1416.58,14.62,21.61,552.75,2388.1,9077.92,1.3,47.7,520.81,2388.1,8154.7,8.4862,0.03,394,2388,100.0,38.83,23.2113
101,0.0031,0.0001,100.0,518.67,642.1,1583.86,1401.44,14.62,21.6,554.52,2388.08,9055.73,1.3,47.35,521.76,2388.08,8133.5,8.3783,0.03,392,2388,100.0,38.85,23.3846
29,-0.0002,-0.0003,100.0,518.67,642.09,1590.18,1406.27,14.62,21.61,554.06,2388.1,9062.46,1.3,47.52,521.81,2387.99,8136.68,8.3914,0.03,392,2388,100.0,39.01,23.3982
129,0.0001,0.0002,100.0,518.67,643.41,1593.99,1412.42,14.62,21.61,552.65,2388.12,9057.13,1.3,47.68,520.82,2388.2,8134.99,8.446,0.03,394,2388,100.0,38.63,23.2382
184,0.0023,-0.0002,100.0,518.67,642.36,1592.73,1410.54,14.62,21.61,552.93,2388.07,9066.73,1.3,47.61,521.21,2388.08,8143.61,8.4538,0.03,393,2388,100.0,38.75,23.2928
176,0.0,-0.0003,100.0,518.67,643.43,1596.56,1431.19,14.62,21.61,551.45,2388.27,9042.44,1.3,48.16,519.8,2388.28,8116.74,8.5378,0.03,396,2388,100.0,38.52,23.1043
22,-0.0023,-0.0003,100.0,518.67,642.31,1591.06,1398.76,14.62,21.61,554.75,2387.99,9058.43,1.3,47.09,522.96,2387.99,8137.92,8.4299,0.03,391,2388,100.0,39.15,23.5255
87,-0.0005,-0.0001,100.0,518.67,641.93,1584.3,1402.08,14.62,21.61,554.6,2388.01,9054.01,1.3,47.31,521.77,2388.05,8140.65,8.3677,0.03,391,2388,100.0,39.06,23.3425
137,-0.0002,0.0005,100.0,518.67,642.03,1595.69,1404.53,14.62,21.61,552.77,2388.09,9090.11,1.3,47.38,521.11,2388.07,8160.26,8.4335,0.03,395,2388,100.0,38.85,23.3662
227,0.0002,-0.0002,100.0,518.67,643.84,1601.44,1426.63,14.62,21.61,551.22,2388.32,9024.42,1.3,48.09,519.19,2388.24,8106.69,8.5127,0.03,397,2388,100.0,38.4,23.1277
18,0.0027,-0.0003,100.0,518.67,642.29,1585.14,1402.4,14.62,21.61,553.36,2388.13,9055.48,1.3,47.65,521.34,2388.13,8132.27,8.4454,0.03,392,2388,100.0,39.08,23.3572
99,-0.0025,-0.0005,100.0,518.67,643.3,1589.48,1410.44,14.62,21.61,553.56,2388.17,9046.71,1.3,47.37,521.03,2388.13,8126.91,8.462,0.03,393,2388,100.0,38.86,23.2351
179,0.0014,0.0005,100.0,518.67,642.31,1597.18,1414.18,14.62,21.61,553.59,2388.12,9055.06,1.3,47.65,520.93,2388.1,8136.11,8.4523,0.03,395,2388,100.0,38.74,23.2259
129,0.0005,-0.0001,100.0,518.67,642.37,1585.87,1403.0,14.62,21.61,553.87,2388.0,9063.58,1.3,47.35,522.14,2388.07,8148.22,8.3991,0.03,393,2388,100.0,38.86,23.2966
148,-0.0036,-0.0002,100.0,518.67,642.96,1596.76,1419.79,14.62,21.61,551.87,2388.26,9035.26,1.3,47.9,520.19,2388.25,8116.2,8.4762,0.03,395,2388,100.0,38.54,23.129
69,-0.0023,0.0004,100.0,518.67,642.1,1585.42,1405.19,14.62,21.61,553.78,2387.96,9065.64,1.3,47.2,522.02,2388.01,8149.72,8.3676,0.03,394,2388,100.0,38.91,23.3597
222,-0.0002,-0.0,100.0,518.67,643.22,1600.63,1420.58,14.62,21.61,551.78,2388.26,9047.4,1.3,47.92,520.03,2388.19,8130.27,8.4755,0.03,395,2388,100.0,38.59,23.1057
85,0.001,0.0,100.0,518.67,641.99,1592.25,1404.92,14.62,21.61,554.52,2388.01,9063.63,1.3,47.18,522.13,2387.97,8142.53,8.4293,0.03,393,2388,100.0,39.08,23.5075
225,-0.0007,0.0005,100.0,518.67,643.26,1590.35,1413.55,14.62,21.61,553.42,2388.07,9071.82,1.3,47.65,521.24,2388.1,8146.5,8.4554,0.03,394,2388,100.0,38.73,23.2365
103,-0.0003,-0.0002,100.0,518.67,642.66,1589.73,1408.27,14.62,21.61,552.91,2388.14,9045.1,1.3,47.71,521.13,2388.16,8121.25,8.4765,0.03,394,2388,100.0,38.7,23.2772
171,-0.0016,-0.0001,100.0,518.67,642.75,1597.24,1417.47,14.62,21.61,552.96,2388.1,9077.47,1.3,47.78,521.26,2388.12,8154.88,8.4429,0.03,396,2388,100.0,38.59,23.2026
133,0.0001,0.0003,100.0,518.67,642.98,1591.52,1413.26,14.62,21.61,553.35,2388.13,9062.89,1.3,47.61,521.83,2388.12,8135.05,8.466,0.03,393,2388,100.0,38.74,23.2915
63,-0.0003,0.0001,100.0,518.67,642.07,1584.08,1395.48,14.62,21.61,554.46,2387.97,9058.36,1.3,47.32,522.33,2388.01,8151.11,8.4038,0.03,390,2388,100.0,39.08,23.4599
40,-0.002,0.0002,100.0,518.67,642.24,1582.36,1401.32,14.62,21.61,554.39,2388.03,9069.4,1.3,47.33,521.88,2388.07,8148.28,8.4226,0.03,392,2388,100.0,38.9,23.2851
119,0.0,-0.0005,100.0,518.67,642.1,1589.47,1396.47,14.62,21.61,554.04,2388.01,9072.04,1.3,47.19,521.59,2388.03,8148.16,8.4074,0.03,391,2388,100.0,39.22,23.4736
150,0.0004,-0.0001,100.0,518.67,642.94,1589.12,1416.35,14.62,21.61,552.62,2388.13,9074.08,1.3,47.55,521.24,2388.1,8150.11,8.4553,0.03,393,2388,100.0,38.78,23.2209
58,-0.0015,0.0,100.0,518.67,641.86,1586.23,1409.24,14.62,21.61,553.98,2388.0,9056.8,1.3,47.19,522.11,2388.04,8147.44,8.3525,0.03,392,2388,100.0,39.2,23.5083
54,-0.0006,-0.0005,100.0,518.67,642.36,1589.87,1394.84,14.62,21.61,554.59,2388.03,9054.95,1.3,47.23,522.0,2387.99,8142.01,8.4052,0.03,391,2388,100.0,39.02,23.4614
31,0.0012,0.0003,100.0,518.67,642.62,1589.65,1411.89,14.62,21.61,552.94,2388.13,9053.23,1.3,47.77,521.76,2388.15,8134.64,8.4368,0.03,394,2388,100.0,38.73,23.2379
175,0.003,0.0003,100.0,518.67,642.76,1594.37,1422.39,14.62,21.61,553.4,2388.05,9155.35,1.3,47.72,521.27,2388.12,8215.51,8.4475,0.03,395,2388,100.0,38.72,23.2019
130,0.0009,-0.0002,100.0,518.67,642.89,1595.9,1417.28,14.62,21.61,553.36,2388.14,9044.79,1.3,47.62,521.06,2388.12,8129.1,8.422,0.03,394,2388,100.0,38.89,23.2856
136,-0.0015,-0.0005,100.0,518.67,642.65,1597.03,1410.97,14.62,21.61,552.89,2388.11,9065.56,1.3,47.59,521.31,2388.14,8137.22,8.4641,0.03,395,2388,100.0,38.93,23.3832
42,-0.0013,0.0003,100.0,518.67,642.32,1586.77,1399.03,14.62,21.61,554.1,2388.04,9064.66,1.3,47.47,522.01,2388.01,8147.01,8.4472,0.03,392,2388,100.0,39.06,23.372
13,0.0006,-0.0,100.0,518.67,642.25,1596.28,1403.02,14.62,21.61,554.06,2388.09,9060.55,1.3,47.39,521.9,2388.03,8144.47,8.3917,0.03,393,2388,100.0,38.87,23.2653
16,0.0014,-0.0002,100.0,518.67,641.94,1581.83,1403.74,14.62,21.61,554.99,2388.03,9053.85,1.3,47.16,522.08,2387.99,8141.52,8.4463,0.03,392,2388,100.0,39.08,23.4022
50,0.0002,-0.0002,100.0,518.67,642.27,1583.16,1400.73,14.62,21.61,554.57,2387.96,9063.74,1.3,47.26,522.32,2388.0,8149.32,8.4266,0.03,392,2388,100.0,38.88,23.4421
199,-0.0026,0.0002,100.0,518.67,643.69,1603.7,1429.19,14.62,21.61,551.71,2388.09,9220.88,1.3,47.82,520.5,2388.1,8272.83,8.5282,0.03,396,2388,100.0,38.4,23.0677
180,0.0029,0.0,100.0,518.67,642.73,1587.25,1405.21,14.62,21.61,553.72,2388.07,9061.63,1.3,47.42,521.63,2388.1,8143.42,8.4129,0.03,393,2388,100.0,38.75,23.365
102,-0.0,0.0005,100.0,518.67,642.84,1596.24,1412.98,14.62,21.61,552.57,2388.18,9038.46,1.3,47.51,520.73,2388.12,8117.68,8.4427,0.03,395,2388,100.0,38.72,23.3435
157,-0.0002,0.0005,100.0,518.67,643.36,1597.67,1401.54,14.62,21.61,553.55,2388.1,9089.41,1.3,47.63,520.21,2388.1,8175.54,8.4476,0.03,396,2388,100.0,38.71,23.2513
144,-0.0009,0.0005,100.0,518.67,642.23,1590.29,1402.01,14.62,21.61,553.58,2387.99,9093.95,1.3,47.48,522.02,2388.03,8174.05,8.4146,0.03,392,2388,100.0,38.87,23.3218
66,0.0003,-0.0004,100.0,518.67,642.41,1589.48,1407.0,14.62,21.61,553.95,2388.11,9060.63,1.3,47.58,521.43,2388.06,8140.78,8.4315,0.03,392,2388,100.0,38.72,23.2242
4,-0.0022,0.0003,100.0,518.67,643.02,1596.5,1403.71,14.62,21.61,552.7,2388.16,9041.15,1.3,47.47,521.37,2388.13,8119.63,8.4621,0.03,392,2388,100.0,38.86,23.2171
135,0.0025,-0.0002,100.0,518.67,642.83,1596.42,1412.3,14.62,21.61,552.9,2388.13,9055.15,1.3,47.75,520.87,2388.16,8136.54,8.4491,0.03,394,2388,100.0,38.82,23.2522
39,-0.0031,0.0004,100.0,518.67,641.46,1584.44,1395.43,14.62,21.61,554.85,2388.04,9062.34,1.3,47.09,522.29,2388.02,8138.67,8.3837,0.03,392,2388,100.0,39.25,23.4117
25,0.0011,0.0003,100.0,518.67,641.97,1576.05,1397.31,14.62,21.61,554.12,2388.01,9062.56,1.3,47.11,521.76,2388.04,8144.69,8.394,0.03,390,2388,100.0,38.8,23.5406
28,0.001,-0.0001,100.0,518.67,641.88,1582.39,1396.46,14.62,21.61,555.12,2387.95,9064.43,1.3,47.35,522.24,2388.02,8152.92,8.3847,0.03,390,2388,100.0,39.19,23.494
44,-0.0003,0.0003,100.0,518.67,642.14,1580.44,1399.42,14.62,21.61,554.22,2388.01,9048.6,1.3,47.16,522.19,2388.02,8129.38,8.4043,0.03,391,2388,100.0,39.08,23.4762
65,0.0041,0.0003,100.0,518.67,642.46,1587.59,1407.64,14.62,21.61,554.21,2388.02,9066.07,1.3,47.32,522.43,2388.03,8144.22,8.4267,0.03,392,2388,100.0,38.91,23.3514
266,0.002,-0.0001,100.0,518.67,643.14,1591.54,1422.54,14.62,21.61,551.84,2388.1,9083.55,1.3,47.84,520.52,2388.16,8158.06,8.461,0.03,397,2388,100.0,38.51,23.1815
4,-0.0009,-0.0001,100.0,518.67,642.33,1587.59,1410.18,14.62,21.61,553.67,2388.13,9044.51,1.3,47.48,521.69,2388.18,8131.52,8.4113,0.03,393,2388,100.0,38.73,23.278
144,-0.0018,-0.0005,100.0,518.67,642.58,1588.43,1414.42,14.62,21.61,553.64,2388.15,9045.64,1.3,47.51,521.91,2388.06,8132.72,8.4544,0.03,392,2388,100.0,38.65,23.3413
174,-0.0022,-0.0002,100.0,518.67,643.44,1595.7,1413.63,14.62,21.61,552.78,2388.11,9106.13,1.3,47.81,520.7,2388.06,8184.51,8.4898,0.03,396,2388,100.0,38.56,23.1385
123,-0.0003,-0.0,100.0,518.67,643.04,1589.03,1416.1,14.62,21.61,553.6,2388.18,9063.49,1.3,47.74,520.75,2388.16,8140.02,8.4533,0.03,393,2388,100.0,38.56,23.2158
54,-0.0022,-0.0003,100.0,518.67,641.88,1582.06,1396.12,14.62,21.61,554.52,2388.04,9054.54,1.3,47.03,522.62,2387.97,8143.92,8.4257,0.03,392,2388,100.0,39.16,23.3291
64,0.0017,0.0002,100.0,518.67,642.23,1584.51,1400.11,14.62,21.61,553.88,2388.1,9043.67,1.3,47.45,521.82,2388.04,8128.15,8.4066,0.03,391,2388,100.0,38.93,23.384
34,-0.0042,-0.0002,100.0,518.67,641.99,1584.07,1403.92,14.62,21.6,554.38,2388.0,9065.63,1.3,47.15,522.54,2387.96,8141.86,8.4201,0.03,390,2388,100.0,39.11,23.4399
210,-0.0014,-0.0001,100.0,518.67,643.24,1594.84,1417.75,14.62,21.61,553.48,2388.15,9082.77,1.3,47.63,521.02,2388.07,8153.61,8.4566,0.03,394,2388,100.0,38.9,23.0961
226,0.0005,-0.0002,100.0,518.67,642.88,1592.24,1414.05,14.62,21.61,553.27,2388.12,9062.88,1.3,47.51,521.26,2388.12,8150.14,8.487,0.03,392,2388,100.0,38.79,23.2206
33,-0.0035,-0.0001,100.0,518.67,643.09,1592.54,1413.26,14.62,21.61,553.28,2388.1,9053.43,1.3,47.48,521.15,2388.15,8125.16,8.441,0.03,393,2388,100.0,38.51,23.2458
9,0.0001,-0.0004,100.0,518.67,641.91,1590.36,1402.62,14.62,21.61,553.0,2388.1,9049.76,1.3,47.38,522.04,2388.1,8127.36,8.4487,0.03,391,2388,100.0,39.03,23.2562
1,0.0023,0.0002,100.0,518.67,643.0,1589.87,1404.3,14.62,21.61,553.44,2388.1,9063.7,1.3,47.56,521.93,2388.02,8136.61,8.4498,0.03,391,2388,100.0,38.88,23.2767
107,0.0036,0.0001,100.0,518.67,642.02,1581.22,1397.62,14.62,21.61,554.11,2388.03,9057.01,1.3,47.34,522.07,2388.05,8145.98,8.3942,0.03,393,2388,100.0,38.86,23.4195
127,-0.0008,-0.0001,100.0,518.67,642.58,1591.46,1408.21,14.62,21.61,552.81,2388.09,9081.53,1.3,47.71,521.84,2388.11,8155.81,8.4754,0.03,394,2388,100.0,38.66,23.3873
88,-0.0035,-0.0002,100.0,518.67,642.32,1586.83,1403.07,14.62,21.61,554.07,2388.02,9079.46,1.3,47.29,521.12,2388.02,8159.28,8.412,0.03,392,2388,100.0,38.97,23.3189
84,-0.0023,0.0005,100.0,518.67,642.98,1588.77,1409.45,14.62,21.61,553.11,2388.02,9067.82,1.3,47.45,521.89,2388.12,8144.09,8.4078,0.03,392,2388,100.0,38.95,23.325
151,0.0001,-0.0001,100.0,518.67,642.46,1587.8,1399.54,14.62,21.61,553.87,2388.06,9076.04,1.3,47.61,521.64,2388.01,8145.89,8.4323,0.03,392,2388,100.0,38.86,23.3556
151,0.0011,-0.0005,100.0,518.67,642.76,1597.42,1415.01,14.62,21.61,551.72,2388.13,9090.85,1.3,47.85,520.51,2388.13,8164.18,8.465,0.03,397,2388,100.0,38.66,23.1887
106,0.001,-0.0001,100.0,518.67,642.32,1590.9,1406.95,14.62,21.61,553.38,2388.07,9053.88,1.3,47.45,521.25,2388.09,8133.62,8.4061,0.03,393,2388,100.0,38.71,23.1861
102,0.0012,-0.0001,100.0,518.67,642.7,1590.64,1400.06,14.62,21.61,553.23,2388.06,9049.68,1.3,47.48,521.19,2388.12,8124.27,8.4403,0.03,392,2388,100.0,38.86,23.2026
349,-0.0001,0.0004,100.0,518.67,643.34,1594.56,1428.26,14.62,21.61,551.64,2388.25,9060.96,1.3,47.95,520.02,2388.23,8132.11,8.5139,0.03,396,2388,100.0,38.43,23.1692
86,-0.0009,0.0,100.0,518.67,643.05,1589.98,1411.32,14.62,21.61,553.33,2388.13,9046.33,1.3,47.5,521.34,2388.15,8130.9,8.4499,0.03,392,2388,100.0,38.74,23.2596
62,0.0004,0.0001,100.0,518.67,642.17,1581.59,1399.54,14.62,21.61,554.45,2388.1,9053.62,1.3,47.28,522.19,2388.1,8132.28,8.4071,0.03,391,2388,100.0,39.03,23.2707
173,0.0004,-0.0002,100.0,518.67,642.66,1592.76,1406.97,14.62,21.61,552.96,2388.14,9070.58,1.3,47.76,521.31,2388.06,8148.99,8.4298,0.03,392,2388,100.0,38.8,23.3522
81,0.0002,-0.0001,100.0,518.67,642.54,1583.78,1401.14,14.62,21.61,554.8,2388.0,9055.11,1.3,47.09,522.27,2387.96,8135.51,8.4064,0.03,392,2388,100.0,39.0,23.3403
71,-0.0032,-0.0003,100.0,518.67,642.1,1584.7,1400.82,14.62,21.61,553.87,2388.06,9067.44,1.3,47.16,522.34,2387.99,8142.78,8.3866,0.03,392,2388,100.0,38.96,23.3137
133,0.0035,0.0003,100.0,518.67,642.68,1590.71,1411.52,14.62,21.61,552.78,2388.15,9082.44,1.3,47.7,520.86,2388.14,8159.77,8.4898,0.03,394,2388,100.0,38.67,23.23
95,0.0005,-0.0003,100.0,518.67,642.9,1590.33,1400.61,14.62,21.61,553.09,2388.13,9060.24,1.3,47.42,521.15,2388.09,8148.43,8.4951,0.03,393,2388,100.0,38.73,23.2996
95,-0.0002,0.0001,100.0,518.67,642.53,1588.39,1405.2,14.62,21.61,553.07,2388.09,9052.58,1.3,47.37,521.53,2388.13,8131.02,8.4394,0.03,393,2388,100.0,38.82,23.2608
73,-0.0027,-0.0002,100.0,518.67,642.25,1580.98,1404.29,14.62,21.61,554.15,2388.0,9067.24,1.3,47.35,522.09,2388.04,8146.09,8.3851,0.03,390,2388,100.0,39.08,23.4314
19,0.0039,0.0,100.0,518.67,642.73,1592.2,1405.95,14.62,21.61,553.41,2388.2,9047.52,1.3,47.43,521.95,2388.07,8126.61,8.447,0.03,391,2388,100.0,38.89,23.3198
80,-0.0,0.0005,100.0,518.67,642.2,1593.28,1406.18,14.62,21.61,554.03,2388.05,9065.39,1.3,47.36,521.82,2388.01,8143.3,8.4495,0.03,392,2388,100.0,38.9,23.2925
155,0.0006,0.0002,100.0,518.67,642.83,1588.51,1413.92,14.62,21.61,553.47,2388.05,9130.48,1.3,47.69,521.28,2388.01,8193.56,8.462,0.03,395,2388,100.0,38.71,23.2262
10,-0.0025,-0.0001,100.0,518.67,642.02,1581.9,1398.55,14.62,21.61,555.23,2388.0,9052.61,1.3,47.12,522.25,2388.0,8138.6,8.3644,0.03,392,2388,100.0,38.93,23.3787
20,0.0011,0.0005,100.0,518.67,643.07,1592.18,1409.41,14.62,21.61,553.7,2388.05,9053.43,1.3,47.28,521.4,2388.07,8140.38,8.4165,0.03,393,2388,100.0,39.19,23.3626
71,0.0007,0.0004,100.0,518.67,642.67,1585.24,1405.13,14.62,21.61,553.54,2388.09,9069.78,1.3,47.57,521.3,2388.09,8145.77,8.4204,0.03,392,2388,100.0,38.86,23.3908
100,-0.0015,0.0002,100.0,518.67,642.89,1591.7,1403.26,14.62,21.61,554.07,2388.06,9080.85,1.3,47.51,521.46,2387.97,8156.89,8.4319,0.03,395,2388,100.0,38.71,23.299
30,-0.0006,0.0002,100.0,518.67,642.59,1584.97,1402.61,14.62,21.61,553.21,2388.08,9041.51,1.3,47.31,521.58,2388.1,8125.89,8.4391,0.03,393,2388,100.0,38.78,23.2756
136,-0.0025,0.0001,100.0,518.67,643.18,1597.99,1409.13,14.62,21.61,553.68,2388.1,9057.75,1.3,47.46,521.56,2388.03,8141.59,8.4504,0.03,393,2388,100.0,38.94,23.3639
120,-0.0021,0.0005,100.0,518.67,642.36,1585.47,1412.08,14.62,21.61,554.97,2388.04,9078.11,1.3,47.4,522.17,2388.01,8160.02,8.443,0.03,393,2388,100.0,39.0,23.4454
166,-0.0026,-0.0003,100.0,518.67,642.24,1592.89,1402.76,14.62,21.61,553.47,2388.08,9117.35,1.3,47.44,521.82,2388.01,8186.66,8.4129,0.03,395,2388,100.0,38.82,23.4058
1,-0.0003,-0.0001,100.0,518.67,642.14,1584.11,1392.44,14.62,21.61,554.84,2387.99,9068.32,1.3,47.14,522.67,2388.0,8145.82,8.3899,0.03,391,2388,100.0,39.18,23.3642
76,-0.002,-0.0003,100.0,518.67,642.1,1588.98,1405.72,14.62,21.61,553.95,2388.03,9063.7,1.3,47.36,521.43,2388.12,8136.6,8.4303,0.03,392,2388,100.0,38.97,23.3629
54,0.0014,-0.0,100.0,518.67,642.43,1583.19,1403.48,14.62,21.61,554.81,2388.01,9071.95,1.3,47.38,521.77,2388.04,8148.83,8.4105,0.03,392,2388,100.0,38.93,23.3172
106,-0.0006,0.0003,100.0,518.67,642.15,1589.71,1400.31,14.62,21.61,554.55,2388.05,9060.12,1.3,47.11,521.89,2387.97,8141.34,8.4019,0.03,393,2388,100.0,39.0,23.4263
8,0.0001,-0.0002,100.0,518.67,642.47,1591.6,1412.13,14.62,21.61,553.05,2388.13,9061.81,1.3,47.61,520.63,2388.13,8135.3,8.4374,0.03,394,2388,100.0,38.67,23.204
216,-0.0021,0.0005,100.0,518.67,642.46,1583.46,1408.68,14.62,21.61,553.01,2388.08,9063.95,1.3,47.53,522.19,2388.06,8144.7,8.452,0.03,393,2388,100.0,38.97,23.3221
128,-0.0022,0.0,100.0,518.67,642.61,1592.03,1417.94,14.62,21.61,553.49,2388.15,9053.44,1.3,47.46,520.77,2388.15,8130.1,8.4433,0.03,394,2388,100.0,38.94,23.2662
17,0.0029,0.0005,100.0,518.67,642.85,1581.71,1411.93,14.62,21.61,553.51,2388.11,9042.96,1.3,47.46,521.46,2388.1,8131.97,8.4191,0.03,392,2388,100.0,38.98,23.3514
28,0.0007,0.0001,100.0,518.67,642.72,1589.22,1406.5,14.62,21.61,552.14,2388.1,9051.1,1.3,47.54,521.72,2388.13,8126.7,8.4369,0.03,392,2388,100.0,38.82,23.2714
61,-0.0025,-0.0002,100.0,518.67,642.36,1581.06,1410.45,14.62,21.61,553.78,2388.13,9044.33,1.3,47.51,521.35,2388.13,8122.4,8.4707,0.03,393,2388,100.0,38.77,23.2598
18,-0.0025,0.0002,100.0,518.67,642.65,1599.46,1413.79,14.62,21.61,553.46,2388.11,9040.59,1.3,47.63,520.85,2388.18,8124.0,8.4642,0.03,393,2388,100.0,38.78,23.3479
45,-0.0009,0.0004,100.0,518.67,642.3,1585.72,1407.09,14.62,21.61,554.14,2388.0,9063.8,1.3,47.25,522.2,2388.0,8139.54,8.3736,0.03,393,2388,100.0,38.97,23.3901
171,0.0004,-0.0003,100.0,518.67,643.26,1592.06,1414.99,14.62,21.61,552.71,2388.2,9042.12,1.3,48.03,519.85,2388.22,8124.87,8.4922,0.03,395,2388,100.0,38.68,23.2444
118,-0.0035,0.0004,100.0,518.67,643.72,1596.04,1431.35,14.62,21.61,551.19,2388.3,9038.36,1.3,48.17,520.21,2388.28,8113.05,8.5379,0.03,396,2388,100.0,38.58,23.0341
148,0.0025,0.0003,100.0,518.67,643.01,1587.19,1415.8,14.62,21.61,553.42,2388.11,9053.82,1.3,47.57,521.21,2388.12,8141.43,8.4307,0.03,394,2388,100.0,38.8,23.2313
45,-0.0002,0.0001,100.0,518.67,642.8,1577.14,1399.9,14.62,21.61,554.07,2388.02,9061.62,1.3,47.29,521.73,2388.07,8147.67,8.391,0.03,392,2388,100.0,38.93,23.2825
29,0.0018,-0.0003,100.0,518.67,642.96,1584.54,1416.0,14.62,21.61,552.87,2388.08,9051.65,1.3,47.35,521.55,2388.14,8133.77,8.4288,0.03,392,2388,100.0,38.98,23.2935
181,0.0059,-0.0004,100.0,518.67,643.45,1589.36,1421.07,14.62,21.61,552.13,2388.14,9084.08,1.3,48.02,520.51,2388.15,8152.02,8.5201,0.03,396,2388,100.0,38.43,23.0442
210,0.0015,-0.0003,100.0,518.67,643.33,1597.06,1421.11,14.62,21.61,551.58,2388.28,9023.85,1.3,48.0,519.78,2388.25,8113.05,8.4916,0.03,396,2388,100.0,38.53,23.1442
82,-0.0018,-0.0005,100.0,518.67,642.13,1588.93,1398.88,14.62,21.61,554.92,2388.05,9072.86,1.3,47.27,522.36,2388.02,8146.19,8.4272,0.03,392,2388,100.0,38.88,23.3642
165,-0.0028,-0.0002,100.0,518.67,642.2,1589.27,1400.95,14.62,21.61,554.09,2388.03,9071.14,1.3,47.28,522.01,2388.02,8149.26,8.4005,0.03,394,2388,100.0,38.99,23.3098
70,-0.0008,0.0002,100.0,518.67,642.15,1584.58,1397.05,14.62,21.61,554.68,2387.97,9068.03,1.3,47.39,522.85,2388.04,8144.84,8.4073,0.03,392,2388,100.0,38.8,23.3425
26,0.0031,0.0001,100.0,518.67,642.35,1589.28,1399.54,14.62,21.61,553.62,2388.07,9049.02,1.3,47.21,521.71,2388.08,8138.85,8.4235,0.03,393,2388,100.0,38.95,23.338
274,-0.0018,0.0,100.0,518.67,643.58,1599.44,1420.47,14.62,21.61,551.96,2388.2,9172.47,1.3,48.09,519.77,2388.16,8232.28,8.5197,0.03,397,2388,100.0,38.52,23.0759
112,0.001,0.0004,100.0,518.67,642.2,1591.06,1410.34,14.62,21.61,553.65,2388.13,9071.46,1.3,47.64,521.86,2388.07,8150.18,8.4176,0.03,393,2388,100.0,38.92,23.2321
174,0.0021,-0.0002,100.0,518.67,643.13,1601.25,1422.38,14.62,21.61,552.76,2388.05,9132.53,1.3,47.88,520.98,2388.09,8197.43,8.486,0.03,393,2388,100.0,38.68,23.0817
294,0.0008,-0.0,100.0,518.67,643.62,1600.45,1422.07,14.62,21.61,551.56,2388.19,9080.76,1.3,48.15,519.61,2388.23,8151.06,8.4701,0.03,396,2388,100.0,38.55,23.0545
191,-0.0016,0.0002,100.0,518.67,642.46,1594.04,1411.98,14.62,21.61,553.22,2388.07,9053.69,1.3,47.53,521.47,2388.06,8137.87,8.455,0.03,393,2388,100.0,38.82,23.2851
181,0.0018,-0.0004,100.0,518.67,643.54,1605.78,1422.39,14.62,21.61,552.25,2388.13,9157.93,1.3,48.0,520.33,2388.12,8219.88,8.5119,0.03,397,2388,100.0,38.54,23.0392
36,-0.0036,0.0002,100.0,518.67,642.21,1593.72,1410.4,14.62,21.61,553.82,2388.09,9055.64,1.3,47.41,521.35,2388.09,8138.18,8.4093,0.03,392,2388,100.0,38.77,23.3937
56,0.0026,0.0001,100.0,518.67,642.75,1584.69,1409.08,14.62,21.61,553.24,2388.09,9058.55,1.3,47.57,521.75,2388.12,8140.55,8.4351,0.03,394,2388,100.0,38.92,23.318
143,-0.0012,0.0003,100.0,518.67,642.74,1586.75,1406.34,14.62,21.61,553.08,2388.07,9090.71,1.3,47.54,520.98,2388.08,8169.05,8.4173,0.03,393,2388,100.0,38.79,23.3044
7,-0.003,0.0002,100.0,518.67,642.35,1587.41,1403.04,14.62,21.61,553.45,2388.08,9048.99,1.3,47.5,521.76,2388.04,8133.01,8.4698,0.03,392,2388,100.0,39.04,23.4062
90,0.0001,0.0003,100.0,518.67,643.32,1586.92,1408.45,14.62,21.61,553.98,2388.05,9063.48,1.3,47.32,522.22,2388.06,8143.04,8.4484,0.03,393,2388,100.0,38.98,23.322
101,-0.0003,0.0002,100.0,518.67,642.82,1593.52,1408.41,14.62,21.61,554.14,2388.13,9039.64,1.3,47.43,521.36,2388.12,8123.66,8.4236,0.03,392,2388,100.0,38.91,23.2813
111,-0.0035,-0.0004,100.0,518.67,642.86,1590.05,1405.06,14.62,21.61,553.36,2388.1,9053.91,1.3,47.58,521.45,2388.11,8138.37,8.434,0.03,393,2388,100.0,38.94,23.2636
71,-0.001,0.0001,100.0,518.67,642.57,1586.2,1394.86,14.62,21.61,554.99,2388.02,9055.94,1.3,47.4,521.88,2388.02,8138.34,8.4211,0.03,391,2388,100.0,39.1,23.4454
82,0.0041,-0.0002,100.0,518.67,643.11,1596.59,1414.97,14.62,21.61,552.89,2388.1,9058.45,1.3,47.53,521.73,2388.08,8139.19,8.4494,0.03,393,2388,100.0,38.87,23.3487
112,-0.0007,0.0002,100.0,518.67,642.65,1584.14,1400.61,14.62,21.61,553.64,2388.03,9067.74,1.3,47.41,521.35,2388.03,8155.89,8.4176,0.03,393,2388,100.0,39.0,23.314
25,0.0007,0.0001,100.0,518.67,642.04,1581.05,1390.8,14.62,21.61,554.37,2388.03,9058.03,1.3,47.04,522.26,2388.01,8149.78,8.3806,0.03,392,2388,100.0,38.99,23.4623
124,0.0029,-0.0003,100.0,518.67,642.56,1590.51,1409.86,14.62,21.61,553.45,2388.12,9061.42,1.3,47.55,520.62,2388.13,8142.55,8.4648,0.03,394,2388,100.0,38.74,23.3418
148,0.0015,0.0002,100.0,518.67,642.6,1582.93,1403.41,14.62,21.6,554.0,2388.02,9064.72,1.3,47.48,522.13,2388.06,8145.3,8.3919,0.03,391,2388,100.0,39.01,23.2918
188,0.0014,0.0,100.0,518.67,642.9,1595.07,1412.29,14.62,21.61,553.51,2388.13,9070.92,1.3,47.67,521.14,2388.1,8147.71,8.4576,0.03,394,2388,100.0,38.8,23.2395
109,0.0015,-0.0001,100.0,518.67,642.33,1584.97,1409.02,14.62,21.61,553.48,2388.07,9063.96,1.3,47.49,521.4,2388.09,8144.31,8.4535,0.03,393,2388,100.0,38.83,23.3957
297,-0.0011,-0.0,100.0,518.67,643.2,1599.98,1411.91,14.62,21.61,552.74,2388.16,9059.59,1.3,47.72,520.52,2388.2,8137.7,8.4373,0.03,394,2388,100.0,38.69,23.268
8,-0.0026,-0.0001,100.0,518.67,641.83,1579.69,1396.91,14.62,21.61,553.96,2387.98,9054.49,1.3,47.16,522.44,2387.98,8144.86,8.4198,0.03,392,2388,100.0,39.07,23.4006
40,-0.0015,0.0003,100.0,518.67,642.58,1594.83,1409.69,14.62,21.61,552.99,2388.1,9044.35,1.3,47.65,521.72,2388.13,8126.34,8.4018,0.03,394,2388,100.0,39.01,23.2179
116,0.0029,-0.0003,100.0,518.67,641.54,1578.3,1397.36,14.62,21.61,554.95,2388.01,9067.42,1.3,47.24,522.38,2388.01,8148.67,8.4089,0.03,392,2388,100.0,38.95,23.4573
156,0.0004,0.0003,100.0,518.67,642.97,1600.93,1415.16,14.62,21.61,552.38,2388.16,9077.77,1.3,47.85,520.61,2388.15,8155.0,8.494,0.03,394,2388,100.0,38.53,23.1676
92,-0.001,0.0002,100.0,518.67,642.03,1579.32,1402.74,14.62,21.61,554.51,2388.05,9052.27,1.3,47.15,522.03,2388.06,8136.18,8.4194,0.03,390,2388,100.0,38.89,23.4079
275,-0.0014,-0.0004,100.0,518.67,643.52,1587.82,1408.05,14.62,21.61,552.55,2388.13,9058.76,1.3,47.82,521.2,2388.14,8137.13,8.4688,0.03,393,2388,100.0,38.64,23.286
94,-0.0006,-0.0005,100.0,518.67,642.98,1590.11,1411.14,14.62,21.61,553.38,2388.14,9069.13,1.3,47.65,521.67,2388.12,8146.12,8.4615,0.03,393,2388,100.0,38.81,23.2616
150,0.0028,-0.0004,100.0,518.67,642.82,1587.29,1408.99,14.62,21.61,552.31,2388.1,9064.23,1.3,47.6,520.93,2388.11,8139.44,8.4442,0.03,392,2388,100.0,38.73,23.347
167,0.0037,0.0002,100.0,518.67,643.76,1603.61,1431.6,14.62,21.61,550.78,2388.27,9057.35,1.3,48.02,519.22,2388.27,8129.57,8.5071,0.03,397,2388,100.0,38.37,23.0965
146,-0.0036,0.0003,100.0,518.67,643.09,1599.77,1423.12,14.62,21.61,553.17,2388.17,9055.57,1.3,47.81,520.39,2388.25,8132.9,8.524,0.03,394,2388,100.0,38.41,23.129
86,0.0007,-0.0004,100.0,518.67,642.81,1580.2,1399.52,14.62,21.6,554.91,2388.04,9051.45,1.3,47.37,522.51,2388.02,8145.11,8.3799,0.03,392,2388,100.0,38.91,23.3793
105,-0.0002,0.0003,100.0,518.67,642.18,1588.27,1398.2,14.62,21.61,554.79,2388.02,9058.06,1.3,47.41,522.34,2388.0,8139.26,8.4073,0.03,391,2388,100.0,39.0,23.385
80,0.0015,0.0004,100.0,518.67,642.55,1584.95,1400.86,14.62,21.61,554.49,2387.98,9068.18,1.3,47.43,522.15,2388.06,8151.42,8.42,0.03,393,2388,100.0,39.15,23.2892
194,0.0019,-0.0,100.0,518.67,642.98,1597.2,1429.25,14.62,21.61,551.57,2388.24,9078.85,1.3,48.17,520.3,2388.18,8159.04,8.5307,0.03,397,2388,100.0,38.31,22.9917
79,0.0004,-0.0001,100.0,518.67,642.3,1584.01,1401.89,14.62,21.61,553.78,2388.03,9061.76,1.3,47.24,522.15,2388.04,8145.79,8.4109,0.03,391,2388,100.0,39.08,23.3999
162,-0.0008,0.0001,100.0,518.67,643.67,1591.29,1411.32,14.62,21.61,552.75,2388.17,9059.05,1.3,47.73,520.79,2388.16,8143.64,8.4693,0.03,393,2388,100.0,38.52,23.213
112,-0.002,-0.0003,100.0,518.67,641.71,1582.81,1405.7,14.62,21.61,553.56,2388.0,9058.0,1.3,47.42,521.56,2388.01,8135.88,8.4127,0.03,393,2388,100.0,39.06,23.321
17,-0.0009,0.0004,100.0,518.67,642.52,1588.52,1405.1,14.62,21.61,552.78,2388.16,9059.77,1.3,47.54,521.52,2388.1,8139.99,8.446,0.03,391,2388,100.0,38.78,23.231
20,-0.0015,0.0002,100.0,518.67,642.15,1585.71,1406.4,14.62,21.61,553.98,2388.15,9044.17,1.3,47.26,522.29,2388.09,8126.48,8.4522,0.03,392,2388,100.0,38.83,23.4062
213,0.0023,0.0002,100.0,518.67,642.97,1600.91,1417.44,14.62,21.61,552.92,2388.06,9105.88,1.3,47.82,520.43,2388.17,8180.98,8.4793,0.03,395,2388,100.0,38.67,23.1144
108,-0.0005,-0.0002,100.0,518.67,642.98,1583.29,1405.94,14.62,21.61,553.52,2388.08,9068.9,1.3,47.25,521.48,2388.05,8147.9,8.4371,0.03,392,2388,100.0,38.89,23.4032
108,-0.0037,0.0,100.0,518.67,643.38,1586.86,1406.66,14.62,21.61,553.73,2388.14,9053.9,1.3,47.6,521.17,2388.15,8136.35,8.4384,0.03,393,2388,100.0,38.84,23.2493
41,-0.0021,0.0001,100.0,518.67,643.2,1595.67,1413.74,14.62,21.61,554.07,2388.09,9065.85,1.3,47.54,521.7,2388.1,8138.15,8.4407,0.03,394,2388,100.0,38.9,23.2691
221,0.0005,0.0,100.0,518.67,643.03,1601.52,1425.8,14.62,21.61,551.74,2388.16,9126.33,1.3,47.86,520.24,2388.08,8196.0,8.4919,0.03,396,2388,100.0,38.38,23.1094
90,-0.0029,-0.0002,100.0,518.67,642.55,1590.39,1411.2,14.62,21.61,553.41,2388.09,9060.41,1.3,47.6,521.27,2388.11,8137.46,8.4519,0.03,392,2388,100.0,38.84,23.2538
190,0.0018,0.0001,100.0,518.67,643.81,1597.63,1416.46,14.62,21.61,552.48,2388.24,9064.21,1.3,47.88,520.03,2388.22,8133.59,8.4858,0.03,395,2388,100.0,38.49,23.0805
102,0.0022,0.0005,100.0,518.67,642.33,1597.12,1407.97,14.62,21.61,553.31,2388.05,9067.58,1.3,47.35,521.54,2388.04,8147.14,8.4081,0.03,394,2388,100.0,38.91,23.3142
101,0.0015,-0.0003,100.0,518.67,642.85,1592.22,1401.11,14.62,21.61,553.13,2388.11,9063.79,1.3,47.49,521.52,2388.11,8144.98,8.4367,0.03,392,2388,100.0,38.9,23.2263
61,-0.0011,-0.0004,100.0,518.67,642.25,1590.3,1400.96,14.62,21.6,553.29,2388.11,9050.49,1.3,47.53,521.4,2388.14,8134.38,8.4407,0.03,392,2388,100.0,38.9,23.234
57,-0.0016,-0.0001,100.0,518.67,642.42,1590.41,1403.39,14.62,21.61,554.27,2388.11,9048.37,1.3,47.46,521.97,2388.09,8129.29,8.4397,0.03,393,2388,100.0,38.93,23.2477
15,-0.0008,-0.0004,100.0,518.67,642.01,1589.19,1400.17,14.62,21.6,554.25,2388.07,9061.96,1.3,47.23,522.28,2388.02,8138.37,8.4185,0.03,392,2388,100.0,38.91,23.4041
66,0.002,-0.0004,100.0,518.67,642.53,1594.99,1408.08,14.62,21.61,552.99,2388.03,9065.13,1.3,47.49,521.01,2388.11,8140.53,8.4491,0.03,392,2388,100.0,38.79,23.2956
148,0.0004,-0.0004,100.0,518.67,643.17,1594.43,1409.13,14.62,21.61,552.57,2388.17,9075.63,1.3,47.87,520.4,2388.13,8150.57,8.4789,0.03,392,2388,100.0,38.62,23.1758
34,-0.0004,-0.0002,100.0,518.67,642.04,1585.91,1399.54,14.62,21.61,554.58,2388.03,9055.66,1.3,47.28,522.07,2387.97,8145.77,8.4406,0.03,395,2388,100.0,39.03,23.3824
59,0.0032,-0.0,100.0,518.67,642.67,1591.73,1408.07,14.62,21.61,553.29,2388.12,9053.23,1.3,47.52,521.38,2388.09,8137.93,8.4299,0.03,392,2388,100.0,38.9,23.3468
32,0.0012,0.0002,100.0,518.67,642.24,1583.19,1408.02,14.62,21.61,553.59,2388.13,9053.72,1.3,47.54,521.27,2388.11,8138.9,8.44,0.03,393,2388,100.0,38.89,23.2433
118,-0.0009,-0.0002,100.0,518.67,642.22,1585.92,1399.92,14.62,21.61,553.86,2388.04,9060.32,1.3,47.42,522.15,2388.03,8135.56,8.3992,0.03,391,2388,100.0,38.91,23.3304
147,0.0028,-0.0002,100.0,518.67,642.35,1589.01,1405.08,14.62,21.61,554.21,2388.09,9061.8,1.3,47.37,521.79,2388.1,8140.38,8.4413,0.03,395,2388,100.0,38.83,23.316
63,-0.0029,-0.0003,100.0,518.67,642.71,1589.35,1402.13,14.62,21.61,553.44,2388.14,9062.8,1.3,47.49,521.08,2388.07,8140.0,8.464,0.03,395,2388,100.0,38.6,23.2772
215,-0.0037,0.0002,100.0,518.67,643.71,1600.26,1427.83,14.62,21.61,551.37,2388.2,9069.39,1.3,47.95,520.48,2388.2,8143.73,8.5027,0.03,397,2388,100.0,38.42,23.1
161,-0.0016,0.0003,100.0,518.67,642.73,1592.2,1412.49,14.62,21.61,554.03,2388.05,9074.47,1.3,47.64,521.05,2388.09,8153.14,8.465,0.03,394,2388,100.0,38.57,23.0965
6,0.0034,0.0004,100.0,518.67,642.85,1596.95,1406.78,14.62,21.61,553.57,2388.11,9047.72,1.3,47.44,521.57,2388.15,8122.88,8.4274,0.03,394,2388,100.0,38.73,23.255
10,-0.0027,-0.0001,100.0,518.67,642.64,1595.07,1399.16,14.62,21.61,554.44,2388.01,9053.89,1.3,47.02,522.29,2388.02,8137.21,8.3873,0.03,389,2388,100.0,39.12,23.469
6,-0.0006,-0.0003,100.0,518.67,641.81,1586.84,1395.7,14.62,21.61,554.47,2387.97,9061.09,1.3,47.15,522.62,2387.98,8141.56,8.3864,0.03,391,2388,100.0,39.14,23.5058
147,0.0022,-0.0004,100.0,518.67,642.01,1591.29,1400.0,14.62,21.61,553.86,2388.0,9073.84,1.3,47.33,522.35,2387.96,8155.31,8.3754,0.03,389,2388,100.0,38.97,23.3927
159,0.0024,0.0002,100.0,518.67,643.15,1596.77,1415.76,14.62,21.61,552.53,2388.1,9092.02,1.3,47.74,520.73,2388.11,8161.54,8.4731,0.03,395,2388,100.0,38.68,23.2233
124,0.0008,-0.0002,100.0,518.67,642.21,1593.4,1400.11,14.62,21.61,554.02,2388.07,9079.07,1.3,47.3,521.88,2388.06,8160.46,8.3898,0.03,392,2388,100.0,39.1,23.3311
89,-0.0021,0.0001,100.0,518.67,642.83,1585.81,1404.45,14.62,21.61,554.32,2387.99,9065.1,1.3,47.33,522.51,2388.01,8146.89,8.4305,0.03,393,2388,100.0,38.9,23.51
32,-0.0018,0.0,100.0,518.67,641.89,1588.4,1390.48,14.62,21.61,554.32,2388.05,9064.15,1.3,47.44,522.74,2387.98,8145.99,8.3919,0.03,391,2388,100.0,38.96,23.4849
135,0.0002,0.0002,100.0,518.67,643.55,1593.32,1414.46,14.62,21.61,553.41,2388.12,9064.05,1.3,48.02,520.93,2388.17,8138.82,8.4974,0.03,393,2388,100.0,38.7,23.1736
67,-0.0019,0.0002,100.0,518.67,641.92,1589.63,1397.55,14.62,21.61,554.44,2388.06,9058.72,1.3,47.24,522.26,2387.99,8145.95,8.4321,0.03,391,2388,100.0,38.95,23.4288
106,-0.0017,0.0003,100.0,518.67,642.78,1592.44,1417.99,14.62,21.61,553.42,2388.19,9042.35,1.3,47.68,521.23,2388.14,8124.03,8.4841,0.03,394,2388,100.0,38.44,23.2652
154,0.0038,0.0002,100.0,518.67,642.87,1596.48,1407.58,14.62,21.61,553.0,2388.04,9105.93,1.3,47.76,521.02,2388.08,8174.36,8.4262,0.03,395,2388,100.0,38.7,23.3318
3,-0.0014,-0.0004,100.0,518.67,642.19,1591.6,1407.08,14.62,21.61,554.51,2388.11,9049.73,1.3,47.43,521.98,2388.06,8130.46,8.42,0.03,393,2388,100.0,38.88,23.4072
39,0.0006,0.0003,100.0,518.67,642.01,1587.69,1393.64,14.62,21.61,554.4,2388.02,9060.02,1.3,47.16,522.43,2387.96,8139.23,8.4369,0.03,391,2388,100.0,38.98,23.3673
131,0.0,0.0003,100.0,518.67,642.69,1586.67,1413.62,14.62,21.61,552.36,2388.13,9066.88,1.3,47.57,521.39,2388.13,8141.46,8.4446,0.03,394,2388,100.0,38.81,23.3337
195,-0.0023,0.0,100.0,518.67,643.24,1593.42,1418.33,14.62,21.61,553.44,2388.14,9062.75,1.3,47.69,521.26,2388.12,8149.62,8.4858,0.03,394,2388,100.0,38.56,23.0672
144,0.0047,0.0001,100.0,518.67,643.05,1595.93,1414.19,14.62,21.61,552.39,2388.22,9055.16,1.3,47.64,520.63,2388.16,8135.28,8.4754,0.03,395,2388,100.0,38.65,23.2123
198,0.0042,-0.0002,100.0,518.67,643.29,1595.46,1416.63,14.62,21.61,553.27,2388.14,9056.1,1.3,47.54,521.54,2388.11,8133.56,8.4578,0.03,394,2388,100.0,38.87,23.2968
72,-0.0015,-0.0,100.0,518.67,642.24,1584.34,1391.78,14.62,21.61,554.78,2388.0,9061.3,1.3,47.15,522.43,2387.96,8147.88,8.4192,0.03,391,2388,100.0,39.22,23.4116
106,0.0024,0.0001,100.0,518.67,642.86,1603.02,1416.23,14.62,21.61,552.85,2388.18,9042.54,1.3,47.71,520.46,2388.15,8127.82,8.4865,0.03,393,2388,100.0,38.5,23.1649
134,0.0006,0.0003,100.0,518.67,643.46,1600.85,1413.51,14.62,21.61,551.68,2388.29,9040.27,1.3,47.85,519.7,2388.22,8119.16,8.4955,0.03,393,2388,100.0,38.53,23.0666
179,-0.0002,-0.0002,100.0,518.67,642.87,1596.82,1421.71,14.62,21.61,552.73,2388.1,9131.95,1.3,47.87,520.56,2388.1,8201.98,8.4766,0.03,396,2388,100.0,38.59,23.1856
47,0.0016,-0.0002,100.0,518.67,642.46,1585.86,1403.53,14.62,21.61,554.41,2388.05,9062.86,1.3,47.17,522.37,2387.97,8148.7,8.3923,0.03,393,2388,100.0,38.84,23.4642
185,0.0007,-0.0002,100.0,518.67,643.32,1604.87,1427.3,14.62,21.61,552.45,2388.21,9127.07,1.3,48.12,519.56,2388.18,8194.02,8.5312,0.03,397,2388,100.0,38.47,22.9686
154,-0.0004,0.0003,100.0,518.67,642.95,1594.38,1409.05,14.62,21.61,552.62,2388.09,9077.87,1.3,47.68,521.16,2388.1,8151.86,8.4511,0.03,394,2388,100.0,38.85,23.3
255,0.003,-0.0003,100.0,518.67,643.75,1602.1,1429.98,14.62,21.61,550.76,2388.25,9057.26,1.3,48.29,519.99,2388.26,8120.71,8.5249,0.03,396,2388,100.0,38.4,23.1204
115,-0.0012,-0.0002,100.0,518.67,642.43,1590.86,1392.88,14.62,21.61,553.69,2388.05,9059.74,1.3,47.37,522.45,2388.02,8144.98,8.4079,0.03,392,2388,100.0,39.13,23.3299
2,-0.0025,-0.0003,100.0,518.67,642.12,1591.12,1404.59,14.62,21.61,553.72,2388.12,9060.29,1.3,47.23,521.72,2388.04,8143.35,8.3883,0.03,393,2388,100.0,38.8,23.4387
71,-0.0005,-0.0005,100.0,518.67,641.58,1580.78,1398.2,14.62,21.61,554.18,2388.07,9054.7,1.3,47.28,522.08,2388.02,8144.12,8.3464,0.03,391,2388,100.0,38.93,23.4917
170,0.0003,0.0,100.0,518.67,642.84,1593.08,1397.9,14.62,21.61,554.39,2388.04,9079.97,1.3,47.49,522.31,2388.03,8158.24,8.4557,0.03,393,2388,100.0,38.91,23.4283
172,0.0041,0.0004,100.0,518.67,643.29,1586.69,1408.81,14.62,21.61,553.56,2388.01,9067.98,1.3,47.62,522.16,2388.09,8133.68,8.4187,0.03,392,2388,100.0,39.03,23.2194
119,0.0008,-0.0004,100.0,518.67,642.47,1595.02,1417.37,14.62,21.61,552.61,2388.19,9054.98,1.3,47.71,521.17,2388.15,8127.67,8.4655,0.03,393,2388,100.0,38.88,23.2062
3,-0.0021,-0.0005,100.0,518.67,642.6,1593.09,1410.91,14.62,21.61,552.92,2388.09,9055.05,1.3,47.45,521.78,2388.09,8137.73,8.3939,0.03,392,2388,100.0,38.91,23.3312
82,-0.0033,-0.0003,100.0,518.67,642.14,1590.43,1415.12,14.62,21.61,554.11,2388.01,9067.74,1.3,47.44,521.62,2388.05,8154.28,8.4315,0.03,392,2388,100.0,38.77,23.3388
63,0.0004,0.0001,100.0,518.67,642.33,1590.1,1416.28,14.62,21.61,552.61,2388.08,9060.33,1.3,47.41,521.49,2388.05,8148.73,8.4618,0.03,393,2388,100.0,38.93,23.2869
8,0.0023,0.0004,100.0,518.67,642.09,1582.29,1400.99,14.62,21.61,554.61,2387.99,9064.69,1.3,47.28,522.43,2388.0,8151.03,8.4175,0.03,393,2388,100.0,39.0,23.6127
38,0.0031,-0.0003,100.0,518.67,642.28,1582.82,1397.08,14.62,21.61,554.42,2388.05,9072.16,1.3,47.16,522.07,2388.03,8142.01,8.3761,0.03,392,2388,100.0,39.16,23.374
132,0.0034,-0.0004,100.0,518.67,642.15,1593.99,1397.84,14.62,21.61,553.57,2388.04,9082.92,1.3,47.38,522.34,2388.04,8168.49,8.416,0.03,392,2388,100.0,38.87,23.306
72,0.0024,-0.0003,100.0,518.67,642.08,1589.47,1400.71,14.62,21.6,554.59,2387.98,9065.25,1.3,47.2,521.78,2388.0,8145.02,8.3982,0.03,392,2388,100.0,39.03,23.3513
155,-0.0001,0.0005,100.0,518.67,643.21,1586.08,1417.94,14.62,21.61,552.78,2388.13,9064.07,1.3,47.57,520.83,2388.12,8144.75,8.4439,0.03,395,2388,100.0,38.63,23.2237
103,0.0014,0.0002,100.0,518.67,642.1,1592.25,1416.52,14.62,21.61,553.56,2388.11,9061.9,1.3,47.73,520.89,2388.15,8133.77,8.415,0.03,393,2388,100.0,38.56,23.2684
120,0.0004,0.0,100.0,518.67,642.41,1594.46,1410.49,14.62,21.61,553.17,2388.16,9051.83,1.3,47.47,521.68,2388.11,8135.08,8.4441,0.03,394,2388,100.0,38.91,23.3609
27,0.0001,0.0001,100.0,518.67,643.07,1588.2,1404.08,14.62,21.61,553.52,2388.12,9051.33,1.3,47.49,521.44,2388.1,8129.74,8.4047,0.03,393,2388,100.0,38.98,23.4082
39,0.005,-0.0,100.0,518.67,641.68,1588.58,1411.78,14.62,21.61,554.61,2388.05,9057.63,1.3,47.43,521.78,2388.06,8145.04,8.4908,0.03,391,2388,100.0,38.84,23.4197
77,-0.0037,-0.0002,100.0,518.67,641.78,1587.86,1402.19,14.62,21.61,553.44,2388.04,9049.28,1.3,47.37,522.2,2388.01,8136.81,8.415,0.03,392,2388,100.0,39.02,23.3331
225,0.0006,-0.0004,100.0,518.67,643.28,1604.2,1415.65,14.62,21.61,552.75,2388.11,9126.81,1.3,48.0,520.17,2388.08,8196.21,8.4877,0.03,396,2388,100.0,38.62,23.13
14,-0.0002,0.0002,100.0,518.67,643.05,1582.9,1394.69,14.62,21.61,554.17,2388.03,9066.98,1.3,47.45,522.1,2388.03,8144.63,8.4014,0.03,390,2388,100.0,38.88,23.3799
20,0.0009,-0.0003,100.0,518.67,642.16,1592.08,1397.95,14.62,21.61,554.36,2388.05,9057.86,1.3,47.14,521.89,2388.03,8138.31,8.371,0.03,393,2388,100.0,39.08,23.476
22,0.0013,0.0003,100.0,518.67,642.39,1587.18,1402.52,14.62,21.61,553.48,2388.09,9037.04,1.3,47.34,521.51,2388.14,8126.56,8.4603,0.03,393,2388,100.0,38.87,23.3685
168,0.0047,-0.0005,100.0,518.67,642.77,1597.38,1412.74,14.62,21.61,552.9,2388.14,9093.26,1.3,47.89,520.42,2388.16,8165.89,8.5048,0.03,394,2388,100.0,38.72,23.1771
186,-0.0004,0.0002,100.0,518.67,642.8,1582.46,1404.35,14.62,21.61,554.42,2388.05,9063.38,1.3,47.47,521.82,2388.16,8145.64,8.4131,0.03,393,2388,100.0,38.75,23.3416
157,0.0019,-0.0002,100.0,518.67,643.15,1598.25,1421.25,14.62,21.61,551.99,2388.18,9063.43,1.3,47.83,520.69,2388.19,8143.72,8.4552,0.03,395,2388,100.0,38.56,23.1973
177,-0.0011,0.0002,100.0,518.67,642.82,1589.03,1404.25,14.62,21.61,553.34,2388.05,9081.19,1.3,47.57,521.82,2388.0,8155.88,8.4445,0.03,393,2388,100.0,38.79,23.2483
24,-0.0002,0.0001,100.0,518.67,642.78,1589.04,1401.67,14.62,21.61,553.64,2388.14,9043.07,1.3,47.48,521.92,2388.13,8131.86,8.423,0.03,394,2388,100.0,38.89,23.2798
204,-0.0044,-0.0,100.0,518.67,642.6,1591.25,1412.97,14.62,21.61,552.69,2388.14,9064.32,1.3,47.81,521.37,2388.2,8150.38,8.4505,0.03,393,2388,100.0,38.75,23.2207
31,-0.0001,0.0001,100.0,518.67,642.33,1589.31,1393.67,14.62,21.61,554.49,2387.99,9067.82,1.3,47.08,522.58,2388.01,8143.69,8.4265,0.03,391,2388,100.0,39.13,23.4235
64,0.0025,-0.0001,100.0,518.67,642.72,1592.81,1411.9,14.62,21.61,553.6,2388.17,9053.41,1.3,47.42,521.79,2388.16,8125.3,8.4087,0.03,393,2388,100.0,38.79,23.3106
6,-0.0042,-0.0002,100.0,518.67,642.43,1582.35,1402.19,14.62,21.61,554.3,2388.07,9052.55,1.3,47.47,521.32,2388.08,8145.12,8.4223,0.03,392,2388,100.0,39.02,23.3396
12,-0.0043,-0.0001,100.0,518.67,642.21,1587.6,1405.13,14.62,21.61,553.58,2388.03,9061.78,1.3,47.32,521.45,2388.02,8137.28,8.4069,0.03,391,2388,100.0,38.75,23.3205
71,-0.0033,0.0002,100.0,518.67,642.73,1591.12,1414.31,14.62,21.61,554.25,2388.13,9062.22,1.3,47.51,521.21,2388.08,8140.42,8.4381,0.03,392,2388,100.0,38.76,23.2452
40,-0.0008,0.0,100.0,518.67,642.26,1582.52,1402.52,14.62,21.61,554.6,2388.01,9052.98,1.3,47.13,522.81,2387.97,8137.32,8.4034,0.03,392,2388,100.0,39.0,23.4005
125,0.0008,0.0002,100.0,518.67,642.75,1593.33,1405.12,14.62,21.61,553.09,2388.19,9042.73,1.3,47.71,520.48,2388.17,8118.88,8.454,0.03,395,2388,100.0,38.97,23.1707
123,-0.001,-0.0005,100.0,518.67,642.24,1585.83,1404.42,14.62,21.61,553.66,2388.05,9060.72,1.3,47.41,522.22,2388.07,8136.81,8.4331,0.03,392,2388,100.0,38.92,23.3296
103,-0.0024,-0.0,100.0,518.67,642.78,1590.68,1405.02,14.62,21.61,553.75,2388.06,9071.31,1.3,47.56,521.77,2388.11,8137.48,8.4471,0.03,392,2388,100.0,38.78,23.2918
130,-0.0033,0.0004,100.0,518.67,642.61,1590.93,1403.14,14.62,21.61,553.76,2388.0,9065.29,1.3,47.36,522.38,2388.0,8148.17,8.4394,0.03,392,2388,100.0,38.97,23.2974
49,-0.0023,-0.0004,100.0,518.67,642.5,1589.34,1404.59,14.62,21.61,553.55,2388.08,9042.74,1.3,47.45,521.83,2388.08,8128.88,8.3987,0.03,393,2388,100.0,38.88,23.3656
131,0.0029,0.0001,100.0,518.67,642.0,1588.48,1405.16,14.62,21.61,553.02,2388.07,9068.11,1.3,47.39,522.33,2388.05,8145.06,8.4254,0.03,391,2388,100.0,38.68,23.3508
110,-0.0011,-0.0004,100.0,518.67,642.73,1589.49,1409.69,14.62,21.61,552.65,2388.17,9051.72,1.3,47.64,521.18,2388.14,8128.52,8.4962,0.03,395,2388,100.0,38.87,23.3109
147,0.0017,-0.0002,100.0,518.67,642.92,1583.95,1409.47,14.62,21.61,553.36,2388.09,9093.05,1.3,47.54,521.71,2388.06,8165.27,8.4745,0.03,394,2388,100.0,38.93,23.2549
68,0.0011,-0.0005,100.0,518.67,641.96,1588.22,1401.69,14.62,21.61,553.38,2388.14,9049.76,1.3,47.46,521.04,2388.09,8132.25,8.45,0.03,393,2388,100.0,39.09,23.2718
53,0.0026,-0.0001,100.0,518.67,642.25,1583.89,1396.89,14.62,21.61,554.39,2387.98,9061.94,1.3,47.29,522.21,2388.0,8139.63,8.3725,0.03,390,2388,100.0,38.97,23.4618
28,0.0007,0.0,100.0,518.67,642.55,1589.38,1404.99,14.62,21.61,553.21,2388.15,9054.49,1.3,47.54,521.67,2388.14,8135.71,8.439,0.03,393,2388,100.0,38.91,23.3018
91,0.0042,0.0,100.0,518.67,642.27,1587.04,1404.74,14.62,21.61,553.16,2388.07,9065.23,1.3,47.27,521.66,2388.04,8143.26,8.4117,0.03,393,2388,100.0,38.85,23.3784
114,0.0023,-0.0004,100.0,518.67,642.12,1586.53,1399.95,14.62,21.61,554.2,2387.98,9074.92,1.3,47.42,522.84,2387.98,8148.49,8.4299,0.03,391,2388,100.0,38.97,23.4386
142,-0.0011,-0.0002,100.0,518.67,642.58,1597.06,1404.14,14.62,21.61,554.62,2388.05,9065.38,1.3,47.29,522.17,2388.05,8141.83,8.4413,0.03,393,2388,100.0,39.0,23.3789
48,0.0027,0.0003,100.0,518.67,642.49,1595.8,1406.74,14.62,21.61,553.71,2388.13,9050.68,1.3,47.47,521.77,2388.07,8128.78,8.4737,0.03,393,2388,100.0,38.81,23.3485
212,-0.0037,-0.0002,100.0,518.67,644.29,1602.27,1421.12,14.62,21.61,551.24,2388.2,9115.67,1.3,48.2,519.92,2388.2,8177.88,8.4894,0.03,396,2388,100.0,38.41,23.1275
81,0.0028,-0.0001,100.0,518.67,642.29,1588.33,1408.43,14.62,21.61,553.74,2388.01,9062.51,1.3,47.29,521.96,2388.09,8139.42,8.3912,0.03,392,2388,100.0,38.87,23.3044
165,-0.004,0.0002,100.0,518.67,643.23,1593.42,1414.19,14.62,21.61,553.31,2388.11,9104.81,1.3,47.77,520.64,2388.07,8182.32,8.4545,0.03,394,2388,100.0,38.78,23.2019
87,-0.0019,-0.0003,100.0,518.67,642.64,1586.41,1409.7,14.62,21.61,553.01,2388.07,9065.05,1.3,47.64,521.33,2388.12,8137.46,8.4648,0.03,395,2388,100.0,38.75,23.2764
10,0.0003,-0.0001,100.0,518.67,642.44,1583.31,1402.04,14.62,21.61,554.63,2388.02,9066.58,1.3,47.29,522.41,2388.09,8145.51,8.3829,0.03,391,2388,100.0,38.79,23.2399
112,-0.0008,0.0005,100.0,518.67,643.26,1593.52,1408.24,14.62,21.61,552.85,2388.13,9071.7,1.3,47.89,520.99,2388.13,8154.24,8.444,0.03,393,2388,100.0,38.64,23.2058
58,-0.0024,-0.0001,100.0,518.67,642.18,1588.88,1398.02,14.62,21.61,553.9,2388.06,9065.76,1.3,47.34,521.9,2388.06,8140.36,8.4433,0.03,393,2388,100.0,38.88,23.3289
35,0.0,0.0001,100.0,518.67,642.45,1586.72,1403.0,14.62,21.61,553.53,2388.07,9061.15,1.3,47.51,521.44,2388.07,8142.68,8.4582,0.03,394,2388,100.0,39.06,23.2859
268,0.0033,-0.0002,100.0,518.67,644.02,1608.65,1434.59,14.62,21.61,552.22,2388.15,9146.01,1.3,48.15,520.1,2388.14,8215.19,8.5196,0.03,397,2388,100.0,38.52,23.118
13,-0.003,-0.0003,100.0,518.67,642.48,1595.78,1406.83,14.62,21.61,554.27,2388.06,9046.97,1.3,47.3,521.88,2388.11,8125.51,8.4321,0.03,393,2388,100.0,38.86,23.2711
178,-0.0024,0.0001,100.0,518.67,642.62,1587.15,1403.37,14.62,21.61,553.89,2388.07,9092.23,1.3,47.38,522.07,2388.04,8155.87,8.434,0.03,392,2388,100.0,38.93,23.2983
62,-0.0064,0.0001,100.0,518.67,642.82,1587.98,1413.99,14.62,21.61,553.2,2388.16,9053.77,1.3,47.61,521.85,2388.08,8134.98,8.4692,0.03,393,2388,100.0,38.77,23.2208
27,-0.0003,-0.0002,100.0,518.67,642.84,1584.97,1415.65,14.62,21.61,552.73,2388.13,9066.67,1.3,47.55,520.78,2388.08,8134.87,8.4371,0.03,394,2388,100.0,38.79,23.3053
60,0.0012,0.0005,100.0,518.67,642.55,1584.18,1404.94,14.62,21.61,554.08,2387.99,9056.11,1.3,47.26,521.84,2388.03,8141.19,8.4193,0.03,392,2388,100.0,38.99,23.395
66,0.0031,0.0002,100.0,518.67,642.72,1588.41,1397.4,14.62,21.61,554.47,2388.05,9060.31,1.3,47.19,522.14,2387.98,8139.93,8.3816,0.03,392,2388,100.0,39.12,23.4133
58,0.0006,0.0005,100.0,518.67,642.56,1592.77,1410.07,14.62,21.61,552.63,2388.14,9059.35,1.3,47.49,521.61,2388.06,8146.61,8.4387,0.03,392,2388,100.0,38.88,23.2305
17,-0.0019,-0.0003,100.0,518.67,642.61,1592.06,1403.1,14.62,21.61,553.48,2388.16,9038.3,1.3,47.62,521.25,2388.12,8127.19,8.4208,0.03,392,2388,100.0,38.82,23.2522
30,0.0004,-0.0001,100.0,518.67,642.52,1588.03,1412.88,14.62,21.61,553.67,2388.09,9048.38,1.3,47.4,521.54,2388.09,8133.67,8.4777,0.03,392,2388,100.0,38.88,23.2997
13,-0.0006,-0.0001,100.0,518.67,641.8,1589.15,1406.61,14.62,21.61,554.03,2388.07,9066.11,1.3,47.23,521.28,2388.04,8140.99,8.4304,0.03,394,2388,100.0,38.88,23.3323
60,-0.0024,-0.0001,100.0,518.67,642.91,1596.48,1408.44,14.62,21.61,554.0,2388.1,9054.74,1.3,47.42,521.71,2388.08,8139.69,8.4286,0.03,391,2388,100.0,39.02,23.344
5,-0.0003,0.0,100.0,518.67,642.27,1582.42,1397.06,14.62,21.61,554.61,2388.04,9069.94,1.3,47.23,522.48,2388.0,8150.8,8.373,0.03,392,2388,100.0,38.87,23.4902
73,0.0027,-0.0002,100.0,518.67,642.62,1591.9,1405.42,14.62,21.61,553.24,2388.13,9051.4,1.3,47.66,522.18,2388.15,8123.25,8.4597,0.03,395,2388,100.0,38.78,23.328
139,0.0011,-0.0004,100.0,518.67,642.29,1590.39,1408.71,14.62,21.61,553.44,2388.05,9060.32,1.3,47.6,521.57,2388.09,8144.41,8.4358,0.03,394,2388,100.0,38.79,23.2696
117,-0.0013,-0.0001,100.0,518.67,642.79,1586.89,1418.74,14.62,21.61,553.2,2388.11,9072.23,1.3,47.66,520.99,2388.12,8154.08,8.4591,0.03,395,2388,100.0,38.58,23.292
61,0.0032,0.0003,100.0,518.67,642.47,1588.73,1406.06,14.62,21.61,553.73,2388.09,9056.08,1.3,47.75,521.69,2388.1,8135.94,8.4019,0.03,392,2388,100.0,38.75,23.2127
31,-0.0017,0.0002,100.0,518.67,642.91,1591.65,1404.61,14.62,21.61,554.19,2388.11,9050.49,1.3,47.57,521.78,2388.16,8129.1,8.4334,0.03,395,2388,100.0,38.76,23.3442
69,-0.0013,0.0002,100.0,518.67,642.8,1601.78,1411.62,14.62,21.61,553.8,2388.11,9049.03,1.3,47.42,521.02,2388.14,8128.36,8.4255,0.03,393,2388,100.0,38.6,23.2372
2,0.0019,-0.0005,100.0,518.67,642.22,1582.02,1397.92,14.62,21.61,554.58,2388.05,9052.6,1.3,47.22,522.26,2388.04,8137.21,8.3635,0.03,390,2388,100.0,39.11,23.3848
262,-0.0003,0.0003,100.0,518.67,643.88,1597.72,1428.55,14.62,21.61,552.76,2388.16,9088.32,1.3,47.81,520.56,2388.15,8168.5,8.5308,0.03,395,2388,100.0,38.54,23.049
63,-0.0026,0.0004,100.0,518.67,642.7,1588.44,1411.68,14.62,21.61,553.7,2388.08,9057.17,1.3,47.43,521.59,2388.1,8140.71,8.418,0.03,394,2388,100.0,38.78,23.2909
121,-0.0029,-0.0003,100.0,518.67,642.34,1595.83,1412.15,14.62,21.61,553.35,2388.09,9081.15,1.3,47.65,520.92,2388.08,8149.56,8.4781,0.03,393,2388,100.0,38.71,23.3712
124,0.0045,0.0003,100.0,518.67,642.63,1589.31,1397.74,14.62,21.61,554.24,2387.99,9078.22,1.3,47.37,522.08,2388.0,8151.19,8.4326,0.03,392,2388,100.0,38.81,23.3583
156,0.0034,0.0,100.0,518.67,643.08,1597.24,1430.86,14.62,21.61,551.93,2388.14,9100.89,1.3,47.86,520.56,2388.17,8169.07,8.4856,0.03,394,2388,100.0,38.57,23.1665
197,0.0018,0.0005,100.0,518.67,642.55,1588.64,1403.29,14.62,21.61,554.07,2388.07,9061.28,1.3,47.36,521.47,2388.06,8148.8,8.4387,0.03,390,2388,100.0,38.79,23.3426
40,-0.0009,-0.0002,100.0,518.67,642.12,1583.04,1393.76,14.62,21.61,554.21,2388.07,9057.71,1.3,47.15,522.46,2388.02,8134.34,8.4005,0.03,391,2388,100.0,39.24,23.4566
102,-0.001,-0.0002,100.0,518.67,642.36,1583.1,1406.13,14.62,21.61,554.05,2388.05,9070.65,1.3,47.43,522.42,2388.01,8149.12,8.4574,0.03,393,2388,100.0,38.8,23.3367
69,-0.0023,0.0001,100.0,518.67,642.62,1580.37,1404.47,14.62,21.61,554.44,2388.0,9067.91,1.3,47.07,522.73,2388.04,8142.44,8.4075,0.03,390,2388,100.0,39.05,23.3784
163,0.0046,0.0002,100.0,518.67,643.73,1601.34,1421.09,14.62,21.61,551.12,2388.17,9085.22,1.3,48.28,519.96,2388.18,8158.02,8.5312,0.03,396,2388,100.0,38.59,23.0807
88,-0.0004,0.0,100.0,518.67,641.84,1589.77,1401.22,14.62,21.61,554.32,2388.04,9066.53,1.3,47.15,522.07,2388.05,8149.67,8.4509,0.03,393,2388,100.0,39.04,23.3098
124,-0.0002,0.0004,100.0,518.67,642.37,1583.12,1399.26,14.62,21.61,554.58,2388.04,9053.57,1.3,47.06,522.64,2387.99,8135.96,8.4049,0.03,392,2388,100.0,39.03,23.3364
139,-0.0023,-0.0005,100.0,518.67,643.27,1592.59,1412.65,14.62,21.61,552.79,2388.13,9073.4,1.3,47.48,520.62,2388.15,8148.3,8.4467,0.03,395,2388,100.0,38.72,23.2879
123,0.0006,0.0003,100.0,518.67,642.76,1593.18,1412.84,14.62,21.61,552.58,2388.17,9052.98,1.3,47.84,520.49,2388.18,8131.92,8.4807,0.03,394,2388,100.0,38.85,23.2708
222,0.001,0.0001,100.0,518.67,643.16,1590.78,1411.66,14.62,21.61,553.56,2388.1,9068.24,1.3,47.52,521.46,2388.1,8144.87,8.4414,0.03,393,2388,100.0,38.75,23.3147
68,0.0002,-0.0002,100.0,518.67,643.05,1593.84,1410.46,14.62,21.61,554.39,2388.1,9056.67,1.3,47.46,521.06,2388.09,8141.04,8.4091,0.03,393,2388,100.0,38.94,23.2666
163,-0.0015,0.0003,100.0,518.67,642.64,1599.86,1410.54,14.62,21.61,552.34,2388.14,9057.36,1.3,47.69,521.01,2388.18,8135.16,8.4717,0.03,392,2388,100.0,38.82,23.2873
96,-0.0003,-0.0,100.0,518.67,642.35,1583.22,1397.91,14.62,21.61,553.21,2388.09,9065.08,1.3,47.35,521.78,2388.04,8135.88,8.3991,0.03,390,2388,100.0,38.93,23.2473
52,-0.002,0.0002,100.0,518.67,642.51,1583.03,1399.8,14.62,21.61,554.16,2387.99,9070.87,1.3,47.31,522.27,2388.02,8143.64,8.3647,0.03,392,2388,100.0,38.94,23.3559
151,0.0019,-0.0001,100.0,518.67,642.91,1595.08,1424.68,14.62,21.61,551.97,2388.19,9050.23,1.3,47.87,520.52,2388.19,8130.11,8.4908,0.03,394,2388,100.0,38.65,23.2345
17,0.0022,-0.0,100.0,518.67,642.26,1586.5,1401.91,14.62,21.61,554.89,2388.0,9068.84,1.3,46.86,522.49,2387.98,8150.22,8.405,0.03,392,2388,100.0,39.08,23.3792
127,0.0029,0.0001,100.0,518.67,642.67,1593.61,1395.95,14.62,21.61,554.01,2388.05,9088.03,1.3,47.54,521.42,2388.09,8164.96,8.437,0.03,392,2388,100.0,38.91,23.2823
174,0.0063,0.0,100.0,518.67,642.67,1590.89,1405.46,14.62,21.61,554.04,2388.06,9065.96,1.3,47.65,521.3,2388.1,8143.97,8.4364,0.03,394,2388,100.0,38.58,23.3459
46,0.0037,-0.0001,100.0,518.67,642.68,1587.13,1412.07,14.62,21.61,553.01,2388.18,9044.62,1.3,47.75,521.25,2388.12,8128.12,8.461,0.03,393,2388,100.0,38.9,23.3367
202,-0.0019,0.0003,100.0,518.67,643.45,1595.81,1420.5,14.62,21.61,552.0,2388.27,9036.65,1.3,47.92,520.27,2388.27,8111.93,8.5054,0.03,395,2388,100.0,38.57,23.144
91,-0.0001,0.0003,100.0,518.67,642.17,1585.98,1406.98,14.62,21.61,553.32,2388.07,9062.96,1.3,47.76,521.94,2388.07,8147.51,8.4306,0.03,394,2388,100.0,38.83,23.4003
5,0.0022,-0.0002,100.0,518.67,642.08,1591.25,1395.19,14.62,21.61,554.75,2388.07,9067.98,1.3,47.36,521.9,2388.06,8142.97,8.4489,0.03,392,2388,100.0,39.04,23.3165
85,0.002,-0.0,100.0,518.67,641.96,1584.79,1398.88,14.62,21.61,554.45,2388.03,9059.34,1.3,47.26,522.55,2388.03,8144.85,8.3892,0.03,390,2388,100.0,39.05,23.4604
37,-0.0008,0.0,100.0,518.67,642.13,1581.72,1393.46,14.62,21.61,554.3,2388.01,9070.21,1.3,47.26,522.18,2387.98,8146.35,8.4442,0.03,391,2388,100.0,39.02,23.4485
135,-0.0043,0.0001,100.0,518.67,642.57,1594.49,1413.86,14.62,21.61,553.02,2388.11,9038.89,1.3,47.73,521.19,2388.19,8122.35,8.4507,0.03,394,2388,100.0,38.69,23.3099
118,-0.0013,0.0004,100.0,518.67,641.95,1580.49,1400.99,14.62,21.61,553.96,2388.01,9055.61,1.3,47.11,522.23,2388.05,8141.01,8.3735,0.03,392,2388,100.0,39.04,23.2912
65,-0.0035,-0.0003,100.0,518.67,642.31,1578.07,1396.6,14.62,21.61,554.11,2388.01,9071.37,1.3,47.28,522.18,2387.98,8150.85,8.4259,0.03,390,2388,100.0,39.0,23.5043
44,-0.0016,-0.0001,100.0,518.67,642.95,1587.97,1408.29,14.62,21.61,553.37,2388.09,9053.2,1.3,47.47,521.73,2388.16,8127.81,8.425,0.03,395,2388,100.0,38.62,23.2653
138,0.0034,-0.0002,100.0,518.67,643.02,1590.59,1416.62,14.62,21.61,552.7,2388.22,9039.61,1.3,47.83,521.26,2388.2,8117.16,8.4617,0.03,394,2388,100.0,38.77,23.1353
128,0.0031,-0.0,100.0,518.67,643.14,1582.39,1405.36,14.62,21.61,553.06,2388.14,9061.04,1.3,47.54,522.05,2388.14,8141.52,8.4581,0.03,393,2388,100.0,38.69,23.297
162,0.0016,0.0001,100.0,518.67,643.12,1599.19,1420.94,14.62,21.61,552.48,2388.22,9057.48,1.3,47.83,520.94,2388.21,8129.7,8.5103,0.03,393,2388,100.0,38.63,23.2353
118,0.0007,0.0002,100.0,518.67,642.88,1594.06,1410.93,14.62,21.61,553.06,2388.09,9053.63,1.3,47.63,520.68,2388.13,8129.36,8.4522,0.03,394,2388,100.0,38.67,23.2947
232,0.0016,0.0003,100.0,518.67,642.88,1591.95,1415.79,14.62,21.61,552.0,2388.18,9055.01,1.3,47.67,520.35,2388.22,8131.66,8.4727,0.03,395,2388,100.0,38.59,23.1672
93,0.001,-0.0003,100.0,518.67,642.67,1592.08,1407.74,14.62,21.61,552.76,2388.14,9057.48,1.3,47.7,521.36,2388.16,8130.7,8.4549,0.03,392,2388,100.0,38.61,23.2614
101,-0.0003,0.0,100.0,518.67,642.74,1592.48,1409.7,14.62,21.61,553.72,2388.17,9036.58,1.3,47.41,521.19,2388.17,8125.29,8.4336,0.03,392,2388,100.0,38.86,23.4707
89,-0.0,-0.0002,100.0,518.67,642.3,1603.74,1410.34,14.62,21.61,553.11,2388.1,9057.85,1.3,47.7,521.02,2388.04,8139.62,8.3921,0.03,393,2388,100.0,38.74,23.2692
215,-0.0037,0.0002,100.0,518.67,643.01,1600.31,1429.1,14.62,21.61,552.17,2388.17,9102.92,1.3,47.9,519.6,2388.16,8174.12,8.5234,0.03,395,2388,100.0,38.68,23.0892
82,0.0041,0.0001,100.0,518.67,642.58,1594.91,1415.43,14.62,21.61,552.82,2388.09,9064.93,1.3,47.6,521.12,2388.14,8134.89,8.4584,0.03,394,2388,100.0,38.82,23.1879
126,-0.0009,-0.0005,100.0,518.67,641.97,1579.81,1407.64,14.62,21.61,554.43,2388.03,9060.69,1.3,47.49,521.55,2388.01,8144.83,8.4189,0.03,394,2388,100.0,39.03,23.472
192,-0.0023,0.0,100.0,518.67,643.89,1597.72,1424.5,14.62,21.61,551.78,2388.19,9162.31,1.3,48.09,520.77,2388.15,8222.4,8.5063,0.03,397,2388,100.0,38.35,23.1247
167,-0.0007,0.0,100.0,518.67,642.59,1595.82,1401.69,14.62,21.61,553.51,2388.13,9052.16,1.3,47.47,521.11,2388.11,8138.06,8.4383,0.03,394,2388,100.0,38.82,23.4042
6,-0.0031,-0.0004,100.0,518.67,642.63,1589.03,1404.52,14.62,21.61,553.89,2387.99,9060.44,1.3,47.27,523.09,2388.04,8146.57,8.4035,0.03,391,2388,100.0,38.76,23.4517
265,0.0028,-0.0003,100.0,518.67,643.8,1605.53,1424.57,14.62,21.61,551.37,2388.16,9148.96,1.3,48.03,519.8,2388.1,8203.89,8.541,0.03,395,2388,100.0,38.35,23.0857
42,0.0013,0.0002,100.0,518.67,642.73,1584.07,1403.36,14.62,21.61,553.41,2388.11,9034.32,1.3,47.38,522.03,2388.1,8130.47,8.4654,0.03,392,2388,100.0,38.87,23.2979
135,0.0001,-0.0001,100.0,518.67,642.98,1590.64,1417.78,14.62,21.61,552.19,2388.13,9099.87,1.3,47.76,520.8,2388.13,8165.13,8.5038,0.03,393,2388,100.0,38.6,23.1608
159,-0.0005,-0.0004,100.0,518.67,642.71,1597.8,1415.2,14.62,21.61,553.19,2388.11,9127.25,1.3,47.72,521.08,2388.04,8198.23,8.4882,0.03,394,2388,100.0,38.6,23.1906
57,-0.0003,-0.0001,100.0,518.67,642.5,1584.13,1389.62,14.62,21.61,553.87,2388.05,9052.86,1.3,47.17,521.98,2387.96,8136.88,8.4008,0.03,391,2388,100.0,39.23,23.4544
31,-0.0004,-0.0001,100.0,518.67,642.62,1585.54,1404.71,14.62,21.61,553.64,2388.09,9043.46,1.3,47.59,521.44,2388.14,8125.29,8.4193,0.03,392,2388,100.0,38.72,23.2314
63,0.0034,0.0004,100.0,518.67,642.19,1586.72,1408.98,14.62,21.61,553.33,2388.16,9051.66,1.3,47.56,520.85,2388.18,8128.32,8.456,0.03,393,2388,100.0,38.9,23.2818
83,0.0044,0.0004,100.0,518.67,643.11,1588.02,1405.73,14.62,21.61,552.98,2388.13,9065.23,1.3,47.44,521.4,2388.06,8140.89,8.4415,0.03,393,2388,100.0,38.82,23.3133
39,-0.0002,-0.0003,100.0,518.67,642.14,1581.05,1406.06,14.62,21.61,553.06,2388.08,9057.41,1.3,47.56,521.81,2388.09,8133.67,8.4111,0.03,393,2388,100.0,38.76,23.3571
37,-0.0019,-0.0002,100.0,518.67,642.93,1589.57,1409.22,14.62,21.61,553.86,2388.14,9035.87,1.3,47.58,521.51,2388.12,8128.69,8.4773,0.03,394,2388,100.0,39.03,23.3528
269,-0.0022,0.0004,100.0,518.67,643.01,1603.1,1425.44,14.62,21.61,552.15,2388.22,9096.19,1.3,48.21,519.44,2388.12,8169.76,8.4915,0.03,396,2388,100.0,38.51,23.1293
33,-0.0009,-0.0003,100.0,518.67,642.39,1585.1,1402.5,14.62,21.61,553.96,2388.08,9053.0,1.3,47.34,522.2,2388.11,8127.01,8.424,0.03,392,2388,100.0,38.87,23.3164
86,0.0008,-0.0001,100.0,518.67,642.36,1588.65,1414.09,14.62,21.61,553.78,2388.07,9055.98,1.3,47.31,521.81,2388.1,8140.06,8.4214,0.03,393,2388,100.0,38.82,23.4175
119,0.0006,0.0,100.0,518.67,642.33,1593.12,1397.27,14.62,21.61,553.16,2388.07,9062.71,1.3,47.36,521.69,2388.02,8152.33,8.3974,0.03,393,2388,100.0,38.81,23.4212
48,-0.0018,0.0002,100.0,518.67,642.82,1582.29,1405.74,14.62,21.61,554.38,2388.04,9060.4,1.3,47.33,522.08,2388.0,8143.01,8.4054,0.03,392,2388,100.0,39.0,23.4352
166,-0.0035,-0.0002,100.0,518.67,643.19,1594.47,1405.06,14.62,21.61,552.11,2388.11,9054.68,1.3,47.69,521.27,2388.16,8134.12,8.453,0.03,394,2388,100.0,38.63,23.3154
79,-0.0006,-0.0,100.0,518.67,642.72,1582.2,1409.31,14.62,21.61,553.44,2388.14,9047.66,1.3,47.76,521.4,2388.15,8123.94,8.4498,0.03,392,2388,100.0,38.63,23.268
213,0.0008,-0.0001,100.0,518.67,642.51,1599.51,1414.91,14.62,21.61,553.05,2388.12,9068.6,1.3,47.96,521.05,2388.11,8147.45,8.4807,0.03,395,2388,100.0,38.56,23.1737
38,-0.0006,0.0,100.0,518.67,642.93,1591.82,1411.74,14.62,21.61,553.42,2388.15,9044.73,1.3,47.62,521.33,2388.13,8126.4,8.4371,0.03,393,2388,100.0,38.96,23.2732
51,-0.0016,-0.0005,100.0,518.67,642.12,1588.94,1408.59,14.62,21.61,553.5,2388.03,9062.73,1.3,47.28,521.81,2388.04,8140.9,8.3951,0.03,393,2388,100.0,38.99,23.1953
71,0.0016,-0.0003,100.0,518.67,642.21,1580.41,1403.09,14.62,21.61,554.06,2388.03,9046.09,1.3,47.3,521.72,2388.09,8134.28,8.423,0.03,391,2388,100.0,38.8,23.3881
33,0.0,-0.0004,100.0,518.67,642.14,1582.13,1405.19,14.62,21.61,553.22,2388.08,9062.7,1.3,47.51,521.78,2388.06,8146.65,8.4352,0.03,391,2388,100.0,38.82,23.3546
63,0.0015,-0.0005,100.0,518.67,642.55,1597.51,1412.65,14.62,21.61,553.6,2388.13,9041.28,1.3,47.49,521.93,2388.2,8119.94,8.4408,0.03,394,2388,100.0,38.91,23.4008
113,0.0023,-0.0003,100.0,518.67,643.29,1595.24,1406.46,14.62,21.61,552.96,2388.1,9071.81,1.3,47.62,520.94,2388.09,8141.99,8.4394,0.03,394,2388,100.0,38.7,23.3191
137,0.0014,-0.0,100.0,518.67,643.39,1602.76,1434.81,14.62,21.61,551.64,2388.17,9106.12,1.3,48.16,519.6,2388.25,8173.73,8.5312,0.03,396,2388,100.0,38.49,23.1398
229,-0.0037,-0.0002,100.0,518.67,643.51,1595.25,1420.9,14.62,21.61,552.96,2388.11,9081.64,1.3,47.76,520.59,2388.15,8152.17,8.4676,0.03,396,2388,100.0,38.54,23.1761
179,0.0007,0.0003,100.0,518.67,643.01,1600.05,1412.2,14.62,21.61,553.9,2388.09,9156.95,1.3,47.66,521.22,2388.04,8216.9,8.4385,0.03,394,2388,100.0,38.73,23.2207
51,-0.0022,0.0005,100.0,518.67,642.8,1586.46,1409.4,14.62,21.61,553.33,2388.14,9044.22,1.3,47.55,521.42,2388.1,8126.01,8.4368,0.03,394,2388,100.0,38.91,23.3317
36,0.0017,-0.0001,100.0,518.67,643.33,1584.04,1399.0,14.62,21.61,555.21,2388.1,9061.85,1.3,47.38,521.95,2388.04,8144.02,8.4243,0.03,392,2388,100.0,39.11,23.3295
124,-0.0019,-0.0004,100.0,518.67,642.27,1585.42,1409.01,14.62,21.61,554.11,2388.08,9066.42,1.3,47.6,521.53,2388.06,8139.55,8.416,0.03,392,2388,100.0,38.83,23.2547
122,0.0003,-0.0002,100.0,518.67,642.76,1590.9,1411.42,14.62,21.61,553.34,2388.11,9053.81,1.3,47.64,521.2,2388.1,8136.35,8.4444,0.03,393,2388,100.0,38.64,23.3309
143,-0.0015,-0.0003,100.0,518.67,642.43,1593.67,1409.01,14.62,21.61,552.84,2388.12,9053.95,1.3,47.7,520.59,2388.07,8137.11,8.4455,0.03,393,2388,100.0,38.94,23.3478
169,0.0025,0.0004,100.0,518.67,643.24,1601.51,1420.05,14.62,21.61,552.21,2388.16,9063.12,1.3,47.91,520.15,2388.18,8143.87,8.4889,0.03,395,2388,100.0,38.44,23.2362
163,0.0006,-0.0003,100.0,518.67,643.67,1603.32,1421.99,14.62,21.61,552.21,2388.19,9118.62,1.3,47.96,520.12,2388.16,8189.02,8.5415,0.03,396,2388,100.0,38.4,23.1444
27,-0.0016,-0.0005,100.0,518.67,642.43,1587.92,1397.9,14.62,21.61,554.5,2388.01,9065.78,1.3,47.25,522.21,2388.01,8152.2,8.3918,0.03,393,2388,100.0,39.05,23.4449
176,0.0013,-0.0001,100.0,518.67,643.27,1596.38,1406.76,14.62,21.61,553.49,2388.11,9087.33,1.3,47.36,520.98,2388.11,8156.0,8.4562,0.03,394,2388,100.0,38.67,23.2596
168,-0.0043,0.0002,100.0,518.67,642.68,1591.19,1415.7,14.62,21.61,552.09,2388.22,9036.35,1.3,47.84,520.78,2388.19,8124.44,8.4925,0.03,393,2388,100.0,38.76,23.277
205,-0.0018,0.0003,100.0,518.67,643.52,1605.57,1422.82,14.62,21.61,551.26,2388.29,9059.11,1.3,48.12,520.01,2388.32,8131.22,8.4898,0.03,395,2388,100.0,38.37,23.1358
134,-0.0022,0.0,100.0,518.67,642.6,1590.03,1400.78,14.62,21.61,554.35,2388.11,9067.85,1.3,47.42,521.85,2388.02,8140.66,8.4035,0.03,395,2388,100.0,38.83,23.311
46,0.002,0.0,100.0,518.67,642.74,1582.19,1397.98,14.62,21.61,554.34,2388.08,9054.63,1.3,47.31,521.61,2388.11,8130.38,8.4277,0.03,392,2388,100.0,39.04,23.3469
4,-0.0016,-0.0005,100.0,518.67,641.91,1588.28,1405.6,14.62,21.61,553.74,2388.1,9041.67,1.3,47.41,521.94,2388.12,8122.85,8.4248,0.03,392,2388,100.0,38.93,23.2615
112,0.0024,-0.0002,100.0,518.67,642.75,1585.25,1411.42,14.62,21.61,553.51,2388.12,9064.63,1.3,47.37,521.5,2388.06,8142.47,8.4485,0.03,392,2388,100.0,38.96,23.2548
237,0.0003,-0.0002,100.0,518.67,643.68,1589.94,1416.89,14.62,21.61,553.0,2388.06,9117.53,1.3,47.98,521.55,2388.06,8185.55,8.4604,0.03,396,2388,100.0,38.71,23.17
195,0.003,0.0002,100.0,518.67,642.86,1597.28,1413.72,14.62,21.61,553.4,2388.14,9057.98,1.3,47.57,520.64,2388.15,8133.13,8.4697,0.03,394,2388,100.0,38.63,23.2138
175,-0.0006,-0.0001,100.0,518.67,642.48,1594.34,1400.93,14.62,21.61,554.57,2388.02,9058.3,1.3,47.4,521.84,2388.09,8136.22,8.4064,0.03,393,2388,100.0,38.96,23.3449
224,-0.0002,0.0002,100.0,518.67,643.92,1600.49,1416.47,14.62,21.61,551.35,2388.24,9086.38,1.3,47.99,520.14,2388.18,8165.31,8.4868,0.03,395,2388,100.0,38.53,23.134
61,0.0016,0.0003,100.0,518.67,642.1,1582.95,1401.52,14.62,21.61,554.55,2388.04,9064.15,1.3,47.33,522.69,2388.01,8147.38,8.392,0.03,392,2388,100.0,39.12,23.3367
47,0.001,0.0005,100.0,518.67,642.37,1585.87,1399.9,14.62,21.61,553.34,2388.01,9064.71,1.3,47.01,522.27,2388.04,8145.72,8.4311,0.03,391,2388,100.0,39.08,23.4619
114,0.0024,0.0003,100.0,518.67,642.23,1584.92,1401.17,14.62,21.61,554.35,2388.03,9069.64,1.3,47.33,522.57,2388.07,8149.28,8.4073,0.03,392,2388,100.0,38.88,23.4688
55,-0.0013,-0.0001,100.0,518.67,642.82,1589.77,1414.49,14.62,21.61,552.94,2388.24,9041.08,1.3,47.68,521.21,2388.19,8124.34,8.5004,0.03,394,2388,100.0,38.74,23.2381
121,-0.0025,0.0001,100.0,518.67,641.63,1590.48,1403.91,14.62,21.61,554.53,2388.02,9075.59,1.3,47.5,521.78,2388.05,8142.73,8.436,0.03,392,2388,100.0,38.93,23.3183
47,-0.0001,-0.0,100.0,518.67,642.77,1584.68,1404.72,14.62,21.61,553.59,2388.05,9061.08,1.3,47.36,521.93,2388.08,8135.36,8.4227,0.03,392,2388,100.0,38.82,23.3819
97,0.0015,-0.0004,100.0,518.67,643.2,1591.43,1415.41,14.62,21.61,553.11,2388.16,9055.91,1.3,47.65,520.78,2388.12,8134.69,8.4438,0.03,393,2388,100.0,38.86,23.3717
29,0.0009,-0.0002,100.0,518.67,642.64,1586.68,1407.41,14.62,21.61,553.89,2388.11,9048.03,1.3,47.51,521.43,2388.08,8128.6,8.4529,0.03,394,2388,100.0,39.03,23.258
55,0.0017,-0.0001,100.0,518.67,642.47,1586.26,1409.22,14.62,21.61,553.36,2388.09,9044.15,1.3,47.62,521.42,2388.13,8125.13,8.4517,0.03,392,2388,100.0,38.77,23.4278
189,0.0008,-0.0002,100.0,518.67,643.22,1600.03,1420.94,14.62,21.61,551.6,2388.23,9044.33,1.3,48.01,520.22,2388.23,8119.97,8.5173,0.03,393,2388,100.0,38.68,23.1008
90,-0.0018,-0.0001,100.0,518.67,642.92,1587.11,1406.15,14.62,21.61,553.35,2388.12,9059.02,1.3,47.72,521.2,2388.07,8140.25,8.4667,0.03,392,2388,100.0,38.87,23.2441
259,-0.0013,-0.0001,100.0,518.67,643.29,1600.46,1420.21,14.62,21.61,552.64,2388.16,9077.54,1.3,47.7,520.94,2388.15,8142.48,8.4572,0.03,395,2388,100.0,38.56,23.1598
176,-0.001,-0.0004,100.0,518.67,642.32,1585.73,1405.47,14.62,21.61,554.15,2388.04,9058.59,1.3,47.22,521.54,2388.07,8147.04,8.4189,0.03,392,2388,100.0,39.08,23.4372
11,0.0027,-0.0005,100.0,518.67,642.35,1580.72,1392.87,14.62,21.61,554.11,2388.02,9057.08,1.3,47.21,522.13,2387.97,8143.31,8.4321,0.03,392,2388,100.0,39.0,23.3922
48,-0.0031,0.0004,100.0,518.67,643.0,1595.6,1405.91,14.62,21.61,553.09,2388.11,9054.31,1.3,47.43,521.49,2388.14,8133.6,8.4684,0.03,393,2388,100.0,38.99,23.3191
98,0.0011,0.0002,100.0,518.67,642.49,1594.28,1410.67,14.62,21.61,553.79,2388.05,9072.34,1.3,47.39,521.37,2388.07,8148.43,8.4438,0.03,394,2388,100.0,38.78,23.4416
163,-0.0018,-0.0003,100.0,518.67,643.98,1598.93,1436.41,14.62,21.61,551.64,2388.23,9042.66,1.3,48.17,519.75,2388.26,8121.38,8.5641,0.03,396,2388,100.0,38.29,23.0583
101,-0.0012,-0.0004,100.0,518.67,643.08,1588.91,1404.61,14.62,21.61,554.33,2388.03,9077.0,1.3,47.38,522.05,2388.09,8156.04,8.3978,0.03,391,2388,100.0,38.99,23.3855
103,-0.0009,0.0004,100.0,518.67,643.17,1595.13,1411.95,14.62,21.61,554.03,2388.1,9064.2,1.3,47.63,520.38,2388.14,8146.2,8.4525,0.03,394,2388,100.0,38.83,23.2187
68,0.0012,-0.0001,100.0,518.67,642.11,1583.42,1392.88,14.62,21.61,554.45,2388.0,9066.72,1.3,47.28,522.55,2388.0,8146.22,8.4,0.03,393,2388,100.0,38.94,23.4111
137,-0.0048,-0.0005,100.0,518.67,642.94,1588.26,1405.87,14.62,21.61,553.4,2388.11,9067.74,1.3,47.61,521.25,2388.09,8146.93,8.4593,0.03,393,2388,100.0,38.76,23.2635
26,-0.0011,0.0003,100.0,518.67,641.87,1575.38,1392.3,14.62,21.61,554.03,2387.98,9050.81,1.3,47.12,522.8,2388.0,8137.27,8.3472,0.03,391,2388,100.0,38.96,23.4691
98,0.0002,0.0005,100.0,518.67,642.54,1588.03,1399.2,14.62,21.61,554.23,2387.99,9066.57,1.3,47.32,521.76,2388.03,8150.84,8.4182,0.03,393,2388,100.0,39.06,23.3368
25,-0.0005,-0.0004,100.0,518.67,642.24,1579.4,1390.93,14.62,21.61,554.21,2388.05,9055.08,1.3,47.17,522.15,2387.98,8134.79,8.3845,0.03,391,2388,100.0,38.9,23.4004
32,0.0005,-0.0,100.0,518.67,642.03,1589.62,1407.47,14.62,21.61,553.35,2388.04,9063.74,1.3,47.29,522.17,2388.04,8142.12,8.3844,0.03,391,2388,100.0,39.14,23.3081
155,-0.004,0.0003,100.0,518.67,642.36,1583.3,1409.17,14.62,21.61,553.51,2388.15,9055.03,1.3,47.71,521.0,2388.12,8135.04,8.4334,0.03,393,2388,100.0,38.83,23.2392
215,-0.0018,0.0001,100.0,518.67,643.21,1599.05,1427.22,14.62,21.61,552.03,2388.15,9092.27,1.3,48.13,520.87,2388.17,8152.64,8.4732,0.03,394,2388,100.0,38.71,23.145
99,0.0006,-0.0004,100.0,518.67,641.76,1591.08,1396.87,14.62,21.61,554.62,2388.02,9057.57,1.3,47.2,522.05,2388.06,8138.19,8.3935,0.03,390,2388,100.0,38.99,23.4015
56,-0.0016,0.0004,100.0,518.67,642.29,1586.34,1395.94,14.62,21.61,553.84,2388.0,9063.37,1.3,47.23,521.92,2388.04,8152.34,8.3829,0.03,393,2388,100.0,39.1,23.3457
303,0.0013,-0.0002,100.0,518.67,643.41,1598.23,1415.44,14.62,21.61,552.35,2388.16,9057.84,1.3,47.74,520.7,2388.21,8135.87,8.4842,0.03,396,2388,100.0,38.66,23.2698
200,0.0003,-0.0004,100.0,518.67,643.47,1596.53,1427.07,14.62,21.61,551.41,2388.26,9040.88,1.3,47.98,520.02,2388.24,8117.31,8.5062,0.03,396,2388,100.0,38.63,23.0568
159,-0.0005,0.0002,100.0,518.67,642.4,1593.71,1412.32,14.62,21.61,553.58,2388.05,9056.01,1.3,47.45,521.54,2388.11,8139.07,8.4482,0.03,396,2388,100.0,38.91,23.3147
54,-0.0023,0.0005,100.0,518.67,642.14,1577.1,1399.58,14.62,21.61,554.19,2387.99,9062.69,1.3,47.25,522.25,2387.96,8150.69,8.3797,0.03,392,2388,100.0,38.99,23.4374
37,-0.0013,0.0006,100.0,518.67,642.78,1588.01,1407.98,14.62,21.61,553.3,2388.07,9052.47,1.3,47.37,521.76,2388.13,8138.29,8.4321,0.03,393,2388,100.0,38.96,23.2246
185,0.0008,0.0001,100.0,518.67,643.8,1603.46,1424.4,14.62,21.61,551.64,2388.29,9043.71,1.3,48.15,519.82,2388.27,8113.69,8.4984,0.03,395,2388,100.0,38.51,23.07
81,-0.0,0.0001,100.0,518.67,641.83,1584.25,1396.2,14.62,21.61,555.07,2388.02,9073.68,1.3,47.25,522.31,2388.02,8144.94,8.3891,0.03,392,2388,100.0,38.88,23.431
166,0.0041,0.0001,100.0,518.67,642.81,1597.35,1421.77,14.62,21.61,551.89,2388.19,9053.65,1.3,47.96,521.21,2388.22,8135.79,8.5035,0.03,394,2388,100.0,38.53,23.1895
66,-0.0013,-0.0002,100.0,518.67,643.13,1586.26,1398.34,14.62,21.61,554.67,2388.01,9064.83,1.3,47.18,522.36,2387.99,8142.54,8.4068,0.03,391,2388,100.0,38.93,23.4124
46,0.0013,0.0004,100.0,518.67,642.31,1585.1,1403.21,14.62,21.61,553.85,2388.04,9058.95,1.3,47.13,521.72,2388.05,8140.63,8.3888,0.03,390,2388,100.0,39.2,23.4145
13,-0.0026,0.0003,100.0,518.67,642.76,1589.63,1405.47,14.62,21.61,553.92,2388.11,9050.25,1.3,47.37,521.45,2388.07,8133.4,8.4751,0.03,394,2388,100.0,38.7,23.2503
66,0.0024,-0.0002,100.0,518.67,642.7,1589.4,1403.22,14.62,21.61,554.05,2388.08,9062.89,1.3,47.34,521.66,2388.12,8136.21,8.4331,0.03,392,2388,100.0,38.79,23.275
132,0.0026,-0.0005,100.0,518.67,643.19,1599.21,1425.07,14.62,21.61,551.14,2388.28,9036.16,1.3,48.17,519.77,2388.3,8112.13,8.5256,0.03,397,2388,100.0,38.41,23.0338
84,-0.0022,0.0004,100.0,518.67,642.01,1582.05,1405.21,14.62,21.61,553.9,2388.03,9067.49,1.3,47.3,521.98,2388.03,8151.42,8.419,0.03,391,2388,100.0,38.86,23.3279
138,-0.0005,-0.0002,100.0,518.67,642.45,1589.6,1411.46,14.62,21.61,554.07,2388.06,9072.75,1.3,47.3,521.74,2388.07,8153.67,8.4531,0.03,392,2388,100.0,38.8,23.2686
107,0.0014,0.0004,100.0,518.67,642.83,1592.05,1412.33,14.62,21.61,552.84,2388.13,9049.07,1.3,47.55,521.35,2388.11,8131.59,8.4649,0.03,393,2388,100.0,38.69,23.2225
114,0.0019,-0.0005,100.0,518.67,642.46,1588.4,1407.81,14.62,21.61,554.04,2388.04,9076.18,1.3,47.18,521.68,2388.02,8154.99,8.4222,0.03,392,2388,100.0,38.78,23.3687
81,0.0039,0.0004,100.0,518.67,643.21,1591.66,1409.26,14.62,21.61,553.59,2388.09,9053.31,1.3,47.68,521.46,2388.09,8135.35,8.4456,0.03,395,2388,100.0,38.68,23.3865
162,0.0003,0.0003,100.0,518.67,643.56,1600.3,1415.76,14.62,21.61,551.9,2388.07,9089.85,1.3,47.79,520.01,2388.12,8157.68,8.4818,0.03,395,2388,100.0,38.72,23.2595
205,0.0023,-0.0,100.0,518.67,643.31,1592.63,1423.81,14.62,21.61,552.69,2388.07,9193.09,1.3,47.94,520.58,2388.09,8256.4,8.4914,0.03,393,2388,100.0,38.57,23.1452
3,0.0004,-0.0005,100.0,518.67,643.62,1586.74,1408.62,14.62,21.61,553.94,2388.12,9055.27,1.3,47.46,521.51,2388.1,8131.42,8.399,0.03,393,2388,100.0,38.78,23.2833
49,0.0001,0.0003,100.0,518.67,643.36,1588.18,1412.39,14.62,21.61,553.37,2388.06,9042.68,1.3,47.34,521.58,2388.12,8141.18,8.4587,0.03,392,2388,100.0,38.64,23.2376
80,-0.0007,0.0,100.0,518.67,642.64,1593.31,1413.66,14.62,21.61,553.62,2388.13,9063.38,1.3,47.59,521.11,2388.09,8141.66,8.4677,0.03,393,2388,100.0,38.69,23.3749
91,-0.0013,-0.0003,100.0,518.67,643.05,1597.78,1417.74,14.62,21.61,552.8,2388.23,9043.17,1.3,47.85,520.89,2388.17,8124.59,8.4601,0.03,393,2388,100.0,38.81,23.2826
60,0.0011,0.0003,100.0,518.67,641.8,1586.82,1405.66,14.62,21.61,553.34,2388.05,9051.65,1.3,47.47,522.23,2388.05,8136.68,8.4616,0.03,394,2388,100.0,38.94,23.2905
108,-0.0018,0.0002,100.0,518.67,642.29,1594.81,1418.26,14.62,21.61,552.5,2388.15,9072.92,1.3,47.65,521.42,2388.12,8147.25,8.4474,0.03,394,2388,100.0,38.67,23.2686
144,0.0033,0.0003,100.0,518.67,643.31,1588.59,1415.31,14.62,21.61,553.4,2388.15,9060.27,1.3,47.63,521.18,2388.11,8127.72,8.4564,0.03,394,2388,100.0,38.73,23.3002
239,0.0017,0.0002,100.0,518.67,643.68,1597.92,1422.03,14.62,21.61,551.58,2388.16,9052.34,1.3,48.05,520.15,2388.24,8127.51,8.4827,0.03,395,2388,100.0,38.63,23.1421
268,0.0009,-0.0,100.0,518.67,643.93,1602.02,1421.47,14.62,21.61,551.3,2388.16,9095.75,1.3,48.0,520.09,2388.19,8166.68,8.4792,0.03,397,2388,100.0,38.4,23.1246
166,0.0007,0.0003,100.0,518.67,643.19,1588.26,1417.55,14.62,21.61,552.32,2388.18,9043.71,1.3,47.87,520.72,2388.23,8123.5,8.4349,0.03,394,2388,100.0,38.5,23.1544
37,0.0008,-0.0004,100.0,518.67,642.86,1587.77,1407.27,14.62,21.61,553.79,2388.1,9051.84,1.3,47.39,521.22,2388.09,8128.76,8.4148,0.03,393,2388,100.0,38.83,23.3281
113,-0.0013,-0.0006,100.0,518.67,642.66,1592.54,1408.96,14.62,21.61,552.95,2388.08,9052.91,1.3,47.54,522.06,2388.1,8139.13,8.4187,0.03,393,2388,100.0,38.82,23.2092
49,0.0002,-0.0001,100.0,518.67,642.48,1584.77,1407.57,14.62,21.61,552.98,2388.14,9053.19,1.3,47.51,520.93,2388.08,8121.3,8.4799,0.03,393,2388,100.0,38.98,23.4417
15,-0.0002,-0.0004,100.0,518.67,641.95,1585.53,1400.18,14.62,21.61,553.82,2388.03,9069.69,1.3,47.34,522.35,2388.06,8146.39,8.3905,0.03,392,2388,100.0,38.85,23.4346
86,-0.0006,0.0002,100.0,518.67,642.9,1587.98,1405.42,14.62,21.61,553.41,2388.08,9046.47,1.3,47.4,521.3,2388.12,8125.6,8.4129,0.03,393,2388,100.0,38.8,23.2511
135,0.001,-0.0004,100.0,518.67,642.3,1594.09,1399.73,14.62,21.61,554.14,2388.05,9056.79,1.3,47.35,522.3,2388.07,8138.82,8.4425,0.03,391,2388,100.0,39.09,23.3721
39,-0.001,-0.0005,100.0,518.67,642.21,1586.89,1404.47,14.62,21.61,554.31,2388.05,9065.63,1.3,47.48,521.96,2388.05,8139.14,8.4424,0.03,393,2388,100.0,38.91,23.319
59,0.0023,-0.0001,100.0,518.67,642.18,1592.14,1406.82,14.62,21.61,553.53,2388.11,9065.66,1.3,47.45,522.36,2388.05,8137.47,8.4747,0.03,393,2388,100.0,38.92,23.367
140,-0.0012,0.0003,100.0,518.67,643.03,1599.41,1414.93,14.62,21.61,552.64,2388.16,9052.32,1.3,47.79,520.77,2388.16,8123.54,8.4807,0.03,395,2388,100.0,38.66,23.1558
147,0.0022,0.0003,100.0,518.67,642.52,1589.85,1411.7,14.62,21.61,554.21,2388.16,9050.0,1.3,47.55,521.09,2388.08,8136.95,8.4442,0.03,393,2388,100.0,38.82,23.2988
157,-0.0005,0.0002,100.0,518.67,642.82,1593.53,1406.36,14.62,21.61,553.83,2388.12,9051.35,1.3,47.56,521.42,2388.1,8133.64,8.4453,0.03,395,2388,100.0,38.89,23.2984
175,-0.0013,-0.0004,100.0,518.67,642.9,1587.68,1403.34,14.62,21.61,553.55,2388.02,9077.88,1.3,47.42,521.66,2388.12,8159.93,8.4273,0.03,393,2388,100.0,38.76,23.241
59,-0.0008,-0.0005,100.0,518.67,642.52,1579.68,1404.68,14.62,21.61,554.75,2388.03,9057.07,1.3,47.19,521.88,2388.0,8140.58,8.4273,0.03,392,2388,100.0,39.01,23.2466
28,-0.0017,0.0001,100.0,518.67,642.0,1590.0,1409.81,14.62,21.61,553.76,2387.99,9066.79,1.3,47.31,522.51,2388.05,8147.84,8.4077,0.03,392,2388,100.0,39.13,23.4317
138,-0.0028,-0.0005,100.0,518.67,643.16,1586.84,1411.02,14.62,21.61,552.84,2388.19,9073.25,1.3,47.79,520.89,2388.07,8149.19,8.471,0.03,396,2388,100.0,38.66,23.3063
53,-0.0023,-0.0003,100.0,518.67,642.71,1581.02,1408.18,14.62,21.61,552.92,2388.01,9068.95,1.3,47.31,521.38,2388.08,8156.33,8.4186,0.03,393,2388,100.0,38.96,23.3091
39,-0.0001,-0.0,100.0,518.67,642.16,1582.17,1395.41,14.62,21.61,554.48,2388.01,9053.07,1.3,47.26,522.41,2388.0,8137.55,8.4151,0.03,392,2388,100.0,39.02,23.5421
113,-0.0016,-0.0003,100.0,518.67,642.97,1595.27,1415.56,14.62,21.61,552.93,2388.13,9065.61,1.3,47.6,521.33,2388.19,8135.38,8.4642,0.03,394,2388,100.0,38.76,23.1989
10,-0.0004,0.0003,100.0,518.67,642.01,1580.24,1396.79,14.62,21.61,554.71,2387.98,9066.17,1.3,47.1,521.77,2388.03,8146.34,8.3912,0.03,391,2388,100.0,39.06,23.4235
30,0.0007,-0.0,100.0,518.67,642.37,1585.54,1410.0,14.62,21.61,553.75,2388.1,9056.41,1.3,47.52,522.08,2388.15,8134.1,8.4458,0.03,392,2388,100.0,38.85,23.3697
32,-0.0036,-0.0004,100.0,518.67,642.58,1584.43,1399.54,14.62,21.6,554.79,2388.01,9060.82,1.3,47.2,521.79,2388.01,8153.82,8.397,0.03,391,2388,100.0,38.96,23.4056
42,0.0026,-0.0004,100.0,518.67,642.68,1588.26,1410.67,14.62,21.61,553.31,2388.06,9054.51,1.3,47.57,521.68,2388.08,8135.62,8.435,0.03,393,2388,100.0,38.75,23.1774
125,-0.0017,0.0001,100.0,518.67,641.73,1578.0,1406.98,14.62,21.61,554.33,2388.01,9074.98,1.3,47.3,522.24,2388.0,8149.66,8.3917,0.03,391,2388,100.0,38.97,23.355
95,0.0031,-0.0003,100.0,518.67,642.89,1597.01,1403.4,14.62,21.61,552.71,2388.07,9058.17,1.3,47.42,521.86,2388.14,8138.41,8.4386,0.03,394,2388,100.0,38.87,23.3039
187,0.0006,0.0004,100.0,518.67,643.1,1598.58,1415.37,14.62,21.61,552.28,2388.14,9090.99,1.3,47.74,520.62,2388.1,8159.05,8.4528,0.03,396,2388,100.0,38.53,23.1532
70,-0.0013,0.0,100.0,518.67,641.91,1589.73,1400.06,14.62,21.61,554.15,2388.03,9069.31,1.3,47.26,521.88,2388.03,8154.23,8.4209,0.03,391,2388,100.0,38.83,23.3617
78,0.0023,-0.0005,100.0,518.67,642.59,1586.26,1411.34,14.62,21.61,553.31,2388.08,9054.34,1.3,47.48,521.86,2388.07,8141.36,8.4563,0.03,394,2388,100.0,38.79,23.314
70,-0.0005,0.0002,100.0,518.67,642.22,1591.39,1406.78,14.62,21.61,553.3,2388.09,9056.85,1.3,47.62,521.14,2388.06,8136.82,8.4562,0.03,390,2388,100.0,38.78,23.2932
23,0.0003,0.0003,100.0,518.67,642.77,1588.33,1399.28,14.62,21.61,554.12,2388.05,9050.2,1.3,47.29,521.87,2388.0,8129.4,8.4297,0.03,392,2388,100.0,38.88,23.2694
242,0.0016,0.0003,100.0,518.67,643.06,1596.28,1423.95,14.62,21.61,552.59,2388.12,9080.08,1.3,47.94,520.26,2388.13,8159.32,8.4912,0.03,395,2388,100.0,38.51,23.2376
64,-0.0008,0.0001,100.0,518.67,642.7,1585.63,1403.1,14.62,21.61,553.88,2388.04,9071.16,1.3,47.4,522.19,2388.09,8148.15,8.3929,0.03,392,2388,100.0,38.93,23.3505
187,0.0019,-0.0003,100.0,518.67,642.82,1595.98,1420.22,14.62,21.61,552.17,2388.13,9112.47,1.3,47.72,520.98,2388.15,8184.22,8.4642,0.03,396,2388,100.0,38.82,23.1661
274,-0.0,0.0004,100.0,518.67,643.18,1598.98,1427.83,14.62,21.61,551.25,2388.2,9089.3,1.3,48.07,519.73,2388.18,8161.62,8.488,0.03,396,2388,100.0,38.27,23.1046
186,-0.0026,-0.0,100.0,518.67,643.76,1603.49,1421.44,14.62,21.61,552.26,2388.16,9148.96,1.3,48.02,520.4,2388.15,8213.21,8.4877,0.03,397,2388,100.0,38.6,23.0892
149,-0.0026,0.0002,100.0,518.67,642.6,1590.77,1413.57,14.62,21.61,553.62,2388.11,9090.3,1.3,47.61,521.27,2388.09,8165.41,8.4919,0.03,394,2388,100.0,38.66,23.2175
144,-0.0042,-0.0003,100.0,518.67,644.19,1597.88,1424.43,14.62,21.61,550.8,2388.31,9044.79,1.3,48.15,520.05,2388.27,8119.98,8.5146,0.03,397,2388,100.0,38.55,22.9495
192,0.0022,0.0002,100.0,518.67,642.82,1594.94,1406.03,14.62,21.61,552.08,2388.14,9065.11,1.3,47.59,520.83,2388.14,8141.43,8.4575,0.03,393,2388,100.0,38.86,23.3309
114,0.0003,0.0004,100.0,518.67,642.31,1588.42,1402.97,14.62,21.61,554.29,2388.07,9046.58,1.3,47.58,521.68,2388.15,8132.36,8.429,0.03,394,2388,100.0,38.89,23.3754
246,-0.0022,0.0001,100.0,518.67,642.62,1597.58,1419.6,14.62,21.61,552.84,2388.13,9134.62,1.3,47.66,520.75,2388.14,8194.51,8.4397,0.03,393,2388,100.0,38.74,23.2464
181,0.0012,-0.0,100.0,518.67,642.13,1585.09,1406.41,14.62,21.6,553.92,2388.05,9090.1,1.3,47.24,521.95,2388.0,8157.49,8.4198,0.03,392,2388,100.0,38.63,23.37
176,-0.0014,-0.0002,100.0,518.67,642.66,1596.4,1425.33,14.62,21.61,553.01,2388.16,9048.48,1.3,47.66,520.68,2388.21,8127.14,8.4569,0.03,394,2388,100.0,38.61,23.1938
36,-0.0004,-0.0002,100.0,518.67,642.54,1581.72,1405.54,14.62,21.61,554.53,2388.01,9044.56,1.3,47.25,522.32,2388.04,8132.48,8.4246,0.03,392,2388,100.0,38.86,23.4308
175,-0.0011,0.0003,100.0,518.67,642.45,1592.7,1410.57,14.62,21.61,553.66,2388.05,9057.99,1.3,47.6,521.94,2388.09,8141.77,8.4555,0.03,392,2388,100.0,39.02,23.335
181,0.0034,0.0002,100.0,518.67,643.64,1595.3,1419.93,14.62,21.61,552.03,2388.1,9115.11,1.3,47.99,520.52,2388.17,8183.51,8.5251,0.03,397,2388,100.0,38.68,23.1598
158,-0.0003,0.0002,100.0,518.67,642.93,1599.6,1419.9,14.62,21.61,552.39,2388.17,9066.07,1.3,47.93,520.43,2388.15,8142.57,8.4841,0.03,396,2388,100.0,38.56,23.1794
165,0.0002,0.0005,100.0,518.67,643.06,1598.42,1408.19,14.62,21.61,553.28,2388.03,9122.87,1.3,47.76,521.42,2388.07,8199.62,8.4836,0.03,396,2388,100.0,38.72,23.3115
156,0.0022,0.0004,100.0,518.67,643.3,1596.61,1420.52,14.62,21.61,552.47,2388.24,9056.93,1.3,47.94,519.94,2388.25,8129.13,8.4975,0.03,395,2388,100.0,38.32,23.0739
84,-0.0001,-0.0004,100.0,518.67,642.27,1583.84,1396.03,14.62,21.61,554.39,2388.05,9059.83,1.3,47.27,522.38,2388.02,8138.92,8.3898,0.03,393,2388,100.0,38.84,23.3944
64,0.0027,0.0005,100.0,518.67,642.27,1583.89,1399.08,14.62,21.61,553.91,2388.01,9066.63,1.3,47.47,522.13,2388.01,8143.6,8.4355,0.03,393,2388,100.0,38.87,23.3468
106,-0.0018,-0.0,100.0,518.67,642.16,1590.2,1402.81,14.62,21.61,554.91,2388.03,9060.78,1.3,47.27,522.21,2388.03,8141.8,8.3985,0.03,393,2388,100.0,38.98,23.434
77,0.003,-0.0003,100.0,518.67,642.85,1588.37,1407.29,14.62,21.61,553.7,2388.17,9050.21,1.3,47.56,521.74,2388.12,8129.97,8.426,0.03,392,2388,100.0,38.83,23.2945
133,-0.0029,-0.0004,100.0,518.67,642.18,1592.96,1414.35,14.62,21.61,553.72,2388.1,9090.31,1.3,47.48,521.2,2388.06,8164.37,8.4668,0.03,393,2388,100.0,38.61,23.2184
22,0.0014,-0.0002,100.0,518.67,642.38,1581.33,1399.59,14.62,21.61,554.31,2387.99,9071.71,1.3,47.16,522.75,2388.01,8148.04,8.3886,0.03,392,2388,100.0,39.05,23.4457
307,-0.0012,-0.0004,100.0,518.67,643.76,1600.55,1426.73,14.62,21.61,551.92,2388.27,9073.28,1.3,47.92,519.77,2388.27,8145.5,8.5162,0.03,395,2388,100.0,38.64,23.1415
16,0.0006,0.0005,100.0,518.67,642.13,1587.98,1404.5,14.62,21.61,553.94,2388.05,9049.34,1.3,47.24,521.49,2388.07,8136.11,8.3936,0.03,392,2388,100.0,38.97,23.455
140,-0.0006,-0.0003,100.0,518.67,642.91,1597.66,1412.49,14.62,21.61,553.33,2388.11,9090.76,1.3,47.47,521.63,2388.09,8161.37,8.4275,0.03,393,2388,100.0,38.77,23.1791
139,-0.0003,-0.0003,100.0,518.67,642.99,1590.43,1417.17,14.62,21.61,552.45,2388.18,9063.32,1.3,47.74,521.47,2388.11,8136.23,8.489,0.03,394,2388,100.0,38.7,23.2205
22,0.0005,-0.0002,100.0,518.67,642.09,1587.18,1421.1,14.62,21.61,553.46,2388.17,9054.54,1.3,47.65,521.03,2388.1,8124.67,8.4423,0.03,393,2388,100.0,38.8,23.2618
49,0.0005,0.0005,100.0,518.67,642.86,1588.91,1410.01,14.62,21.61,554.1,2388.02,9065.53,1.3,47.22,522.32,2388.04,8146.76,8.4205,0.03,391,2388,100.0,38.85,23.3819
92,0.0027,-0.0001,100.0,518.67,642.79,1589.79,1403.29,14.62,21.61,554.05,2388.09,9048.78,1.3,47.39,520.95,2388.1,8125.79,8.4462,0.03,393,2388,100.0,38.93,23.3444
29,-0.0008,-0.0003,100.0,518.67,642.84,1592.65,1404.43,14.62,21.61,554.01,2388.07,9056.25,1.3,47.47,521.48,2388.12,8134.66,8.4613,0.03,394,2388,100.0,38.89,23.3389
116,-0.0032,0.0,100.0,518.67,642.57,1604.59,1416.41,14.62,21.61,552.84,2388.13,9060.63,1.3,47.67,520.94,2388.16,8140.41,8.503,0.03,394,2388,100.0,38.81,23.1902
80,0.0025,-0.0003,100.0,518.67,642.36,1589.73,1399.27,14.62,21.61,554.34,2388.03,9056.46,1.3,47.21,522.08,2388.03,8140.97,8.3977,0.03,391,2388,100.0,38.8,23.3383
119,0.0022,-0.0004,100.0,518.67,642.36,1580.69,1403.84,14.62,21.61,553.26,2388.0,9056.51,1.3,47.39,522.01,2388.07,8138.85,8.406,0.03,392,2388,100.0,38.84,23.3283
154,0.0024,-0.0001,100.0,518.67,642.42,1593.58,1407.52,14.62,21.61,554.1,2388.05,9068.89,1.3,47.57,522.21,2388.08,8153.59,8.4287,0.03,393,2388,100.0,38.99,23.216
75,0.0024,0.0003,100.0,518.67,643.1,1590.47,1416.06,14.62,21.61,552.84,2388.15,9047.07,1.3,47.68,521.07,2388.17,8119.55,8.4746,0.03,394,2388,100.0,38.75,23.2702
177,-0.003,0.0004,100.0,518.67,643.3,1590.15,1418.51,14.62,21.61,552.05,2388.12,9074.41,1.3,47.86,520.26,2388.18,8153.05,8.532,0.03,394,2388,100.0,38.69,23.1563
63,-0.0023,-0.0005,100.0,518.67,642.53,1585.47,1408.66,14.62,21.61,553.38,2388.07,9050.62,1.3,47.29,521.21,2388.11,8134.18,8.446,0.03,392,2388,100.0,38.83,23.3433
6,-0.0006,0.0004,100.0,518.67,641.69,1579.1,1401.36,14.62,21.61,554.75,2388.02,9051.03,1.3,47.24,522.89,2388.03,8139.28,8.3971,0.03,390,2388,100.0,39.0,23.405
206,0.003,0.0004,100.0,518.67,643.44,1601.34,1416.05,14.62,21.61,552.53,2388.08,9204.96,1.3,48.07,520.38,2388.1,8261.07,8.4775,0.03,397,2388,100.0,38.69,23.1276
156,0.0004,-0.0001,100.0,518.67,642.95,1600.49,1424.8,14.62,21.61,551.98,2388.21,9049.95,1.3,47.85,520.64,2388.22,8128.25,8.4463,0.03,396,2388,100.0,38.47,23.2246
125,0.0011,0.0005,100.0,518.67,642.74,1590.03,1409.76,14.62,21.61,553.32,2388.14,9074.41,1.3,47.5,521.16,2388.13,8150.04,8.4722,0.03,394,2388,100.0,38.77,23.2933
18,-0.0022,-0.0001,100.0,518.67,642.31,1583.02,1391.45,14.62,21.61,554.77,2388.0,9054.41,1.3,47.2,522.43,2387.97,8133.87,8.4208,0.03,392,2388,100.0,38.98,23.3427
78,0.0013,0.0,100.0,518.67,642.09,1590.28,1397.2,14.62,21.61,554.31,2387.94,9069.94,1.3,47.36,522.36,2388.01,8144.41,8.4292,0.03,391,2388,100.0,39.0,23.4301
11,0.0036,-0.0001,100.0,518.67,641.95,1590.54,1400.88,14.62,21.61,553.92,2388.09,9056.72,1.3,47.24,522.33,2388.05,8146.26,8.4332,0.03,394,2388,100.0,39.16,23.3903
71,-0.0032,-0.0002,100.0,518.67,643.33,1590.68,1410.85,14.62,21.61,553.06,2388.12,9046.11,1.3,47.7,521.04,2388.14,8129.39,8.452,0.03,393,2388,100.0,38.72,23.3074
110,-0.0001,-0.0001,100.0,518.67,641.52,1587.14,1397.78,14.62,21.61,554.15,2388.03,9052.39,1.3,47.34,521.67,2388.02,8141.59,8.3902,0.03,393,2388,100.0,38.91,23.3898
138,-0.0011,0.0001,100.0,518.67,642.68,1592.53,1418.13,14.62,21.61,553.13,2388.09,9087.46,1.3,47.77,520.93,2388.08,8166.45,8.4598,0.03,395,2388,100.0,38.85,23.2376
162,0.0009,-0.0004,100.0,518.67,643.22,1588.33,1413.54,14.62,21.61,552.43,2388.13,9065.45,1.3,47.65,521.05,2388.13,8141.27,8.4372,0.03,395,2388,100.0,38.71,23.2747
103,0.0027,-0.0001,100.0,518.67,642.77,1597.71,1413.83,14.62,21.61,552.81,2388.12,9051.41,1.3,47.71,521.2,2388.14,8130.39,8.4985,0.03,393,2388,100.0,38.86,23.2156
97,0.0019,-0.0001,100.0,518.67,642.22,1588.49,1400.54,14.62,21.61,554.55,2388.07,9057.64,1.3,47.35,521.73,2387.99,8142.2,8.4029,0.03,391,2388,100.0,38.94,23.383
185,-0.0007,-0.0003,100.0,518.67,643.02,1598.81,1419.15,14.62,21.61,552.39,2388.12,9129.73,1.3,47.88,520.11,2388.15,8193.97,8.5088,0.03,394,2388,100.0,38.6,23.0039
69,0.0025,0.0002,100.0,518.67,642.53,1594.01,1408.35,14.62,21.61,553.72,2388.08,9047.57,1.3,47.34,522.23,2388.13,8119.8,8.4154,0.03,394,2388,100.0,38.82,23.3204
139,-0.0045,-0.0003,100.0,518.67,642.67,1593.77,1405.55,14.62,21.61,554.29,2388.04,9100.05,1.3,47.16,522.16,2387.96,8174.39,8.4192,0.03,393,2388,100.0,38.8,23.3646
151,0.0001,0.0002,100.0,518.67,643.44,1602.4,1425.55,14.62,21.61,551.72,2388.23,9059.81,1.3,47.88,520.22,2388.23,8132.35,8.5021,0.03,395,2388,100.0,38.63,23.1031
107,0.0016,-0.0005,100.0,518.67,642.65,1591.83,1408.18,14.62,21.61,553.26,2388.15,9049.03,1.3,47.61,521.43,2388.09,8128.67,8.4329,0.03,393,2388,100.0,38.78,23.2249
48,0.0021,-0.0004,100.0,518.67,642.22,1583.95,1394.68,14.62,21.61,553.84,2388.01,9062.15,1.3,47.29,522.1,2388.02,8139.48,8.4212,0.03,392,2388,100.0,39.1,23.4226
77,0.0007,-0.0003,100.0,518.67,643.27,1591.27,1406.28,14.62,21.61,554.03,2388.11,9045.54,1.3,47.41,521.33,2388.08,8123.64,8.4669,0.03,391,2388,100.0,38.81,23.2573
29,0.0019,0.0002,100.0,518.67,642.58,1589.57,1410.51,14.62,21.61,553.41,2388.11,9049.8,1.3,47.57,521.21,2388.15,8130.62,8.4308,0.03,393,2388,100.0,38.76,23.2873
158,0.0025,0.0003,100.0,518.67,642.7,1588.57,1412.56,14.62,21.61,553.03,2388.09,9060.44,1.3,47.83,520.92,2388.14,8142.56,8.4277,0.03,395,2388,100.0,38.8,23.2472
49,-0.0036,-0.0002,100.0,518.67,642.48,1580.52,1403.2,14.62,21.61,553.46,2388.1,9056.41,1.3,47.49,521.0,2388.06,8133.78,8.4468,0.03,393,2388,100.0,38.76,23.2819
20,0.0029,-0.0004,100.0,518.67,643.13,1594.17,1412.77,14.62,21.61,553.27,2388.1,9042.24,1.3,47.35,521.31,2388.12,8137.36,8.4145,0.03,394,2388,100.0,39.06,23.1958
93,-0.0009,0.0004,100.0,518.67,642.98,1588.27,1418.15,14.62,21.61,552.56,2388.09,9047.78,1.3,47.7,521.35,2388.1,8124.7,8.4601,0.03,392,2388,100.0,38.88,23.368
45,0.001,-0.0002,100.0,518.67,642.5,1588.66,1412.34,14.62,21.61,554.03,2388.05,9063.77,1.3,47.58,521.21,2388.04,8146.51,8.4182,0.03,392,2388,100.0,39.02,23.2726
177,-0.0008,-0.0005,100.0,518.67,642.52,1595.76,1398.33,14.62,21.61,553.6,2388.08,9060.2,1.3,47.41,521.49,2388.08,8144.14,8.3992,0.03,392,2388,100.0,38.89,23.3006
65,-0.0005,0.0004,100.0,518.67,641.92,1593.04,1400.82,14.62,21.6,554.8,2388.01,9060.45,1.3,47.05,522.58,2388.02,8146.9,8.3848,0.03,391,2388,100.0,39.13,23.4534
4,-0.0014,0.0003,100.0,518.67,643.04,1584.9,1409.75,14.62,21.61,554.3,2388.14,9042.42,1.3,47.41,521.62,2388.08,8123.7,8.4352,0.03,392,2388,100.0,38.89,23.2722
8,-0.0027,-0.0001,100.0,518.67,642.27,1587.62,1399.79,14.62,21.6,554.76,2387.98,9061.46,1.3,47.17,522.69,2387.97,8138.59,8.3459,0.03,393,2388,100.0,38.99,23.4415
210,-0.0015,0.0001,100.0,518.67,643.78,1606.28,1422.21,14.62,21.61,551.76,2388.2,9109.62,1.3,48.0,519.87,2388.2,8174.55,8.5324,0.03,396,2388,100.0,38.52,23.107
87,0.0032,-0.0002,100.0,518.67,643.27,1592.2,1418.57,14.62,21.61,552.54,2388.21,9036.69,1.3,47.82,520.74,2388.14,8122.21,8.4711,0.03,395,2388,100.0,38.65,23.1944
117,-0.0032,0.0004,100.0,518.67,642.43,1592.52,1407.65,14.62,21.61,553.26,2388.08,9069.43,1.3,47.57,521.46,2388.08,8141.96,8.4688,0.03,393,2388,100.0,38.8,23.371
144,-0.0019,-0.0004,100.0,518.67,643.65,1590.16,1421.96,14.62,21.61,552.17,2388.21,9052.91,1.3,47.78,519.94,2388.19,8118.74,8.4481,0.03,394,2388,100.0,38.68,23.0626
127,0.0039,-0.0004,100.0,518.67,642.12,1589.53,1407.98,14.62,21.61,554.75,2388.02,9080.88,1.3,47.57,521.78,2388.0,8161.59,8.4641,0.03,393,2388,100.0,38.96,23.287
29,-0.0013,-0.0004,100.0,518.67,642.5,1580.64,1399.05,14.62,21.61,554.29,2388.03,9073.66,1.3,47.36,522.64,2387.95,8155.26,8.4044,0.03,392,2388,100.0,38.98,23.2539
136,-0.0002,-0.0004,100.0,518.67,643.2,1594.74,1413.89,14.62,21.61,553.18,2388.11,9077.93,1.3,47.59,521.28,2388.05,8161.91,8.474,0.03,394,2388,100.0,38.63,23.1852
84,0.0005,0.0002,100.0,518.67,642.64,1585.52,1406.6,14.62,21.61,553.91,2388.05,9050.47,1.3,47.38,521.54,2388.06,8131.54,8.4139,0.03,392,2388,100.0,38.73,23.2653
187,0.001,0.0001,100.0,518.67,642.62,1591.46,1409.26,14.62,21.61,553.45,2388.03,9143.57,1.3,47.43,520.64,2388.06,8211.34,8.4535,0.03,395,2388,100.0,38.65,23.2538
217,0.0023,0.0005,100.0,518.67,643.3,1585.11,1407.97,14.62,21.61,553.22,2388.1,9061.1,1.3,47.51,521.29,2388.08,8148.52,8.4982,0.03,392,2388,100.0,38.94,23.2658
29,0.0009,0.0002,100.0,518.67,641.91,1581.94,1396.35,14.62,21.61,554.65,2387.96,9057.08,1.3,47.36,522.43,2388.04,8151.44,8.4109,0.03,390,2388,100.0,38.9,23.4527
69,0.0012,-0.0003,100.0,518.67,641.76,1581.71,1396.5,14.62,21.61,554.04,2388.03,9057.55,1.3,47.07,522.12,2388.02,8139.23,8.4058,0.03,392,2388,100.0,38.79,23.4817
49,0.0007,-0.0005,100.0,518.67,641.74,1584.85,1395.15,14.62,21.61,555.46,2388.0,9062.59,1.3,47.34,521.98,2388.02,8140.04,8.4285,0.03,392,2388,100.0,38.87,23.4577
79,-0.0011,0.0003,100.0,518.67,642.3,1581.95,1399.75,14.62,21.61,554.33,2388.04,9073.85,1.3,47.35,521.95,2387.99,8155.67,8.4378,0.03,391,2388,100.0,38.9,23.3391
95,0.0016,-0.0004,100.0,518.67,642.14,1590.07,1408.11,14.62,21.61,553.85,2388.01,9078.37,1.3,47.4,522.03,2388.04,8152.62,8.4164,0.03,392,2388,100.0,38.88,23.3713
156,-0.0012,-0.0003,100.0,518.67,642.24,1590.06,1401.26,14.62,21.61,553.05,2388.05,9077.82,1.3,47.37,522.19,2388.03,8155.77,8.4005,0.03,393,2388,100.0,38.99,23.2654
200,-0.0006,0.0001,100.0,518.67,642.99,1591.2,1424.56,14.62,21.61,552.83,2388.16,9058.74,1.3,47.61,520.74,2388.14,8127.5,8.4825,0.03,395,2388,100.0,38.58,23.1759
80,0.0002,-0.0002,100.0,518.67,642.94,1589.24,1390.73,14.62,21.61,553.29,2388.07,9050.72,1.3,47.32,522.1,2388.15,8128.28,8.4124,0.03,393,2388,100.0,38.82,23.2919
14,0.0022,0.0003,100.0,518.67,642.17,1591.26,1402.76,14.62,21.61,553.88,2388.06,9055.95,1.3,47.18,521.53,2388.11,8138.6,8.4368,0.03,392,2388,100.0,38.9,23.3457
149,-0.0039,-0.0004,100.0,518.67,643.34,1598.63,1413.08,14.62,21.61,552.6,2388.2,9081.74,1.3,47.49,520.57,2388.17,8153.19,8.4742,0.03,395,2388,100.0,38.64,23.2073
104,0.0059,0.0004,100.0,518.67,642.36,1582.35,1405.23,14.62,21.61,553.76,2388.1,9072.74,1.3,47.67,521.29,2388.08,8146.65,8.4417,0.03,391,2388,100.0,39.01,23.2998
45,0.0005,0.0001,100.0,518.67,642.43,1583.17,1406.77,14.62,21.61,554.8,2388.04,9063.39,1.3,47.16,522.12,2388.07,8137.78,8.3878,0.03,392,2388,100.0,38.72,23.3696
50,-0.0034,0.0004,100.0,518.67,641.96,1590.91,1403.97,14.62,21.61,553.84,2388.08,9049.62,1.3,47.68,520.94,2388.08,8133.33,8.4219,0.03,393,2388,100.0,38.7,23.3114
13,0.0014,-0.0001,100.0,518.67,642.02,1584.93,1401.05,14.62,21.61,554.23,2388.08,9051.1,1.3,47.44,521.85,2388.12,8126.27,8.4206,0.03,391,2388,100.0,39.09,23.3077
13,-0.001,-0.0004,100.0,518.67,642.63,1587.9,1404.46,14.62,21.61,554.51,2388.01,9055.01,1.3,47.37,521.33,2388.07,8143.6,8.387,0.03,391,2388,100.0,38.99,23.403
80,0.0007,0.0002,100.0,518.67,641.96,1590.13,1403.0,14.62,21.61,554.07,2388.01,9051.88,1.3,47.21,522.02,2387.98,8139.74,8.4361,0.03,392,2388,100.0,39.11,23.493
76,0.0032,-0.0001,100.0,518.67,642.43,1593.47,1417.79,14.62,21.61,553.18,2388.1,9067.22,1.3,47.64,520.71,2388.08,8140.98,8.4718,0.03,394,2388,100.0,38.61,23.2327
57,0.0004,-0.0005,100.0,518.67,642.56,1581.97,1398.55,14.62,21.61,553.99,2388.06,9058.76,1.3,47.28,522.06,2388.09,8137.58,8.4128,0.03,392,2388,100.0,38.92,23.366
59,0.0029,-0.0,100.0,518.67,642.66,1594.68,1407.59,14.62,21.61,553.67,2388.09,9063.8,1.3,47.6,521.57,2388.15,8134.57,8.4176,0.03,394,2388,100.0,38.76,23.2457
179,0.0035,-0.0003,100.0,518.67,643.0,1591.3,1400.94,14.62,21.61,553.07,2388.04,9072.62,1.3,47.7,521.34,2388.1,8151.75,8.4465,0.03,393,2388,100.0,38.7,23.3864
291,-0.0031,0.0,100.0,518.67,643.35,1587.86,1410.72,14.62,21.61,552.4,2388.12,9066.84,1.3,47.97,521.14,2388.16,8136.83,8.5041,0.03,395,2388,100.0,38.75,23.1855
100,0.0014,0.0002,100.0,518.67,642.08,1591.3,1404.35,14.62,21.61,554.13,2388.05,9065.41,1.3,47.43,521.4,2388.09,8141.48,8.4281,0.03,393,2388,100.0,39.05,23.2447
84,0.0038,-0.0003,100.0,518.67,642.09,1586.25,1404.03,14.62,21.61,554.27,2388.06,9061.07,1.3,47.22,521.7,2388.01,8139.32,8.4244,0.03,391,2388,100.0,38.96,23.3025
69,-0.0002,0.0002,100.0,518.67,642.78,1588.31,1420.36,14.62,21.61,553.19,2388.12,9043.71,1.3,47.52,520.98,2388.11,8125.23,8.4554,0.03,394,2388,100.0,38.88,23.2297
39,-0.0019,-0.0002,100.0,518.67,642.78,1586.67,1390.9,14.62,21.61,554.76,2388.04,9051.09,1.3,47.09,522.74,2388.01,8131.66,8.434,0.03,390,2388,100.0,39.11,23.4868
161,0.0008,0.0002,100.0,518.67,643.1,1595.35,1428.39,14.62,21.61,552.11,2388.28,9045.91,1.3,48.17,519.72,2388.26,8124.91,8.5164,0.03,396,2388,100.0,38.46,23.1629
142,0.0014,-0.0001,100.0,518.67,642.66,1588.86,1397.51,14.62,21.61,554.62,2388.04,9069.49,1.3,47.31,522.1,2388.08,8153.19,8.416,0.03,394,2388,100.0,38.86,23.3405
93,0.0042,-0.0003,100.0,518.67,642.66,1601.51,1409.78,14.62,21.61,553.41,2388.08,9058.76,1.3,47.62,521.27,2388.1,8141.85,8.466,0.03,393,2388,100.0,38.86,23.2592
103,0.0025,0.0005,100.0,518.67,642.74,1594.84,1413.8,14.62,21.61,552.93,2388.08,9068.47,1.3,47.5,520.87,2388.1,8146.03,8.4791,0.03,394,2388,100.0,38.83,23.3546
180,0.0038,0.0,100.0,518.67,642.74,1591.0,1405.0,14.62,21.61,553.18,2388.06,9068.39,1.3,47.45,522.0,2388.05,8144.06,8.4947,0.03,393,2388,100.0,39.0,23.2174
155,0.0011,-0.0002,100.0,518.67,643.04,1597.9,1417.95,14.62,21.61,552.05,2388.11,9099.13,1.3,47.85,520.31,2388.12,8167.58,8.4892,0.03,395,2388,100.0,38.55,23.0479
134,-0.0031,-0.0001,100.0,518.67,643.34,1600.07,1422.57,14.62,21.61,551.21,2388.22,9050.3,1.3,47.95,520.6,2388.23,8123.74,8.506,0.03,394,2388,100.0,38.46,23.0912
72,-0.0007,-0.0001,100.0,518.67,642.58,1592.07,1411.67,14.62,21.61,553.18,2388.09,9052.49,1.3,47.7,521.13,2388.07,8136.06,8.4232,0.03,395,2388,100.0,38.88,23.2983
123,-0.0036,0.0004,100.0,518.67,642.52,1595.76,1405.97,14.62,21.61,554.05,2388.02,9061.58,1.3,47.38,521.72,2388.06,8146.48,8.4194,0.03,393,2388,100.0,38.83,23.2977
152,0.0056,-0.0004,100.0,518.67,643.25,1594.56,1418.85,14.62,21.61,552.04,2388.14,9046.02,1.3,47.76,520.24,2388.19,8128.95,8.4851,0.03,395,2388,100.0,38.7,23.2841
179,0.0004,-0.0002,100.0,518.67,643.04,1596.13,1404.63,14.62,21.61,553.57,2388.1,9058.94,1.3,47.64,520.86,2388.12,8137.5,8.4453,0.03,392,2388,100.0,38.95,23.294
48,0.0012,0.0001,100.0,518.67,642.11,1578.65,1397.55,14.62,21.61,554.12,2388.03,9064.34,1.3,47.42,522.62,2388.04,8142.1,8.3831,0.03,391,2388,100.0,38.98,23.5047
104,0.0009,0.0003,100.0,518.67,642.77,1590.06,1396.56,14.62,21.61,554.45,2388.02,9076.83,1.3,47.61,522.11,2388.1,8153.44,8.3956,0.03,393,2388,100.0,38.7,23.2286
98,0.0006,0.0003,100.0,518.67,643.09,1596.53,1403.14,14.62,21.61,553.54,2388.15,9062.55,1.3,47.63,521.71,2388.08,8140.95,8.4485,0.03,393,2388,100.0,38.88,23.335
178,0.0009,0.0,100.0,518.67,642.37,1590.92,1404.84,14.62,21.61,553.51,2388.09,9060.55,1.3,47.42,521.23,2388.07,8136.73,8.422,0.03,392,2388,100.0,38.84,23.1322
155,-0.0006,0.0002,100.0,518.67,642.56,1587.11,1407.62,14.62,21.61,553.27,2388.07,9070.02,1.3,47.52,520.98,2388.09,8140.57,8.4446,0.03,393,2388,100.0,38.99,23.2832
146,0.0006,-0.0005,100.0,518.67,642.96,1582.97,1405.57,14.62,21.61,553.96,2387.99,9095.13,1.3,47.5,522.19,2387.98,8173.26,8.438,0.03,392,2388,100.0,38.91,23.3391
108,0.0012,0.0001,100.0,518.67,642.91,1594.45,1408.39,14.62,21.61,552.79,2388.13,9046.87,1.3,47.74,521.2,2388.14,8126.8,8.4474,0.03,395,2388,100.0,38.7,23.1949
81,0.0014,0.0005,100.0,518.67,643.47,1599.49,1412.56,14.62,21.61,553.26,2388.03,9065.57,1.3,47.58,521.42,2388.09,8142.44,8.4364,0.03,393,2388,100.0,38.91,23.2206
56,-0.0035,0.0002,100.0,518.67,641.84,1587.04,1388.97,14.62,21.61,554.72,2388.02,9052.27,1.3,47.03,522.1,2388.01,8139.72,8.393,0.03,391,2388,100.0,39.1,23.3796
71,0.0012,0.0001,100.0,518.67,642.52,1592.5,1405.58,14.62,21.61,553.66,2388.13,9051.11,1.3,47.6,521.22,2388.15,8123.7,8.4632,0.03,395,2388,100.0,38.8,23.2864
4,-0.0017,0.0004,100.0,518.67,642.2,1588.27,1399.64,14.62,21.61,554.54,2388.09,9067.84,1.3,47.18,522.4,2388.06,8139.33,8.4467,0.03,393,2388,100.0,39.08,23.3072
137,-0.001,-0.0001,100.0,518.67,642.9,1598.8,1415.59,14.62,21.61,552.61,2388.18,9057.58,1.3,47.75,520.57,2388.18,8130.9,8.4755,0.03,394,2388,100.0,38.59,23.1942
60,0.0034,0.0005,100.0,518.67,642.43,1583.83,1401.7,14.62,21.61,554.56,2387.96,9071.75,1.3,47.28,521.72,2388.04,8152.56,8.4207,0.03,392,2388,100.0,38.93,23.4548
97,-0.0012,0.0004,100.0,518.67,642.67,1595.83,1418.07,14.62,21.61,552.97,2388.16,9063.28,1.3,47.7,520.66,2388.15,8132.15,8.4954,0.03,393,2388,100.0,38.83,23.2593
107,0.0043,0.0002,100.0,518.67,642.78,1596.86,1416.49,14.62,21.61,552.73,2388.13,9051.31,1.3,47.65,521.74,2388.14,8129.71,8.4984,0.03,395,2388,100.0,38.69,23.2329
14,-0.0002,0.0004,100.0,518.67,642.22,1591.18,1409.34,14.62,21.61,553.57,2388.08,9059.89,1.3,47.5,520.85,2388.07,8139.03,8.4295,0.03,392,2388,100.0,38.9,23.2906
110,0.0022,-0.0002,100.0,518.67,642.54,1594.34,1402.25,14.62,21.61,552.79,2388.09,9059.85,1.3,47.59,521.5,2388.04,8140.39,8.4388,0.03,393,2388,100.0,38.97,23.3262
138,-0.0034,0.0002,100.0,518.67,642.54,1587.16,1405.0,14.62,21.61,553.75,2388.07,9068.36,1.3,47.35,521.55,2388.04,8154.82,8.4298,0.03,393,2388,100.0,38.88,23.2919
9,0.0002,-0.0002,100.0,518.67,642.18,1583.82,1404.52,14.62,21.61,553.27,2388.01,9077.9,1.3,47.37,521.94,2387.98,8142.31,8.4468,0.03,391,2388,100.0,38.81,23.3415
200,-0.0042,-0.0003,100.0,518.67,643.03,1593.26,1421.77,14.62,21.61,552.21,2388.16,9126.41,1.3,47.86,520.2,2388.08,8199.6,8.477,0.03,394,2388,100.0,38.56,23.2225
93,-0.0007,0.0002,100.0,518.67,641.81,1588.72,1401.94,14.62,21.61,554.38,2387.96,9063.22,1.3,47.35,522.04,2388.0,8152.73,8.3866,0.03,392,2388,100.0,38.96,23.3816
32,-0.0001,-0.0004,100.0,518.67,641.69,1580.75,1401.48,14.62,21.61,554.41,2387.97,9061.06,1.3,47.34,522.05,2388.06,8136.73,8.4134,0.03,393,2388,100.0,38.96,23.3978
171,0.0003,-0.0005,100.0,518.67,643.68,1599.6,1416.14,14.62,21.61,551.64,2388.14,9094.22,1.3,48.02,520.01,2388.17,8165.06,8.5138,0.03,396,2388,100.0,38.53,23.1125
173,-0.0002,0.0004,100.0,518.67,643.45,1594.97,1414.64,14.62,21.61,552.47,2388.16,9041.99,1.3,47.77,520.75,2388.17,8124.22,8.4654,0.03,394,2388,100.0,38.47,23.3322
74,-0.0016,0.0003,100.0,518.67,642.22,1584.28,1409.37,14.62,21.61,552.95,2388.07,9037.22,1.3,47.46,521.63,2388.08,8124.58,8.4715,0.03,392,2388,100.0,39.05,23.3422
186,-0.0019,0.0,100.0,518.67,642.79,1591.54,1416.52,14.62,21.61,552.53,2388.26,9039.93,1.3,47.82,520.37,2388.21,8115.64,8.4784,0.03,394,2388,100.0,38.79,23.2751
173,-0.0006,0.0002,100.0,518.67,643.35,1597.52,1413.1,14.62,21.61,551.72,2388.13,9103.92,1.3,47.86,520.57,2388.1,8174.19,8.5235,0.03,395,2388,100.0,38.73,23.2349
115,0.0054,-0.0001,100.0,518.67,643.07,1593.26,1416.45,14.62,21.61,552.99,2388.13,9054.77,1.3,47.8,521.2,2388.15,8132.33,8.4947,0.03,393,2388,100.0,38.63,23.2113
147,-0.0017,0.0005,100.0,518.67,642.42,1594.6,1401.95,14.62,21.61,554.18,2387.99,9082.47,1.3,47.53,521.85,2388.02,8164.07,8.3923,0.03,392,2388,100.0,38.92,23.3166
26,0.0012,0.0,100.0,518.67,641.61,1578.77,1398.19,14.62,21.61,554.93,2388.03,9065.14,1.3,47.17,522.41,2387.99,8146.04,8.3536,0.03,393,2388,100.0,39.05,23.5227
181,-0.0006,-0.0003,100.0,518.67,642.75,1592.99,1417.27,14.62,21.61,551.94,2388.2,9057.15,1.3,47.75,520.66,2388.2,8132.71,8.5031,0.03,394,2388,100.0,38.67,23.2777
46,-0.001,-0.0004,100.0,518.67,642.66,1582.06,1407.98,14.62,21.61,553.09,2388.11,9036.96,1.3,47.58,521.52,2388.2,8121.42,8.4308,0.03,393,2388,100.0,38.76,23.274
201,-0.0013,-0.0003,100.0,518.67,643.55,1600.32,1423.72,14.62,21.61,552.66,2388.28,9058.26,1.3,47.92,520.29,2388.21,8133.05,8.4657,0.03,396,2388,100.0,38.55,23.1569
17,0.0029,-0.0001,100.0,518.67,643.01,1593.27,1404.03,14.62,21.61,553.22,2388.09,9050.42,1.3,47.37,521.73,2388.1,8135.74,8.4232,0.03,393,2388,100.0,38.86,23.3667
59,0.002,0.0001,100.0,518.67,642.18,1586.34,1399.3,14.62,21.61,554.65,2388.04,9062.72,1.3,47.39,522.29,2388.04,8150.52,8.3861,0.03,392,2388,100.0,38.92,23.3494
136,0.003,-0.0001,100.0,518.67,642.84,1584.72,1404.39,14.62,21.61,554.18,2388.06,9040.89,1.3,47.43,521.54,2388.11,8130.43,8.4469,0.03,393,2388,100.0,38.76,23.1699
138,0.0002,-0.0,100.0,518.67,643.21,1592.78,1417.85,14.62,21.61,552.16,2388.19,9053.57,1.3,47.96,520.51,2388.23,8129.84,8.4345,0.03,396,2388,100.0,38.64,23.2016
52,-0.0033,-0.0001,100.0,518.67,642.43,1593.84,1407.06,14.62,21.61,552.69,2388.15,9047.99,1.3,47.64,521.8,2388.15,8120.86,8.4823,0.03,394,2388,100.0,38.81,23.3347
66,-0.0017,0.0,100.0,518.67,642.25,1589.61,1407.56,14.62,21.61,553.12,2388.14,9058.21,1.3,47.59,521.37,2388.1,8140.87,8.4447,0.03,393,2388,100.0,38.7,23.2472
163,-0.0037,0.0005,100.0,518.67,642.49,1590.16,1404.63,14.62,21.61,553.98,2388.11,9060.39,1.3,47.55,521.56,2388.11,8139.4,8.4345,0.03,393,2388,100.0,38.75,23.2671
84,-0.0021,-0.0005,100.0,518.67,642.56,1586.77,1397.6,14.62,21.6,553.89,2388.0,9055.0,1.3,47.39,521.86,2388.03,8146.31,8.4105,0.03,390,2388,100.0,39.1,23.297
197,0.0021,-0.0003,100.0,518.67,642.43,1590.01,1403.3,14.62,21.61,553.4,2388.04,9081.19,1.3,47.33,521.47,2388.04,8160.68,8.4338,0.03,394,2388,100.0,38.7,23.3149
16,0.0023,0.0002,100.0,518.67,641.71,1574.02,1393.09,14.62,21.61,554.94,2387.95,9061.0,1.3,47.17,522.37,2387.99,8144.73,8.3643,0.03,393,2388,100.0,39.06,23.3248
193,0.0005,-0.0001,100.0,518.67,643.15,1588.7,1418.24,14.62,21.61,552.82,2388.15,9057.39,1.3,47.6,521.03,2388.11,8127.11,8.4467,0.03,393,2388,100.0,38.96,23.2027
7,0.0012,0.0002,100.0,518.67,642.37,1584.77,1402.34,14.62,21.61,553.91,2388.07,9062.94,1.3,47.3,521.59,2388.04,8147.63,8.3972,0.03,393,2388,100.0,39.04,23.4
239,-0.0038,0.0002,100.0,518.67,643.05,1601.15,1418.73,14.62,21.61,553.54,2388.16,9120.67,1.3,47.85,521.51,2388.09,8185.64,8.4813,0.03,394,2388,100.0,38.72,23.192
16,0.0003,-0.0004,100.0,518.67,642.53,1588.85,1405.52,14.62,21.61,553.11,2388.13,9050.71,1.3,47.38,522.02,2388.08,8122.41,8.4268,0.03,393,2388,100.0,38.87,23.4287
27,0.0011,-0.0003,100.0,518.67,643.05,1586.74,1408.86,14.62,21.61,553.44,2388.14,9059.52,1.3,47.75,521.4,2388.14,8137.12,8.4473,0.03,393,2388,100.0,39.0,23.3386
112,0.0005,-0.0,100.0,518.67,642.34,1579.35,1404.3,14.62,21.61,554.25,2388.06,9076.84,1.3,47.34,521.88,2388.03,8149.43,8.381,0.03,391,2388,100.0,38.92,23.3279
77,0.0027,0.0004,100.0,518.67,643.19,1595.87,1416.88,14.62,21.61,553.41,2388.21,9034.65,1.3,47.67,521.52,2388.15,8122.56,8.4594,0.03,393,2388,100.0,38.81,23.2058
140,0.0015,0.0004,100.0,518.67,642.98,1584.45,1410.57,14.62,21.61,553.46,2388.11,9049.1,1.3,47.49,521.11,2388.11,8132.43,8.4309,0.03,393,2388,100.0,38.87,23.2644
180,-0.0035,0.0,100.0,518.67,643.11,1595.48,1413.38,14.62,21.61,552.52,2388.12,9084.74,1.3,47.77,520.74,2388.08,8164.71,8.4831,0.03,393,2388,100.0,38.71,23.1991
199,-0.0024,-0.0004,100.0,518.67,642.94,1592.83,1418.63,14.62,21.61,552.79,2388.09,9090.05,1.3,47.67,520.35,2388.11,8164.78,8.454,0.03,394,2388,100.0,38.53,23.1722
48,0.0003,0.0,100.0,518.67,641.94,1585.35,1398.81,14.62,21.61,554.05,2387.99,9066.88,1.3,47.11,522.33,2388.05,8146.56,8.4164,0.03,391,2388,100.0,38.93,23.3583
145,0.0012,-0.0001,100.0,518.67,642.41,1583.38,1402.98,14.62,21.61,553.37,2388.06,9056.31,1.3,47.5,522.48,2388.04,8138.55,8.422,0.03,394,2388,100.0,38.9,23.2635
112,0.0,-0.0004,100.0,518.67,642.07,1585.89,1395.67,14.62,21.6,553.61,2388.04,9072.16,1.3,47.49,522.02,2388.03,8155.86,8.4235,0.03,393,2388,100.0,38.98,23.2328
73,-0.0016,-0.0002,100.0,518.67,642.79,1589.59,1413.07,14.62,21.61,552.62,2388.16,9049.53,1.3,47.45,521.94,2388.15,8132.52,8.4294,0.03,392,2388,100.0,38.86,23.2992
20,0.0019,0.0002,100.0,518.67,642.27,1582.85,1393.07,14.62,21.61,554.69,2387.98,9060.46,1.3,47.13,522.0,2387.99,8147.39,8.3831,0.03,391,2388,100.0,38.86,23.3702
97,0.002,0.0001,100.0,518.67,642.86,1590.18,1407.95,14.62,21.61,553.01,2388.12,9057.89,1.3,47.73,521.04,2388.09,8142.71,8.4689,0.03,393,2388,100.0,38.8,23.3433
34,-0.0018,-0.0001,100.0,518.67,641.84,1590.6,1403.72,14.62,21.61,553.83,2388.06,9058.15,1.3,47.53,521.6,2388.12,8131.18,8.4007,0.03,392,2388,100.0,38.92,23.3577
83,0.0,-0.0004,100.0,518.67,641.73,1585.18,1398.81,14.62,21.61,554.18,2388.07,9047.88,1.3,47.13,523.13,2388.04,8135.08,8.3997,0.03,390,2388,100.0,39.0,23.4056
74,-0.0021,0.0,100.0,518.67,642.62,1584.62,1406.39,14.62,21.61,553.31,2388.15,9047.56,1.3,47.79,521.47,2388.14,8125.93,8.4208,0.03,393,2388,100.0,38.84,23.3163
133,-0.0016,-0.0001,100.0,518.67,643.39,1591.42,1412.79,14.62,21.61,553.46,2388.1,9064.62,1.3,47.84,521.14,2388.1,8145.45,8.4597,0.03,393,2388,100.0,38.89,23.1164
19,0.0007,-0.0003,100.0,518.67,642.69,1585.85,1395.7,14.62,21.6,554.14,2388.02,9064.97,1.3,47.26,521.89,2388.01,8147.39,8.4354,0.03,392,2388,100.0,39.09,23.3865
50,0.0026,0.0004,100.0,518.67,642.26,1586.73,1404.57,14.62,21.61,553.5,2388.16,9054.34,1.3,47.54,520.88,2388.07,8130.29,8.4564,0.03,392,2388,100.0,38.7,23.2423
32,-0.0002,-0.0005,100.0,518.67,643.03,1588.4,1407.94,14.62,21.61,553.34,2388.13,9039.21,1.3,47.53,521.57,2388.15,8125.27,8.4248,0.03,394,2388,100.0,38.75,23.4517
33,0.0026,-0.0001,100.0,518.67,642.94,1584.94,1402.85,14.62,21.61,554.4,2388.06,9060.83,1.3,47.44,522.08,2388.03,8147.72,8.4361,0.03,393,2388,100.0,38.98,23.4372
7,0.0014,0.0004,100.0,518.67,642.9,1592.37,1404.86,14.62,21.61,553.68,2388.11,9055.9,1.3,47.39,521.96,2388.09,8134.61,8.4151,0.03,392,2388,100.0,38.8,23.3713
132,-0.0011,0.0004,100.0,518.67,642.51,1585.93,1410.78,14.62,21.61,553.3,2388.16,9038.23,1.3,47.55,521.47,2388.12,8121.98,8.3928,0.03,394,2388,100.0,38.87,23.2743
19,0.0006,-0.0002,100.0,518.67,642.64,1598.26,1409.78,14.62,21.61,553.41,2388.22,9043.35,1.3,47.53,520.68,2388.1,8120.0,8.4464,0.03,393,2388,100.0,38.67,23.216
162,0.0035,-0.0004,100.0,518.67,642.92,1589.5,1420.77,14.62,21.61,552.34,2388.1,9067.91,1.3,47.98,520.76,2388.12,8145.38,8.4683,0.03,394,2388,100.0,38.72,23.1752
96,-0.0004,-0.0,100.0,518.67,642.28,1598.15,1413.48,14.62,21.61,553.85,2388.12,9062.73,1.3,47.64,520.98,2388.11,8146.4,8.4753,0.03,393,2388,100.0,38.87,23.2752
170,-0.0003,0.0002,100.0,518.67,643.54,1596.95,1416.23,14.62,21.61,552.38,2388.15,9076.58,1.3,48.11,520.81,2388.21,8150.55,8.4951,0.03,395,2388,100.0,38.57,23.1431
140,-0.001,-0.0002,100.0,518.67,642.62,1600.27,1407.27,14.62,21.61,553.55,2388.11,9067.59,1.3,47.61,521.22,2388.11,8141.41,8.4628,0.03,394,2388,100.0,38.68,23.2348
206,0.0011,-0.0004,100.0,518.67,643.05,1597.72,1411.04,14.62,21.61,551.41,2388.19,9062.43,1.3,47.92,520.33,2388.17,8140.91,8.4703,0.03,396,2388,100.0,38.87,23.2369
75,0.001,-0.0002,100.0,518.67,642.27,1587.7,1410.37,14.62,21.61,553.53,2388.11,9052.91,1.3,47.49,521.37,2388.14,8127.89,8.4771,0.03,393,2388,100.0,38.77,23.2959
192,0.0015,0.0004,100.0,518.67,643.23,1598.22,1420.21,14.62,21.61,552.31,2388.15,9189.49,1.3,47.91,520.11,2388.08,8251.76,8.5037,0.03,396,2388,100.0,38.68,23.1819
176,0.0033,0.0003,100.0,518.67,643.36,1601.11,1427.72,14.62,21.61,552.62,2388.12,9149.82,1.3,47.83,520.61,2388.11,8219.43,8.4822,0.03,395,2388,100.0,38.81,23.1426
181,0.0003,0.0002,100.0,518.67,643.91,1600.31,1431.5,14.62,21.61,551.16,2388.24,9098.3,1.3,48.08,519.84,2388.25,8166.97,8.5153,0.03,396,2388,100.0,38.44,23.0205
174,-0.0011,0.0006,100.0,518.67,643.51,1601.38,1425.56,14.62,21.61,551.09,2388.31,9047.5,1.3,48.06,519.49,2388.32,8118.4,8.5124,0.03,395,2388,100.0,38.5,23.0207
161,0.0041,-0.0001,100.0,518.67,643.29,1601.97,1431.39,14.62,21.61,551.44,2388.28,9049.43,1.3,48.12,519.89,2388.39,8128.02,8.5148,0.03,397,2388,100.0,38.55,22.9987
240,-0.0015,0.0005,100.0,518.67,642.78,1604.33,1429.03,14.62,21.61,552.59,2388.16,9110.38,1.3,48.21,520.18,2388.1,8176.88,8.4931,0.03,395,2388,100.0,38.67,23.3075
52,0.0006,-0.0,100.0,518.67,641.86,1585.97,1403.88,14.62,21.6,554.94,2387.98,9066.99,1.3,47.06,522.03,2387.99,8140.95,8.431,0.03,393,2388,100.0,39.04,23.3502
60,0.0008,0.0002,100.0,518.67,642.58,1584.22,1404.46,14.62,21.61,554.64,2388.04,9063.32,1.3,47.37,522.19,2388.01,8141.69,8.3669,0.03,392,2388,100.0,38.67,23.3287
60,-0.0026,-0.0002,100.0,518.67,642.75,1590.14,1406.9,14.62,21.61,552.75,2388.15,9040.18,1.3,47.47,521.5,2388.15,8122.11,8.4205,0.03,392,2388,100.0,38.71,23.2712
51,0.0039,0.0003,100.0,518.67,642.64,1584.72,1415.17,14.62,21.61,553.91,2388.07,9048.45,1.3,47.58,521.88,2388.04,8136.9,8.4269,0.03,392,2388,100.0,38.88,23.2593
94,-0.0048,-0.0004,100.0,518.67,643.27,1588.34,1419.28,14.62,21.61,552.53,2388.16,9062.17,1.3,47.67,521.38,2388.09,8145.64,8.43,0.03,392,2388,100.0,38.76,23.3231
68,0.0009,0.0001,100.0,518.67,642.02,1593.28,1402.49,14.62,21.61,554.84,2388.05,9052.42,1.3,47.31,522.28,2387.97,8145.29,8.3889,0.03,392,2388,100.0,38.95,23.3527
32,-0.0014,-0.0002,100.0,518.67,642.93,1589.06,1409.03,14.62,21.61,552.88,2388.17,9042.04,1.3,47.71,521.37,2388.14,8127.59,8.3945,0.03,392,2388,100.0,38.87,23.2173
25,-0.0006,-0.0002,100.0,518.67,642.86,1585.77,1404.33,14.62,21.61,553.88,2388.13,9058.03,1.3,47.49,521.5,2388.08,8141.89,8.4417,0.03,393,2388,100.0,38.9,23.2828
79,0.0001,-0.0003,100.0,518.67,642.56,1589.95,1411.1,14.62,21.61,553.86,2388.08,9057.23,1.3,47.44,521.75,2388.09,8137.34,8.4239,0.03,394,2388,100.0,38.84,23.2801
33,-0.0017,0.0003,100.0,518.67,643.07,1592.58,1406.42,14.62,21.61,553.21,2388.13,9049.33,1.3,47.53,521.53,2388.14,8131.95,8.4564,0.03,392,2388,100.0,38.72,23.3263
229,-0.0012,0.0004,100.0,518.67,644.11,1602.35,1429.78,14.62,21.61,551.66,2388.3,9050.49,1.3,48.26,519.23,2388.3,8125.82,8.5085,0.03,396,2388,100.0,38.45,23.0127
42,0.0029,-0.0001,100.0,518.67,643.44,1587.71,1408.84,14.62,21.61,553.18,2388.1,9047.75,1.3,47.59,521.61,2388.11,8132.3,8.4211,0.03,393,2388,100.0,38.84,23.2439
158,-0.0005,-0.0001,100.0,518.67,643.31,1606.6,1432.33,14.62,21.61,551.7,2388.28,9051.21,1.3,48.26,519.4,2388.31,8124.67,8.5327,0.03,396,2388,100.0,38.39,22.9915
293,0.0008,0.0004,100.0,518.67,642.87,1600.54,1424.81,14.62,21.61,551.94,2388.21,9074.38,1.3,48.07,520.09,2388.22,8147.04,8.4794,0.03,395,2388,100.0,38.44,23.0708
8,0.0008,0.0002,100.0,518.67,641.62,1587.61,1397.07,14.62,21.6,554.31,2388.03,9066.85,1.3,47.13,522.2,2387.94,8146.9,8.3724,0.03,388,2388,100.0,39.02,23.517
69,-0.0006,-0.0004,100.0,518.67,642.25,1582.72,1408.22,14.62,21.61,553.74,2388.15,9046.33,1.3,47.62,521.48,2388.13,8127.33,8.4343,0.03,393,2388,100.0,39.0,23.3121
84,0.0016,0.0004,100.0,518.67,642.47,1594.14,1407.82,14.62,21.61,552.3,2388.09,9051.21,1.3,47.58,521.19,2388.13,8124.38,8.4478,0.03,394,2388,100.0,38.73,23.1737
82,0.0019,-0.0002,100.0,518.67,642.48,1588.5,1410.57,14.62,21.61,552.88,2388.16,9047.64,1.3,47.66,521.26,2388.19,8119.97,8.461,0.03,394,2388,100.0,38.71,23.1779
139,-0.0012,-0.0002,100.0,518.67,642.94,1589.61,1405.22,14.62,21.61,553.67,2388.13,9067.38,1.3,47.67,521.26,2388.13,8139.95,8.4019,0.03,394,2388,100.0,38.86,23.2663
148,-0.0023,0.0004,100.0,518.67,642.86,1601.14,1416.22,14.62,21.61,552.95,2388.09,9090.25,1.3,47.64,520.84,2388.14,8166.46,8.4616,0.03,395,2388,100.0,38.66,23.2557
238,-0.0018,-0.0,100.0,518.67,643.13,1599.64,1413.73,14.62,21.61,552.98,2388.11,9072.97,1.3,47.52,521.34,2388.12,8152.62,8.4681,0.03,394,2388,100.0,38.67,23.1829
174,-0.0019,0.0005,100.0,518.67,642.6,1592.09,1406.54,14.62,21.61,553.45,2388.09,9067.65,1.3,47.66,521.42,2388.1,8141.86,8.455,0.03,395,2388,100.0,38.91,23.2458
145,0.0013,-0.0003,100.0,518.67,642.65,1588.8,1399.62,14.62,21.61,552.87,2388.07,9066.15,1.3,47.32,521.82,2388.05,8156.02,8.4433,0.03,392,2388,100.0,38.75,23.3843
102,0.0005,-0.0001,100.0,518.67,642.94,1591.15,1404.37,14.62,21.61,553.17,2388.11,9058.9,1.3,47.66,521.08,2388.08,8141.74,8.457,0.03,393,2388,100.0,38.76,23.2615
35,-0.002,-0.0004,100.0,518.67,642.22,1586.2,1401.04,14.62,21.61,554.52,2387.99,9061.93,1.3,47.37,522.26,2388.07,8149.02,8.4339,0.03,393,2388,100.0,38.93,23.2939
20,-0.0046,0.0002,100.0,518.67,642.51,1594.99,1408.83,14.62,21.61,554.35,2388.1,9039.13,1.3,47.4,521.04,2388.14,8127.74,8.4508,0.03,394,2388,100.0,38.78,23.2674
112,0.0016,0.0004,100.0,518.67,642.1,1584.36,1401.97,14.62,21.61,554.45,2388.09,9058.32,1.3,47.15,522.52,2387.99,8132.86,8.4058,0.03,392,2388,100.0,38.92,23.2664
120,0.0013,0.0003,100.0,518.67,643.3,1587.71,1412.17,14.62,21.61,552.88,2388.16,9053.9,1.3,47.81,520.74,2388.19,8133.24,8.4582,0.03,394,2388,100.0,38.68,23.2462
58,-0.0007,0.0005,100.0,518.67,642.04,1591.61,1399.05,14.62,21.61,553.38,2388.13,9056.05,1.3,47.55,521.42,2388.12,8131.85,8.3986,0.03,392,2388,100.0,38.74,23.2439
115,-0.0024,-0.0003,100.0,518.67,642.49,1592.47,1412.2,14.62,21.61,553.0,2388.09,9066.05,1.3,47.56,521.07,2388.09,8150.23,8.477,0.03,395,2388,100.0,38.7,23.3213
60,-0.0007,-0.0,100.0,518.67,642.49,1592.26,1409.02,14.62,21.61,553.5,2388.09,9051.9,1.3,47.57,521.67,2388.1,8129.06,8.435,0.03,392,2388,100.0,38.98,23.3491
203,-0.0042,-0.0005,100.0,518.67,643.16,1596.07,1418.08,14.62,21.61,551.99,2388.19,9061.17,1.3,47.89,520.66,2388.17,8136.8,8.4535,0.03,394,2388,100.0,38.67,23.2076
51,0.0009,0.0004,100.0,518.67,642.2,1581.49,1395.73,14.62,21.61,554.68,2388.05,9054.29,1.3,47.21,521.94,2387.99,8131.68,8.3834,0.03,392,2388,100.0,38.95,23.4952
109,-0.0008,-0.0004,100.0,518.67,643.16,1592.98,1402.06,14.62,21.61,552.92,2388.05,9068.55,1.3,47.62,521.45,2388.09,8144.44,8.4259,0.03,394,2388,100.0,38.75,23.2252
9,-0.001,0.0001,100.0,518.67,641.96,1575.2,1400.12,14.62,21.61,554.9,2387.96,9063.14,1.3,47.07,522.59,2387.97,8143.89,8.3744,0.03,392,2388,100.0,39.03,23.4635
25,-0.0001,0.0003,100.0,518.67,641.81,1587.24,1395.24,14.62,21.61,555.03,2388.05,9053.45,1.3,47.3,521.68,2387.98,8140.76,8.4043,0.03,392,2388,100.0,38.93,23.3552
147,-0.0007,-0.0,100.0,518.67,642.43,1587.0,1413.07,14.62,21.61,553.46,2388.09,9060.92,1.3,47.62,521.05,2388.14,8139.55,8.4426,0.03,394,2388,100.0,38.84,23.3304
140,0.0005,0.0002,100.0,518.67,643.67,1607.24,1416.8,14.62,21.61,551.62,2388.17,9039.95,1.3,48.06,520.41,2388.28,8122.45,8.5487,0.03,395,2388,100.0,38.6,23.1751
38,-0.0016,-0.0002,100.0,518.67,642.63,1597.49,1403.5,14.62,21.61,553.77,2388.12,9046.67,1.3,47.46,521.76,2388.05,8128.5,8.4338,0.03,393,2388,100.0,38.61,23.3469
108,0.0014,0.0004,100.0,518.67,642.24,1578.45,1396.25,14.62,21.61,554.29,2388.03,9056.31,1.3,47.23,522.27,2388.04,8136.72,8.3978,0.03,391,2388,100.0,38.75,23.4441
196,0.0002,-0.0002,100.0,518.67,643.37,1595.69,1415.41,14.62,21.61,552.72,2388.12,9087.8,1.3,47.88,520.1,2388.07,8167.99,8.4474,0.03,395,2388,100.0,38.64,23.2171
62,-0.0015,-0.0003,100.0,518.67,642.3,1587.58,1404.53,14.62,21.61,553.62,2388.06,9063.23,1.3,47.21,521.82,2388.08,8143.81,8.4003,0.03,393,2388,100.0,38.94,23.3958
104,-0.0019,0.0002,100.0,518.67,642.64,1588.09,1414.52,14.62,21.61,553.91,2388.03,9044.17,1.3,47.52,521.4,2388.07,8128.76,8.397,0.03,392,2388,100.0,38.82,23.3269
120,-0.0009,0.0002,100.0,518.67,642.77,1595.64,1414.42,14.62,21.61,552.66,2388.2,9055.5,1.3,47.93,520.48,2388.13,8137.1,8.4452,0.03,395,2388,100.0,38.79,23.2433
117,-0.0005,-0.0003,100.0,518.67,643.12,1589.98,1416.63,14.62,21.61,552.69,2388.13,9084.03,1.3,47.77,521.21,2388.08,8158.16,8.4526,0.03,396,2388,100.0,38.79,23.1676
43,0.0015,-0.0003,100.0,518.67,643.14,1588.53,1407.16,14.62,21.61,553.59,2388.05,9062.75,1.3,47.32,522.02,2388.1,8145.15,8.4206,0.03,391,2388,100.0,38.87,23.3472
106,0.0018,-0.0004,100.0,518.67,643.09,1597.25,1409.57,14.62,21.61,552.82,2388.15,9041.48,1.3,47.5,520.94,2388.17,8128.52,8.4269,0.03,393,2388,100.0,38.99,23.3442
251,0.0016,0.0003,100.0,518.67,642.33,1592.05,1410.23,14.62,21.61,553.41,2388.09,9059.4,1.3,47.35,520.61,2388.1,8135.89,8.495,0.03,392,2388,100.0,38.96,23.1695
45,-0.0021,-0.0004,100.0,518.67,642.65,1589.98,1405.61,14.62,21.61,553.94,2388.07,9049.95,1.3,47.65,521.67,2388.16,8142.23,8.4247,0.03,391,2388,100.0,38.62,23.2942
163,-0.0004,0.0005,100.0,518.67,642.32,1596.07,1406.53,14.62,21.61,552.36,2388.11,9110.58,1.3,47.63,521.28,2388.07,8184.93,8.491,0.03,395,2388,100.0,38.53,23.1546
83,0.0009,0.0002,100.0,518.67,642.47,1587.71,1406.15,14.62,21.61,553.21,2388.1,9062.17,1.3,47.66,521.02,2388.09,8143.73,8.4517,0.03,392,2388,100.0,38.77,23.3331
28,0.0021,-0.0002,100.0,518.67,643.11,1591.34,1409.8,14.62,21.61,553.32,2388.1,9057.05,1.3,47.69,521.05,2388.08,8133.88,8.4479,0.03,393,2388,100.0,38.81,23.3432
128,0.0009,0.0001,100.0,518.67,642.58,1590.97,1402.36,14.62,21.61,554.42,2388.02,9059.25,1.3,47.17,522.08,2388.08,8136.52,8.4376,0.03,391,2388,100.0,38.99,23.3748
188,0.0005,0.0003,100.0,518.67,642.57,1588.56,1406.95,14.62,21.61,553.33,2387.98,9084.07,1.3,47.37,521.78,2388.05,8163.75,8.4254,0.03,393,2388,100.0,38.89,23.3991
150,0.0023,0.0,100.0,518.67,642.93,1599.37,1425.59,14.62,21.61,552.29,2388.15,9091.2,1.3,47.87,520.45,2388.13,8159.81,8.4634,0.03,395,2388,100.0,38.73,23.2591
176,0.0019,0.0003,100.0,518.67,642.55,1586.65,1403.86,14.62,21.61,553.73,2388.06,9074.58,1.3,47.55,522.39,2388.02,8158.86,8.3991,0.03,394,2388,100.0,38.83,23.3538
72,-0.0039,-0.0003,100.0,518.67,642.58,1590.69,1403.56,14.62,21.61,553.17,2388.12,9054.62,1.3,47.45,521.15,2388.15,8138.33,8.4293,0.03,395,2388,100.0,38.93,23.22
105,0.0008,0.0002,100.0,518.67,642.66,1584.55,1400.37,14.62,21.61,554.01,2387.98,9056.1,1.3,47.44,522.56,2388.05,8146.23,8.3838,0.03,391,2388,100.0,38.88,23.3435
75,-0.0003,-0.0002,100.0,518.67,642.69,1583.72,1410.5,14.62,21.61,552.67,2388.23,9043.39,1.3,47.66,520.65,2388.19,8128.37,8.4528,0.03,391,2388,100.0,38.98,23.1768
193,0.0026,0.0003,100.0,518.67,644.01,1595.95,1427.62,14.62,21.61,551.86,2388.25,9052.23,1.3,48.2,519.28,2388.29,8126.56,8.5148,0.03,395,2388,100.0,38.44,22.9821
2,0.003,0.0003,100.0,518.67,642.6,1575.94,1401.33,14.62,21.61,555.05,2388.0,9065.97,1.3,47.14,522.29,2388.01,8146.92,8.3743,0.03,392,2388,100.0,39.01,23.5057
143,-0.001,0.0003,100.0,518.67,642.8,1590.27,1404.11,14.62,21.61,553.8,2388.08,9061.46,1.3,47.5,522.15,2388.11,8145.75,8.436,0.03,393,2388,100.0,38.98,23.2919
120,-0.0024,0.0005,100.0,518.67,642.81,1593.78,1407.68,14.62,21.61,553.66,2388.1,9048.72,1.3,47.6,521.34,2388.1,8125.57,8.4029,0.03,393,2388,100.0,38.81,23.3061
26,-0.0001,-0.0001,100.0,518.67,643.02,1586.54,1399.08,14.62,21.61,554.2,2388.08,9063.19,1.3,47.32,522.1,2388.04,8136.61,8.4336,0.03,393,2388,100.0,38.85,23.2809
124,-0.0012,0.0003,100.0,518.67,643.11,1602.74,1420.25,14.62,21.61,552.98,2388.17,9050.51,1.3,47.59,521.09,2388.17,8130.74,8.4259,0.03,393,2388,100.0,38.51,23.292
49,0.0024,-0.0001,100.0,518.67,642.17,1587.31,1392.92,14.62,21.61,554.13,2388.01,9067.32,1.3,47.33,522.2,2388.03,8144.5,8.4147,0.03,391,2388,100.0,38.88,23.417
132,0.0015,0.0004,100.0,518.67,642.62,1586.4,1402.99,14.62,21.61,554.25,2388.1,9052.84,1.3,47.4,521.96,2388.1,8136.91,8.4335,0.03,393,2388,100.0,38.71,23.3434
205,-0.0016,0.0001,100.0,518.67,642.66,1591.27,1398.64,14.62,21.61,552.91,2388.14,9063.49,1.3,47.45,521.8,2388.08,8140.2,8.417,0.03,394,2388,100.0,38.78,23.3015
11,-0.0012,-0.0004,100.0,518.67,642.33,1581.8,1400.58,14.62,21.61,553.61,2388.0,9067.61,1.3,47.16,522.75,2387.99,8144.65,8.3929,0.03,391,2388,100.0,39.08,23.4228
43,0.0015,0.0002,100.0,518.67,642.16,1581.26,1392.66,14.62,21.61,554.74,2388.02,9066.34,1.3,47.08,522.83,2387.97,8145.16,8.4012,0.03,391,2388,100.0,38.88,23.5104
100,0.0004,0.0,100.0,518.67,642.54,1579.7,1399.06,14.62,21.61,554.41,2388.05,9067.43,1.3,47.27,522.17,2388.01,8149.04,8.4108,0.03,391,2388,100.0,38.97,23.3886
16,-0.0009,0.0,100.0,518.67,642.02,1588.73,1398.9,14.62,21.6,555.16,2387.97,9066.42,1.3,47.17,521.96,2387.98,8141.08,8.4188,0.03,392,2388,100.0,39.29,23.3971
208,-0.0006,-0.0005,100.0,518.67,644.02,1598.2,1420.91,14.62,21.61,552.08,2388.16,9101.7,1.3,48.12,519.5,2388.19,8174.65,8.53,0.03,397,2388,100.0,38.57,23.1465
124,0.0003,-0.0005,100.0,518.67,642.82,1588.34,1411.5,14.62,21.61,553.4,2388.11,9062.02,1.3,47.6,520.98,2388.12,8146.12,8.4367,0.03,391,2388,100.0,38.89,23.4002
174,0.0008,0.0001,100.0,518.67,643.85,1605.95,1425.54,14.62,21.61,551.92,2388.17,9122.4,1.3,48.15,519.81,2388.08,8190.52,8.5081,0.03,396,2388,100.0,38.64,23.0226
75,-0.0042,0.0004,100.0,518.67,642.22,1586.21,1408.2,14.62,21.61,553.58,2388.09,9051.35,1.3,47.41,521.54,2388.04,8125.08,8.4118,0.03,392,2388,100.0,38.95,23.358
71,-0.0011,-0.0003,100.0,518.67,642.52,1595.32,1407.47,14.62,21.61,552.97,2388.09,9041.01,1.3,47.56,520.65,2388.16,8122.5,8.438,0.03,393,2388,100.0,38.66,23.2692
194,0.0014,-0.0004,100.0,518.67,643.31,1590.8,1414.56,14.62,21.61,553.76,2388.11,9065.31,1.3,47.5,521.16,2388.12,8144.41,8.4391,0.03,393,2388,100.0,38.64,23.3309
43,0.0002,-0.0004,100.0,518.67,642.84,1591.34,1401.74,14.62,21.61,553.68,2388.13,9064.24,1.3,47.38,521.49,2388.12,8149.36,8.4171,0.03,394,2388,100.0,38.79,23.3086
70,0.0006,-0.0002,100.0,518.67,642.5,1590.96,1408.9,14.62,21.61,553.18,2388.1,9056.14,1.3,47.45,520.96,2388.1,8141.09,8.4021,0.03,393,2388,100.0,38.81,23.3289
96,-0.0031,0.0005,100.0,518.67,642.61,1584.33,1402.66,14.62,21.61,553.99,2388.01,9068.1,1.3,47.26,521.85,2388.02,8152.2,8.4442,0.03,392,2388,100.0,38.89,23.2864
135,-0.0011,0.0004,100.0,518.67,642.4,1586.23,1406.88,14.62,21.61,553.7,2388.08,9063.64,1.3,47.59,521.17,2388.05,8147.33,8.434,0.03,392,2388,100.0,39.0,23.3914
156,-0.0013,0.0001,100.0,518.67,642.85,1599.96,1414.85,14.62,21.61,552.4,2388.1,9049.66,1.3,47.84,520.86,2388.13,8126.22,8.4336,0.03,395,2388,100.0,38.93,23.2228
185,-0.002,0.0004,100.0,518.67,642.66,1581.09,1407.11,14.62,21.61,554.53,2388.02,9059.27,1.3,47.23,522.22,2388.05,8143.76,8.42,0.03,392,2388,100.0,38.94,23.2801
111,-0.0008,-0.0002,100.0,518.67,642.93,1590.2,1412.92,14.62,21.61,552.56,2388.09,9054.03,1.3,47.57,521.1,2388.19,8136.64,8.4471,0.03,392,2388,100.0,38.82,23.2024
86,0.0013,-0.0003,100.0,518.67,642.01,1591.37,1398.48,14.62,21.61,554.57,2388.01,9060.09,1.3,47.48,522.5,2388.04,8145.86,8.4142,0.03,392,2388,100.0,38.76,23.4508
47,-0.0035,-0.0003,100.0,518.67,642.15,1591.57,1409.99,14.62,21.61,553.8,2388.02,9057.44,1.3,47.51,521.69,2388.08,8132.89,8.4093,0.03,393,2388,100.0,38.74,23.2122
42,-0.0042,0.0005,100.0,518.67,642.97,1594.0,1407.56,14.62,21.61,553.09,2388.09,9044.59,1.3,47.33,521.09,2388.1,8126.9,8.4573,0.03,394,2388,100.0,38.92,23.2672
110,-0.0001,-0.0004,100.0,518.67,643.13,1594.1,1410.86,14.62,21.61,553.41,2388.11,9078.58,1.3,47.53,520.8,2388.12,8152.88,8.4475,0.03,394,2388,100.0,38.68,23.2126
202,0.0012,0.0003,100.0,518.67,643.51,1597.68,1420.43,14.62,21.61,551.67,2388.33,9047.45,1.3,48.23,519.91,2388.27,8118.29,8.5039,0.03,394,2388,100.0,38.42,23.0226
97,0.0013,0.0001,100.0,518.67,642.81,1590.9,1410.68,14.62,21.61,553.65,2388.17,9046.47,1.3,47.65,521.16,2388.15,8130.88,8.4423,0.03,394,2388,100.0,38.56,23.2786
68,0.0011,0.0003,100.0,518.67,642.51,1589.72,1411.4,14.62,21.61,552.98,2388.1,9064.81,1.3,47.61,521.02,2388.09,8137.52,8.4487,0.03,394,2388,100.0,38.77,23.3572
19,0.0035,0.0003,100.0,518.67,642.68,1595.57,1412.68,14.62,21.61,552.84,2388.03,9066.34,1.3,47.49,521.27,2388.13,8137.56,8.432,0.03,394,2388,100.0,38.88,23.388
2,-0.0013,0.0004,100.0,518.67,642.27,1582.13,1404.54,14.62,21.61,553.22,2388.03,9043.88,1.3,47.25,521.39,2388.05,8120.15,8.3895,0.03,392,2388,100.0,38.81,23.23
110,-0.0015,-0.0004,100.0,518.67,642.48,1587.27,1409.06,14.62,21.61,552.4,2388.1,9065.38,1.3,47.5,520.74,2388.15,8135.98,8.4502,0.03,393,2388,100.0,38.94,23.2089
171,-0.0012,-0.0004,100.0,518.67,643.76,1594.54,1417.32,14.62,21.61,551.83,2388.24,9051.03,1.3,47.97,519.85,2388.21,8122.2,8.5299,0.03,395,2388,100.0,38.53,23.1127
134,0.0039,0.0003,100.0,518.67,642.57,1590.62,1410.79,14.62,21.61,553.95,2388.05,9065.4,1.3,47.53,521.06,2388.14,8151.04,8.4479,0.03,394,2388,100.0,38.6,23.2605
144,0.0045,-0.0002,100.0,518.67,642.45,1592.41,1405.23,14.62,21.61,553.39,2388.1,9065.14,1.3,47.53,521.6,2388.1,8138.21,8.4475,0.03,394,2388,100.0,38.7,23.384
87,-0.0,0.0003,100.0,518.67,643.47,1586.99,1400.07,14.62,21.61,552.83,2388.12,9047.61,1.3,47.48,521.45,2388.13,8134.19,8.4377,0.03,395,2388,100.0,38.85,23.2169
126,0.0007,0.0003,100.0,518.67,642.95,1594.87,1410.98,14.62,21.61,552.83,2388.12,9059.93,1.3,47.73,521.43,2388.11,8138.59,8.4747,0.03,395,2388,100.0,38.84,23.2334
147,-0.0013,-0.0002,100.0,518.67,642.68,1589.94,1408.84,14.62,21.61,553.91,2388.11,9073.7,1.3,47.38,521.46,2388.06,8148.28,8.4228,0.03,392,2388,100.0,38.91,23.3109
213,0.0014,0.0004,100.0,518.67,644.11,1606.6,1428.55,14.62,21.61,551.6,2388.56,9244.59,1.3,47.89,520.2,2388.54,8293.72,8.5306,0.03,397,2388,100.0,38.39,23.0958
4,0.0012,-0.0002,100.0,518.67,643.04,1587.25,1407.46,14.62,21.61,553.56,2388.06,9066.11,1.3,47.36,521.98,2388.03,8141.46,8.433,0.03,394,2388,100.0,38.8,23.333
142,0.0035,-0.0002,100.0,518.67,642.75,1585.17,1403.9,14.62,21.61,553.52,2388.08,9053.33,1.3,47.31,521.42,2388.13,8133.5,8.4139,0.03,393,2388,100.0,38.69,23.2168
17,0.0003,-0.0001,100.0,518.67,642.43,1583.58,1390.27,14.62,21.61,553.62,2388.04,9052.05,1.3,47.13,522.71,2388.08,8134.78,8.3714,0.03,391,2388,100.0,39.04,23.5245
202,-0.0024,-0.0001,100.0,518.67,642.82,1595.43,1416.12,14.62,21.61,553.2,2388.12,9100.5,1.3,47.66,520.75,2388.08,8174.1,8.4582,0.03,395,2388,100.0,38.84,23.2307
72,-0.001,-0.0,100.0,518.67,643.05,1595.28,1405.17,14.62,21.61,553.33,2388.14,9062.7,1.3,47.57,520.67,2388.11,8136.52,8.4708,0.03,394,2388,100.0,38.77,23.3511
113,0.0001,-0.0,100.0,518.67,642.7,1585.47,1411.99,14.62,21.61,553.64,2388.08,9072.59,1.3,47.43,521.64,2388.07,8153.86,8.4713,0.03,393,2388,100.0,38.75,23.2904
66,0.0021,-0.0001,100.0,518.67,642.41,1589.48,1397.56,14.62,21.61,553.22,2388.1,9065.71,1.3,47.21,521.9,2388.1,8145.15,8.4488,0.03,393,2388,100.0,38.93,23.4014
137,0.0001,0.0004,100.0,518.67,642.4,1586.21,1408.87,14.62,21.61,553.53,2388.04,9062.31,1.3,47.49,521.84,2388.08,8132.49,8.3908,0.03,391,2388,100.0,38.89,23.4165
217,-0.001,-0.0001,100.0,518.67,642.34,1598.51,1418.95,14.62,21.61,551.86,2388.22,9063.76,1.3,47.86,519.86,2388.19,8136.29,8.4928,0.03,394,2388,100.0,38.58,23.1679
141,0.0001,-0.0001,100.0,518.67,642.6,1594.96,1417.8,14.62,21.61,551.62,2388.14,9059.61,1.3,47.84,520.34,2388.15,8143.83,8.476,0.03,393,2388,100.0,38.55,23.2957
119,-0.0031,0.0002,100.0,518.67,642.41,1579.35,1402.17,14.62,21.61,553.31,2388.02,9047.77,1.3,47.17,521.81,2388.11,8138.43,8.4055,0.03,393,2388,100.0,38.99,23.2714
29,0.0009,0.0002,100.0,518.67,641.87,1589.61,1396.77,14.62,21.61,553.84,2387.98,9066.41,1.3,47.1,522.45,2387.99,8147.49,8.4041,0.03,392,2388,100.0,39.09,23.4955
109,0.0013,-0.0001,100.0,518.67,642.96,1577.68,1399.29,14.62,21.61,554.29,2388.02,9072.5,1.3,47.33,522.05,2388.02,8157.56,8.3975,0.03,392,2388,100.0,39.04,23.4283
139,-0.0007,-0.0003,100.0,518.67,642.94,1593.56,1413.54,14.62,21.61,552.82,2388.14,9079.32,1.3,47.59,521.52,2388.1,8148.55,8.4509,0.03,393,2388,100.0,38.73,23.2686
184,0.0007,0.0,100.0,518.67,643.06,1595.03,1415.14,14.62,21.61,551.38,2388.21,9055.46,1.3,47.83,520.1,2388.15,8134.33,8.4624,0.03,395,2388,100.0,38.64,23.2367
54,-0.0015,-0.0003,100.0,518.67,642.44,1582.24,1400.91,14.62,21.61,554.02,2388.05,9066.28,1.3,47.49,521.7,2388.05,8141.15,8.3712,0.03,392,2388,100.0,38.9,23.4548
21,0.0047,-0.0004,100.0,518.67,642.14,1580.79,1399.2,14.62,21.61,554.68,2388.01,9050.5,1.3,47.17,522.0,2388.0,8138.72,8.4168,0.03,391,2388,100.0,38.88,23.4053
167,0.0038,0.0006,100.0,518.67,642.92,1595.61,1415.52,14.62,21.61,552.31,2388.1,9108.1,1.3,47.55,520.58,2388.08,8180.29,8.4967,0.03,394,2388,100.0,38.58,23.135
72,0.0024,0.0003,100.0,518.67,642.79,1590.22,1412.92,14.62,21.61,553.02,2388.17,9044.54,1.3,47.55,521.07,2388.15,8122.73,8.4352,0.03,395,2388,100.0,38.8,23.255
192,0.0002,0.0,100.0,518.67,643.09,1589.98,1419.89,14.62,21.61,551.28,2388.18,9091.24,1.3,47.85,520.62,2388.16,8165.44,8.5243,0.03,394,2388,100.0,38.68,23.2388
4,-0.001,-0.0,100.0,518.67,642.42,1573.22,1397.74,14.62,21.61,554.93,2388.07,9072.7,1.3,47.19,522.71,2387.99,8148.23,8.39,0.03,393,2388,100.0,38.89,23.4847
127,-0.0009,0.0001,100.0,518.67,642.6,1581.37,1402.39,14.62,21.61,553.71,2388.04,9069.47,1.3,47.41,521.89,2388.03,8150.03,8.4232,0.03,392,2388,100.0,39.05,23.4135
36,-0.0,-0.0004,100.0,518.67,642.18,1588.19,1406.83,14.62,21.61,555.12,2387.96,9060.92,1.3,47.19,522.32,2388.03,8145.87,8.4161,0.03,390,2388,100.0,39.09,23.4132
103,-0.0001,-0.0004,100.0,518.67,642.82,1590.71,1402.73,14.62,21.61,554.17,2388.08,9061.15,1.3,47.45,522.03,2388.12,8137.52,8.4634,0.03,394,2388,100.0,38.96,23.3319
104,-0.0011,0.0004,100.0,518.67,642.48,1587.57,1405.24,14.62,21.61,552.98,2388.07,9060.15,1.3,47.44,521.13,2388.08,8135.93,8.4281,0.03,395,2388,100.0,39.01,23.3334
191,0.0036,0.0001,100.0,518.67,643.59,1600.14,1426.73,14.62,21.61,551.82,2388.22,9052.63,1.3,48.35,519.35,2388.23,8128.78,8.5289,0.03,396,2388,100.0,38.45,23.0965
22,-0.0033,0.0001,100.0,518.67,641.88,1588.12,1398.95,14.62,21.61,554.66,2388.0,9059.01,1.3,47.15,522.01,2387.98,8148.65,8.3869,0.03,393,2388,100.0,38.9,23.3644
81,0.0002,-0.0004,100.0,518.67,642.34,1592.02,1402.4,14.62,21.61,554.18,2388.1,9059.34,1.3,47.35,521.77,2388.07,8145.67,8.4605,0.03,392,2388,100.0,39.0,23.2933
38,0.0016,0.0002,100.0,518.67,642.59,1586.97,1404.17,14.62,21.61,554.53,2388.0,9066.04,1.3,47.52,521.89,2387.99,8143.47,8.4355,0.03,392,2388,100.0,38.74,23.376
227,-0.004,-0.0003,100.0,518.67,643.36,1603.48,1425.92,14.62,21.61,551.83,2388.23,9067.15,1.3,48.08,519.24,2388.19,8143.16,8.5272,0.03,395,2388,100.0,38.43,23.035
96,-0.0015,0.0003,100.0,518.67,642.18,1578.8,1406.96,14.62,21.61,554.08,2388.05,9059.77,1.3,47.36,521.8,2388.07,8137.86,8.4226,0.03,392,2388,100.0,38.9,23.3729
152,-0.001,0.0004,100.0,518.67,643.41,1594.81,1421.02,14.62,21.61,552.2,2388.2,9069.14,1.3,47.6,520.93,2388.19,8140.28,8.4759,0.03,396,2388,100.0,38.69,23.2067
36,0.0022,0.0005,100.0,518.67,641.41,1574.52,1398.33,14.62,21.61,554.14,2387.99,9052.62,1.3,47.23,522.34,2388.03,8141.16,8.4202,0.03,393,2388,100.0,38.96,23.3854
98,-0.0022,-0.0002,100.0,518.67,642.1,1587.49,1404.76,14.62,21.61,553.6,2388.11,9056.02,1.3,47.52,521.71,2388.12,8137.82,8.4383,0.03,393,2388,100.0,38.92,23.3486
34,0.0015,-0.0001,100.0,518.67,642.54,1581.47,1400.48,14.62,21.61,554.3,2388.03,9046.46,1.3,47.47,521.7,2388.09,8126.61,8.4349,0.03,392,2388,100.0,38.81,23.3092
173,0.0,-0.0001,100.0,518.67,643.2,1597.34,1418.31,14.62,21.61,552.04,2388.19,9062.75,1.3,47.76,520.3,2388.22,8146.35,8.4968,0.03,395,2388,100.0,38.64,23.0991
350,0.0023,0.0005,100.0,518.67,643.64,1601.57,1422.02,14.62,21.61,551.05,2388.27,9055.54,1.3,48.1,519.95,2388.26,8133.12,8.5011,0.03,395,2388,100.0,38.34,23.0312
138,0.0022,-0.0001,100.0,518.67,642.87,1595.57,1410.28,14.62,21.61,552.78,2388.16,9081.8,1.3,47.78,521.15,2388.09,8163.67,8.4557,0.03,393,2388,100.0,38.72,23.3655
128,0.0019,0.0,100.0,518.67,642.28,1585.67,1406.02,14.62,21.61,554.18,2388.04,9077.31,1.3,47.44,522.11,2387.96,8160.39,8.3935,0.03,391,2388,100.0,38.8,23.4026
85,0.0003,0.0003,100.0,518.67,642.62,1581.87,1403.94,14.62,21.61,553.91,2388.06,9054.86,1.3,47.16,521.67,2388.04,8141.73,8.4167,0.03,391,2388,100.0,38.86,23.3541
65,0.001,-0.0001,100.0,518.67,642.76,1595.39,1401.98,14.62,21.61,553.22,2388.11,9058.75,1.3,47.57,521.41,2388.12,8134.79,8.4194,0.03,394,2388,100.0,38.9,23.2343
139,-0.0022,-0.0001,100.0,518.67,642.64,1590.89,1407.71,14.62,21.61,552.73,2388.19,9040.27,1.3,47.82,520.44,2388.18,8121.29,8.4753,0.03,393,2388,100.0,38.7,23.3358
136,-0.0011,-0.0002,100.0,518.67,642.74,1588.33,1406.68,14.62,21.61,553.76,2387.98,9074.92,1.3,47.39,521.46,2388.04,8153.64,8.4401,0.03,392,2388,100.0,38.87,23.379
195,-0.0011,0.0,100.0,518.67,643.49,1607.92,1422.33,14.62,21.61,552.0,2388.16,9145.59,1.3,48.03,520.44,2388.16,8214.85,8.5399,0.03,396,2388,100.0,38.57,23.114
41,0.0008,-0.0003,100.0,518.67,642.79,1588.31,1403.61,14.62,21.61,553.97,2388.04,9061.91,1.3,47.18,522.33,2388.04,8146.4,8.409,0.03,393,2388,100.0,38.89,23.3984
182,0.0035,-0.0004,100.0,518.67,644.0,1596.51,1423.81,14.62,21.61,551.95,2388.32,9032.36,1.3,48.34,519.84,2388.35,8107.33,8.5167,0.03,396,2388,100.0,38.63,22.9966
202,-0.0011,-0.0003,100.0,518.67,642.7,1602.78,1416.46,14.62,21.61,552.67,2388.17,9050.38,1.3,47.72,520.75,2388.14,8129.53,8.472,0.03,393,2388,100.0,38.66,23.2345
161,0.0006,0.0001,100.0,518.67,642.34,1597.74,1410.86,14.62,21.61,552.82,2388.13,9065.37,1.3,47.66,520.99,2388.13,8142.22,8.4661,0.03,395,2388,100.0,38.73,23.206
64,0.0016,0.0002,100.0,518.67,642.51,1590.84,1408.74,14.62,21.61,553.32,2388.09,9061.42,1.3,47.45,522.39,2388.1,8143.87,8.4233,0.03,393,2388,100.0,39.03,23.4402
138,0.0038,0.0001,100.0,518.67,642.86,1594.96,1415.09,14.62,21.61,553.1,2388.13,9067.85,1.3,47.8,521.35,2388.11,8141.3,8.4807,0.03,393,2388,100.0,38.73,23.3304
117,0.0002,-0.0001,100.0,518.67,643.33,1588.5,1407.41,14.62,21.61,553.25,2388.15,9044.29,1.3,47.61,521.44,2388.19,8122.6,8.4479,0.03,394,2388,100.0,38.62,23.2458
155,0.0009,-0.0001,100.0,518.67,642.72,1597.17,1411.1,14.62,21.61,552.58,2388.08,9050.47,1.3,47.62,521.02,2388.17,8128.72,8.4733,0.03,393,2388,100.0,38.72,23.1678
62,0.0025,-0.0001,100.0,518.67,641.94,1581.42,1406.63,14.62,21.61,554.57,2388.01,9065.88,1.3,47.33,522.33,2388.01,8150.99,8.4145,0.03,390,2388,100.0,38.98,23.4888
133,-0.0014,0.0003,100.0,518.67,642.77,1584.87,1414.29,14.62,21.61,553.03,2388.14,9035.19,1.3,47.59,520.71,2388.17,8120.87,8.4524,0.03,394,2388,100.0,38.86,23.3481
162,0.003,0.0001,100.0,518.67,642.35,1584.18,1403.82,14.62,21.61,553.33,2388.09,9059.61,1.3,47.55,522.0,2388.05,8140.09,8.4127,0.03,393,2388,100.0,38.86,23.3498
107,-0.001,0.0,100.0,518.67,643.08,1592.71,1410.4,14.62,21.61,552.66,2388.14,9054.77,1.3,47.77,520.89,2388.08,8141.85,8.4657,0.03,393,2388,100.0,38.8,23.3389
86,0.0002,-0.0002,100.0,518.67,642.72,1585.99,1402.95,14.62,21.61,554.4,2387.95,9055.32,1.3,47.13,522.75,2388.04,8138.85,8.3908,0.03,391,2388,100.0,39.23,23.4651
88,0.0031,-0.0001,100.0,518.67,642.7,1595.19,1411.76,14.62,21.61,553.9,2388.14,9063.52,1.3,47.61,521.59,2388.01,8147.67,8.4243,0.03,393,2388,100.0,38.64,23.2514
164,-0.0005,0.0004,100.0,518.67,643.02,1595.72,1416.45,14.62,21.61,552.16,2388.17,9066.25,1.3,47.7,520.56,2388.13,8147.69,8.4315,0.03,395,2388,100.0,38.55,23.1115
172,-0.0016,-0.0004,100.0,518.67,643.24,1599.06,1424.99,14.62,21.61,552.09,2388.18,9076.53,1.3,48.05,519.91,2388.2,8150.06,8.5169,0.03,395,2388,100.0,38.44,23.0351
33,-0.0,0.0002,100.0,518.67,642.48,1588.69,1406.37,14.62,21.61,552.64,2388.1,9057.65,1.3,47.49,521.57,2388.11,8139.33,8.4294,0.03,394,2388,100.0,38.82,23.349
152,0.001,-0.0004,100.0,518.67,643.41,1602.53,1423.12,14.62,21.61,552.21,2388.16,9083.16,1.3,47.75,521.03,2388.13,8155.99,8.4771,0.03,393,2388,100.0,38.37,23.2615
35,-0.002,0.0004,100.0,518.67,642.47,1584.89,1394.36,14.62,21.61,554.48,2387.99,9060.66,1.3,47.18,522.44,2387.98,8147.2,8.4074,0.03,391,2388,100.0,38.84,23.398
57,-0.0006,-0.0004,100.0,518.67,642.48,1585.54,1397.4,14.62,21.61,554.06,2388.05,9064.91,1.3,47.05,521.74,2388.0,8149.0,8.4277,0.03,391,2388,100.0,39.15,23.4264
127,-0.0001,0.0002,100.0,518.67,642.82,1586.92,1404.85,14.62,21.61,554.1,2388.01,9059.17,1.3,47.38,521.85,2388.06,8136.73,8.4483,0.03,392,2388,100.0,38.78,23.3477
86,0.0003,0.0003,100.0,518.67,642.72,1595.44,1416.17,14.62,21.61,552.66,2388.12,9041.27,1.3,47.48,521.23,2388.18,8119.66,8.4256,0.03,393,2388,100.0,38.65,23.2822
136,0.0006,-0.0003,100.0,518.67,642.96,1592.63,1412.58,14.62,21.61,553.95,2388.13,9051.09,1.3,47.51,522.02,2388.11,8137.78,8.4203,0.03,394,2388,100.0,38.89,23.3974
95,0.0005,-0.0003,100.0,518.67,642.14,1583.63,1396.89,14.62,21.61,553.83,2387.99,9054.55,1.3,47.2,522.13,2388.04,8142.26,8.4077,0.03,392,2388,100.0,38.8,23.4486
112,0.0005,0.0003,100.0,518.67,642.66,1586.46,1401.84,14.62,21.61,553.19,2388.06,9051.28,1.3,47.22,521.9,2388.08,8131.52,8.4445,0.03,394,2388,100.0,38.84,23.3207
237,0.0007,-0.0003,100.0,518.67,642.98,1595.76,1411.47,14.62,21.61,552.41,2388.12,9072.52,1.3,47.6,521.02,2388.11,8146.88,8.4748,0.03,393,2388,100.0,38.81,23.2704
139,-0.0014,-0.0004,100.0,518.67,642.78,1597.03,1424.37,14.62,21.61,551.96,2388.23,9046.81,1.3,48.13,520.39,2388.27,8125.33,8.5068,0.03,397,2388,100.0,38.4,23.1321
71,-0.0014,0.0003,100.0,518.67,641.82,1590.96,1407.83,14.62,21.61,554.27,2388.03,9065.51,1.3,47.39,522.06,2388.01,8147.37,8.3736,0.03,391,2388,100.0,38.94,23.3084
85,-0.0018,0.0004,100.0,518.67,642.89,1591.05,1413.55,14.62,21.61,553.54,2388.07,9056.87,1.3,47.63,520.65,2388.1,8129.78,8.4192,0.03,394,2388,100.0,38.84,23.3886
7,0.0036,-0.0005,100.0,518.67,642.53,1586.86,1396.38,14.62,21.61,554.85,2387.95,9071.36,1.3,47.34,521.88,2388.03,8152.8,8.4094,0.03,392,2388,100.0,38.89,23.3565
184,-0.0044,-0.0003,100.0,518.67,642.32,1597.43,1411.04,14.62,21.61,553.02,2388.04,9141.55,1.3,47.67,521.17,2387.98,8212.66,8.4653,0.03,394,2388,100.0,38.91,23.2087
186,0.0031,0.0001,100.0,518.67,643.06,1602.98,1424.52,14.62,21.61,551.92,2388.22,9059.89,1.3,47.84,520.78,2388.23,8140.41,8.4667,0.03,395,2388,100.0,38.68,23.2366
132,0.0021,-0.0002,100.0,518.67,642.43,1591.74,1399.12,14.62,21.61,554.63,2388.02,9067.58,1.3,47.26,522.04,2387.98,8156.38,8.4106,0.03,391,2388,100.0,38.97,23.2871
141,0.0019,0.0,100.0,518.67,642.49,1582.17,1410.72,14.62,21.61,553.7,2388.13,9067.6,1.3,47.35,521.66,2388.04,8142.77,8.4567,0.03,393,2388,100.0,38.66,23.2886
98,-0.0034,0.0003,100.0,518.67,642.08,1592.72,1411.59,14.62,21.61,553.36,2388.1,9065.09,1.3,47.61,521.7,2388.08,8141.05,8.4297,0.03,394,2388,100.0,38.8,23.277
163,-0.0011,-0.0002,100.0,518.67,643.17,1594.13,1417.51,14.62,21.61,552.19,2388.13,9103.55,1.3,47.73,520.41,2388.18,8164.49,8.4827,0.03,393,2388,100.0,38.69,23.2238
19,0.0014,-0.0005,100.0,518.67,642.2,1582.16,1395.54,14.62,21.61,554.24,2387.99,9067.02,1.3,47.43,522.82,2387.98,8144.83,8.3767,0.03,390,2388,100.0,39.09,23.3073
149,0.0036,0.0002,100.0,518.67,642.69,1599.77,1412.64,14.62,21.61,552.79,2388.11,9093.92,1.3,47.62,521.31,2388.06,8168.73,8.401,0.03,394,2388,100.0,38.8,23.1392
185,-0.0001,-0.0002,100.0,518.67,643.17,1597.7,1414.48,14.62,21.61,553.27,2388.08,9065.69,1.3,47.49,521.03,2388.09,8150.15,8.4646,0.03,394,2388,100.0,38.68,23.1879
50,0.0035,0.0002,100.0,518.67,642.25,1581.7,1402.28,14.62,21.61,554.38,2388.04,9055.87,1.3,47.24,522.33,2388.05,8139.74,8.4052,0.03,392,2388,100.0,39.03,23.4292
111,-0.0015,-0.0003,100.0,518.67,642.15,1587.86,1408.81,14.62,21.61,553.13,2388.12,9053.95,1.3,47.48,521.46,2388.06,8133.85,8.4514,0.03,393,2388,100.0,38.9,23.2308
146,-0.002,0.0005,100.0,518.67,642.81,1591.98,1421.31,14.62,21.61,552.91,2388.18,9082.54,1.3,47.97,520.36,2388.13,8151.87,8.4752,0.03,395,2388,100.0,38.75,23.209
59,-0.0008,-0.0004,100.0,518.67,641.74,1581.71,1395.81,14.62,21.61,554.5,2387.97,9058.97,1.3,47.06,522.82,2388.0,8142.15,8.3883,0.03,393,2388,100.0,39.09,23.5788
16,0.0008,0.0005,100.0,518.67,642.84,1588.74,1412.99,14.62,21.61,553.04,2388.05,9049.55,1.3,47.57,521.96,2388.14,8135.66,8.4322,0.03,393,2388,100.0,38.77,23.3078
45,-0.0035,0.0004,100.0,518.67,642.91,1589.92,1412.98,14.62,21.61,553.39,2388.12,9058.56,1.3,47.4,521.36,2388.13,8132.16,8.442,0.03,393,2388,100.0,38.83,23.2619
65,0.0043,-0.0004,100.0,518.67,642.31,1581.73,1404.08,14.62,21.61,553.61,2388.06,9062.05,1.3,47.46,521.63,2388.07,8143.4,8.4314,0.03,394,2388,100.0,38.9,23.3583
200,0.0004,-0.0003,100.0,518.67,642.65,1594.92,1414.82,14.62,21.61,552.75,2388.03,9175.16,1.3,47.73,520.86,2388.05,8242.47,8.4732,0.03,395,2388,100.0,38.69,23.1436
105,0.0001,0.0004,100.0,518.67,642.35,1583.76,1401.92,14.62,21.61,554.37,2388.01,9079.02,1.3,47.3,522.04,2388.06,8153.23,8.3575,0.03,393,2388,100.0,38.92,23.3385
17,0.0008,-0.0004,100.0,518.67,642.37,1589.08,1407.9,14.62,21.61,553.72,2388.11,9068.36,1.3,47.42,521.66,2388.06,8144.04,8.423,0.03,394,2388,100.0,38.87,23.4141
68,0.0004,0.0001,100.0,518.67,641.59,1589.74,1404.45,14.62,21.61,555.52,2388.01,9068.51,1.3,47.41,522.61,2388.04,8154.12,8.4101,0.03,392,2388,100.0,38.82,23.4198
158,0.0006,0.0001,100.0,518.67,643.51,1584.41,1415.04,14.62,21.61,553.27,2388.0,9109.86,1.3,47.56,521.51,2388.08,8183.09,8.4939,0.03,395,2388,100.0,38.84,23.2273
114,-0.0028,-0.0004,100.0,518.67,643.17,1587.25,1413.51,14.62,21.61,552.65,2388.13,9052.93,1.3,47.62,521.0,2388.1,8140.75,8.4453,0.03,394,2388,100.0,38.83,23.2744
26,0.002,-0.0001,100.0,518.67,642.51,1590.05,1405.76,14.62,21.61,554.29,2388.06,9056.38,1.3,47.52,521.39,2388.07,8138.48,8.4391,0.03,392,2388,100.0,38.92,23.2505
16,-0.0002,-0.0004,100.0,518.67,642.27,1584.32,1405.75,14.62,21.61,554.6,2388.15,9047.89,1.3,47.36,521.79,2388.11,8133.82,8.4362,0.03,391,2388,100.0,38.95,23.383
164,0.0012,-0.0004,100.0,518.67,643.16,1599.94,1420.97,14.62,21.61,551.97,2388.19,9047.22,1.3,47.73,520.93,2388.23,8120.61,8.5169,0.03,393,2388,100.0,38.64,23.2416
168,0.0007,0.0002,100.0,518.67,643.59,1596.25,1429.19,14.62,21.61,551.27,2388.29,9055.55,1.3,48.18,519.01,2388.27,8125.62,8.5275,0.03,396,2388,100.0,38.52,23.1209
146,-0.0006,-0.0,100.0,518.67,642.52,1586.52,1409.07,14.62,21.61,552.55,2388.14,9044.99,1.3,47.37,520.81,2388.13,8125.74,8.4355,0.03,394,2388,100.0,38.72,23.2334
98,0.0019,0.0006,100.0,518.67,642.66,1587.25,1415.19,14.62,21.61,552.24,2388.11,9068.71,1.3,47.54,521.23,2388.1,8149.17,8.4804,0.03,393,2388,100.0,38.83,23.2497
36,0.0032,-0.0005,100.0,518.67,642.39,1584.89,1396.22,14.62,21.61,554.54,2388.01,9065.36,1.3,47.04,522.61,2387.97,8148.56,8.3573,0.03,391,2388,100.0,39.31,23.5103
165,-0.005,-0.0003,100.0,518.67,642.94,1602.91,1423.98,14.62,21.61,552.47,2388.12,9089.63,1.3,47.82,520.95,2388.19,8162.95,8.4769,0.03,395,2388,100.0,38.6,23.1424
12,0.0041,0.0002,100.0,518.67,642.55,1586.23,1402.49,14.62,21.61,553.5,2388.13,9045.61,1.3,47.67,521.16,2388.17,8123.72,8.4598,0.03,393,2388,100.0,38.87,23.2067
52,0.002,-0.0005,100.0,518.67,642.91,1591.23,1411.15,14.62,21.61,553.42,2388.19,9046.61,1.3,47.58,521.03,2388.15,8121.41,8.4327,0.03,394,2388,100.0,38.87,23.2967
70,-0.004,-0.0003,100.0,518.67,642.62,1589.57,1399.27,14.62,21.61,553.32,2388.01,9062.69,1.3,47.43,521.61,2388.06,8143.24,8.3892,0.03,394,2388,100.0,38.91,23.2446
19,-0.0011,0.0002,100.0,518.67,642.16,1587.96,1403.47,14.62,21.61,553.49,2388.11,9052.3,1.3,47.59,521.63,2388.07,8127.76,8.3961,0.03,392,2388,100.0,38.88,23.3028
1,0.0019,-0.0003,100.0,518.67,642.4,1584.27,1403.72,14.62,21.61,554.81,2387.99,9071.34,1.3,47.13,522.49,2387.95,8150.67,8.3918,0.03,391,2388,100.0,39.15,23.4142
205,-0.0021,0.0003,100.0,518.67,642.65,1586.59,1409.11,14.62,21.61,552.83,2388.07,9065.07,1.3,47.42,521.48,2388.09,8144.24,8.4298,0.03,393,2388,100.0,39.01,23.3266
191,0.0011,0.0,100.0,518.67,643.43,1602.96,1427.08,14.62,21.61,552.63,2388.13,9188.11,1.3,47.8,520.3,2388.11,8247.85,8.5371,0.03,396,2388,100.0,38.51,23.18
70,0.0006,0.0002,100.0,518.67,642.1,1585.79,1402.95,14.62,21.61,554.18,2388.0,9059.88,1.3,47.41,521.93,2388.11,8141.72,8.4135,0.03,392,2388,100.0,38.93,23.4091
137,0.0009,-0.0002,100.0,518.67,642.37,1587.97,1404.97,14.62,21.61,553.28,2388.1,9077.45,1.3,47.65,521.34,2388.04,8149.82,8.4408,0.03,392,2388,100.0,38.66,23.2344
99,-0.0003,0.0,100.0,518.67,642.58,1581.79,1404.53,14.62,21.61,554.34,2388.04,9070.58,1.3,47.34,522.16,2388.07,8152.69,8.4243,0.03,393,2388,100.0,38.86,23.3665
